sample_id,split,label,seq_len_text,seq_len_audio,seq_len_vision,text_feat_norm,audio_feat_norm,vision_feat_norm,text_dim,audio_dim,vision_dim,label_T,label_A,label_V
video_0018$_$0004,train,-1.0,39,400,55,128.96580505371094,1758.0592637746997,8688.335002720021,768,33,709,,,
video_0029$_$0010,train,-1.0,39,400,55,134.3096160888672,3964.6685792819844,244694444.84046546,768,33,709,,,
video_0038$_$0040,train,0.6,39,400,55,126.8686294555664,2708.9886491563916,7654.570009584942,768,33,709,,,
video_0032$_$0006,train,-0.2,39,400,55,132.5697784423828,5768.57745797495,13309.537650991395,768,33,709,,,
video_0025$_$0006,train,-1.0,39,400,55,126.7159194946289,2107.9088766587342,6276.6583392446255,768,33,709,,,
video_0051$_$0025,train,-1.0,39,400,55,124.7618408203125,4059.080729074401,12116.032016783483,768,33,709,,,
video_0053$_$0029,train,-1.0,39,400,55,128.04090881347656,4328.179034185724,10946.894424620454,768,33,709,,,
video_0001$_$0016,train,-1.0,39,400,55,135.57150268554688,4369.39748649013,14824.133453935652,768,33,709,,,
video_0058$_$0014,train,-1.0,39,400,55,127.73033905029297,2593.8812986425933,10618.651537335418,768,33,709,,,
video_0006$_$0006,train,-1.0,39,400,55,130.05853271484375,2837.0129587675433,9647.567883503572,768,33,709,,,
video_0056$_$0077,train,-1.0,39,400,55,125.1670150756836,3138.1919776361797,51375148.27189789,768,33,709,,,
video_0045$_$0096,train,-1.0,39,400,55,127.857421875,2619.7852115179876,9870.368641985031,768,33,709,,,
video_0047$_$0076,train,-0.2,39,400,55,136.53001403808594,5083.202287599322,13743.018027596987,768,33,709,,,
video_0027$_$0044,train,-1.0,39,400,55,130.13621520996094,3980.9253005032724,11670.978158273307,768,33,709,,,
video_0016$_$0010,train,-1.0,39,400,55,139.5446319580078,8384.628265887673,17294.49450328324,768,33,709,,,
video_0060$_$0006,train,0.0,39,400,55,131.2449188232422,3480.0133643570052,7931.117891921518,768,33,709,,,
video_0045$_$0063,train,0.4,39,400,55,131.05685424804688,2064.554352342668,10545.531689065288,768,33,709,,,
video_0047$_$0009,train,0.0,39,400,55,128.23675537109375,3382.685797731594,7269.849518962713,768,33,709,,,
video_0009$_$0034,train,-1.0,39,400,55,133.41152954101562,3031.6826326586847,10137.507494261656,768,33,709,,,
video_0040$_$0045,train,-0.8,39,400,55,129.4999237060547,3447.266003027104,7438.675474114274,768,33,709,,,
video_0057$_$0021,train,-1.0,39,400,55,141.26092529296875,3002.7250366741832,12857.00778259461,768,33,709,,,
video_0047$_$0034,train,-0.4,39,400,55,129.13180541992188,3678.818781121547,75298288.78306359,768,33,709,,,
video_0054$_$0013,train,0.6,39,400,55,135.11666870117188,4519.258298543386,11240.468668347694,768,33,709,,,
video_0025$_$0047,train,-0.2,39,400,55,140.95077514648438,5651.627091764825,13798.92509780298,768,33,709,,,
video_0007$_$0006,train,1.0,39,400,55,134.3552703857422,3855.9887422807365,11638.692622925866,768,33,709,,,
video_0054$_$0012,train,-1.0,39,400,55,132.6029052734375,4808.723645578298,11018.946128587126,768,33,709,,,
video_0032$_$0014,train,0.0,39,400,55,142.01560974121094,9749.869616674536,19460.960698581734,768,33,709,,,
video_0024$_$0042,train,-1.0,39,400,55,127.23068237304688,2567.2714624757664,7392.593785026802,768,33,709,,,
video_0002$_$0015,train,-0.2,39,400,55,128.85877990722656,5410.976464031355,12582.777325695959,768,33,709,,,
video_0045$_$0101,train,0.0,39,400,55,132.05517578125,3839.2169941335046,51375150.97559152,768,33,709,,,
video_0056$_$0033,train,1.0,39,400,55,127.23072052001953,2599.363532356208,7353.410284824221,768,33,709,,,
video_0031$_$0005,train,0.6,39,400,55,139.13316345214844,8234.183029735515,17061.105697246247,768,33,709,,,
video_0056$_$0075,train,-1.0,39,400,55,132.6470184326172,5396.326250965465,51375151.62071897,768,33,709,,,
video_0051$_$0002,train,0.6,39,400,55,127.6807861328125,2787.3445318579734,8655.01710987356,768,33,709,,,
video_0040$_$0033,train,-1.0,39,400,55,132.06251525878906,5142.5593471238535,51375150.67551565,768,33,709,,,
video_0046$_$0024,train,-0.6,39,400,55,145.5050811767578,3632.900369876715,16369.30593039772,768,33,709,,,
video_0058$_$0015,train,-1.0,39,400,55,125.91280364990234,2241.9268192738964,75298288.18962155,768,33,709,,,
video_0043$_$0063,train,0.0,39,400,55,129.98672485351562,4869.413591073948,11111.969343333127,768,33,709,,,
video_0016$_$0006,train,1.0,39,400,55,145.53482055664062,5594.448540725945,15546.225029846153,768,33,709,,,
video_0029$_$0009,train,0.2,39,400,55,132.96966552734375,2133.4094494020615,12143.364066555683,768,33,709,,,
video_0042$_$0004,train,-1.0,39,400,55,133.15475463867188,3538.4640572221897,12332.494343313907,768,33,709,,,
video_0054$_$0001,train,1.0,39,400,55,125.75574493408203,3402.2680207414573,8331.404749504793,768,33,709,,,
video_0029$_$0021,train,0.0,39,400,55,143.1878204345703,5947.203233821868,16066.64063211048,768,33,709,,,
video_0054$_$0015,train,1.0,39,400,55,127.26962280273438,3217.613058190977,8770.075042278815,768,33,709,,,
video_0051$_$0056,train,0.6,39,400,55,128.2727813720703,2299.168433629532,7892.632616060135,768,33,709,,,
video_0012$_$0019,train,0.4,39,400,55,132.82998657226562,6400.005010212594,13667.274664927878,768,33,709,,,
video_0015$_$0021,train,-1.0,39,400,55,130.4651641845703,3440.258637419232,10696.328688974094,768,33,709,,,
video_0046$_$0059,train,-0.8,39,400,55,138.02394104003906,3559.7175502630193,15009.217770606605,768,33,709,,,
video_0018$_$0010,train,0.0,39,400,55,131.72653198242188,3817.657947026038,12111.87512337354,768,33,709,,,
video_0014$_$0004,train,-0.6,39,400,55,132.40884399414062,5317.96874649811,14534.601180393276,768,33,709,,,
video_0030$_$0035,train,-1.0,39,400,55,131.9190216064453,5419.113966123862,14258.035362370156,768,33,709,,,
video_0037$_$0001,train,-0.2,39,400,55,127.48090362548828,5947.1840108297665,12941.908844466478,768,33,709,,,
video_0033$_$0003,train,0.2,39,400,55,135.4387969970703,4063.8739877961602,11988.424990486372,768,33,709,,,
video_0010$_$0035,train,-1.0,39,400,55,131.86361694335938,3241.3590414721643,11134.913811065664,768,33,709,,,
video_0034$_$0016,train,0.0,39,400,55,129.65769958496094,4865.061842757363,12272.970088640604,768,33,709,,,
video_0047$_$0083,train,-0.8,39,400,55,133.6888427734375,2830.5920389577173,9996.898414329587,768,33,709,,,
video_0025$_$0046,train,-0.4,39,400,55,133.41619873046875,6115.822128510323,12845.487576854975,768,33,709,,,
video_0009$_$0025,train,-0.8,39,400,55,132.83694458007812,2791.2526732535616,14358.451378902906,768,33,709,,,
video_0002$_$0019,train,0.2,39,400,55,127.32463836669922,4061.579367626459,13313.453997565372,768,33,709,,,
video_0010$_$0016,train,0.4,39,400,55,136.82424926757812,5046.899111250679,18172.873393661288,768,33,709,,,
video_0012$_$0010,train,-1.0,39,400,55,128.4575653076172,5761.867266003978,15278.999360205107,768,33,709,,,
video_0046$_$0057,train,-0.8,39,400,55,135.7906036376953,3294.7081098176886,12229.078535069582,768,33,709,,,
video_0056$_$0065,train,-0.4,39,400,55,128.7023468017578,3636.3517978371424,121092345.9410132,768,33,709,,,
video_0006$_$0009,train,1.0,39,400,55,130.0711212158203,2887.527302953398,11559.806153083502,768,33,709,,,
video_0034$_$0012,train,1.0,39,400,55,140.4007568359375,5261.900662076449,75298290.3394562,768,33,709,,,
video_0024$_$0102,train,-0.4,39,400,55,138.142822265625,2124.081107435804,11529.433963511532,768,33,709,,,
video_0022$_$0016,train,-0.6,39,400,55,130.38803100585938,7073.967925982148,14141.105543083697,768,33,709,,,
video_0016$_$0011,train,-1.0,39,400,55,131.46603393554688,6185.2869114552905,14194.612123583063,768,33,709,,,
video_0053$_$0017,train,0.2,39,400,55,138.6648406982422,5413.483346031895,15689.821784765465,768,33,709,,,
video_0038$_$0038,train,-0.4,39,400,55,127.47134399414062,3110.172456207688,51375150.040976815,768,33,709,,,
video_0052$_$0024,train,0.0,39,400,55,134.6278076171875,5624.217866836876,14175.422170550442,768,33,709,,,
video_0025$_$0010,train,-1.0,39,400,55,128.5912322998047,3909.2126452371695,92749682.60581625,768,33,709,,,
video_0053$_$0009,train,-1.0,39,400,55,130.49185180664062,3475.0745966918253,9914.200295341523,768,33,709,,,
video_0057$_$0020,train,-1.0,39,400,55,135.20455932617188,2888.036628480217,10689.817243934229,768,33,709,,,
video_0044$_$0005,train,0.2,39,400,55,136.98838806152344,4605.261522623824,15236.884320655961,768,33,709,,,
video_0023$_$0018,train,0.0,39,400,55,130.80906677246094,6417.639825581361,15372.253886466891,768,33,709,,,
video_0050$_$0011,train,1.0,39,400,55,128.51866149902344,3650.6476375719235,10125.704643604324,768,33,709,,,
video_0013$_$0019,train,-1.0,39,400,55,133.2864227294922,3005.2459720231045,9930.083894975987,768,33,709,,,
video_0045$_$0024,train,0.0,39,400,55,129.75201416015625,2910.0655993647683,10792.57468023997,768,33,709,,,
video_0057$_$0010,train,-0.6,39,400,55,132.0498504638672,2984.741180360715,8303.931969359686,768,33,709,,,
video_0030$_$0001,train,0.4,39,400,55,128.45437622070312,5066.8527185051025,12096.631700937764,768,33,709,,,
video_0054$_$0115,train,-1.0,39,400,55,126.58971405029297,2081.4195543248743,104869047.78877088,768,33,709,,,
video_0032$_$0010,train,-1.0,39,400,55,127.52165222167969,4216.381411552808,9451.932010440882,768,33,709,,,
video_0013$_$0006,train,-1.0,39,400,55,134.36427307128906,3002.8697416212603,11496.833002477595,768,33,709,,,
video_0046$_$0006,train,0.0,39,400,55,134.3084716796875,2271.157355224243,10902.790562111633,768,33,709,,,
video_0026$_$0006,train,-0.4,39,400,55,138.97813415527344,7786.2120096299495,15201.962535681345,768,33,709,,,
video_0026$_$0004,train,-1.0,39,400,55,141.75111389160156,7808.670926042924,16272.27014950044,768,33,709,,,
video_0026$_$0023,train,0.0,39,400,55,126.50834655761719,5503.006561629682,14113.760599936808,768,33,709,,,
video_0012$_$0006,train,-1.0,39,400,55,128.0607147216797,3401.232684985328,8519.716223848192,768,33,709,,,
video_0054$_$0105,train,-1.0,39,400,55,126.8525390625,3693.913710712105,7943.485699031872,768,33,709,,,
video_0042$_$0014,train,-0.2,39,400,55,127.94334411621094,4317.959068717258,9204.323450211501,768,33,709,,,
video_0018$_$0012,train,-1.0,39,400,55,131.19337463378906,3881.6899326416737,11490.980745878405,768,33,709,,,
video_0013$_$0013,train,-0.4,39,400,55,125.78172302246094,1209.4440618125784,7451.929502717332,768,33,709,,,
video_0054$_$0152,train,-0.8,39,400,55,133.74208068847656,4126.2572938512,13115.038298917774,768,33,709,,,
video_0031$_$0018,train,-1.0,39,400,55,125.52105712890625,4654.670394517975,8776.723660543083,768,33,709,,,
video_0034$_$0018,train,-1.0,39,400,55,130.08221435546875,4386.963851836403,10192.001024531077,768,33,709,,,
video_0023$_$0062,train,0.6,39,400,55,135.0527801513672,9377.511824596406,16730.625365808693,768,33,709,,,
video_0005$_$0017,train,-1.0,39,400,55,127.13091278076172,2390.119028797424,7844.506911513047,768,33,709,,,
video_0019$_$0005,train,0.8,39,400,55,127.2383041381836,3742.11484686652,9231.193849753836,768,33,709,,,
video_0032$_$0017,train,-0.2,39,400,55,134.3186492919922,5334.602885008355,11540.905633017192,768,33,709,,,
video_0002$_$0038,train,-1.0,39,400,55,131.98593139648438,7345.422987177602,15495.533972063306,768,33,709,,,
video_0016$_$0026,train,1.0,39,400,55,135.8815155029297,5122.158659102009,15154.796184793526,768,33,709,,,
video_0031$_$0011,train,0.6,39,400,55,134.48709106445312,6117.818947703115,12095.273861756272,768,33,709,,,
video_0027$_$0038,train,1.0,39,400,55,134.01438903808594,6083.93280450521,14990.893193095972,768,33,709,,,
video_0016$_$0032,train,-1.0,39,400,55,137.36984252929688,8845.427815819712,18550.794264354066,768,33,709,,,
video_0030$_$0018,train,0.0,39,400,55,132.54307556152344,6848.427135150409,15162.522536234432,768,33,709,,,
video_0030$_$0013,train,0.6,39,400,55,135.99404907226562,5011.19239723666,15165.583561729702,768,33,709,,,
video_0028$_$0021,train,0.0,39,400,55,133.09835815429688,5397.396546279413,12891.543220599297,768,33,709,,,
video_0008$_$0012,train,-0.8,39,400,55,135.07684326171875,3510.902017090419,12707.808713757608,768,33,709,,,
video_0016$_$0042,train,-1.0,39,400,55,127.70350646972656,3062.5771487225884,8002.26040675999,768,33,709,,,
video_0017$_$0002,train,-0.6,39,400,55,135.0120849609375,4117.259705982135,12920.741889254432,768,33,709,,,
video_0012$_$0035,train,-0.2,39,400,55,134.16458129882812,5336.11535096435,12553.63999002868,768,33,709,,,
video_0024$_$0030,train,0.0,39,400,55,131.07261657714844,2851.9461920731337,7879.761093546426,768,33,709,,,
video_0010$_$0024,train,0.6,39,400,55,132.44900512695312,3061.1213715417152,9779.164643937731,768,33,709,,,
video_0027$_$0022,train,-1.0,39,400,55,130.21890258789062,4990.0988642129805,11911.073768568007,768,33,709,,,
video_0017$_$0009,train,-0.8,39,400,55,128.06092834472656,3105.5725283013526,10582.098855918497,768,33,709,,,
video_0027$_$0049,train,1.0,39,400,55,132.70132446289062,4325.176933047957,10636.329910714883,768,33,709,,,
video_0012$_$0005,train,-1.0,39,400,55,126.57069396972656,3553.7323779561043,9733.364177241456,768,33,709,,,
video_0032$_$0023,train,-0.4,39,400,55,126.714599609375,5302.06325373543,11997.984958040091,768,33,709,,,
video_0051$_$0026,train,-0.6,39,400,55,125.5285415649414,3202.2894979501384,10334.781688537832,768,33,709,,,
video_0028$_$0015,train,0.6,39,400,55,130.21449279785156,4924.297893784592,11176.107676772086,768,33,709,,,
video_0017$_$0006,train,-1.0,39,400,55,138.31475830078125,6714.47080094534,18776.644517117067,768,33,709,,,
video_0009$_$0009,train,-0.6,39,400,55,135.7580108642578,3166.7623308938228,13237.052414502843,768,33,709,,,
video_0009$_$0012,train,-0.6,39,400,55,135.585205078125,3602.1274067576883,13401.440010143779,768,33,709,,,
video_0046$_$0041,train,0.6,39,400,55,139.1757049560547,3457.9792724249105,15663.385263071768,768,33,709,,,
video_0037$_$0020,train,-1.0,39,400,55,126.97676849365234,4086.074473731117,7695.737722350465,768,33,709,,,
video_0045$_$0073,train,0.4,39,400,55,132.35797119140625,3626.1033939932895,12985.061971031993,768,33,709,,,
video_0060$_$0035,train,-1.0,39,400,55,130.17071533203125,3242.179968263939,9489.008806540814,768,33,709,,,
video_0043$_$0040,train,-0.2,39,400,55,128.8377685546875,3516.146970592005,7893.39578758205,768,33,709,,,
video_0022$_$0005,train,-0.2,39,400,55,132.46908569335938,3914.327067833953,9593.722254382363,768,33,709,,,
video_0015$_$0037,train,0.0,39,400,55,139.38719177246094,7408.946420721844,16432.67510703088,768,33,709,,,
video_0057$_$0012,train,0.6,39,400,55,131.28121948242188,3634.4977603465313,9894.250310123749,768,33,709,,,
video_0053$_$0005,train,-0.2,39,400,55,134.65289306640625,4891.853482281141,12572.560641532757,768,33,709,,,
video_0048$_$0007,train,-1.0,39,400,55,134.97096252441406,4510.1771748288975,12335.79673729748,768,33,709,,,
video_0038$_$0013,train,0.0,39,400,55,129.17999267578125,3098.389840513673,10998.984067489755,768,33,709,,,
video_0054$_$0084,train,0.4,39,400,55,139.7944793701172,7467.818578908691,17266.984454751364,768,33,709,,,
video_0047$_$0077,train,-1.0,39,400,55,133.88467407226562,3849.7287713379415,10440.105466144922,768,33,709,,,
video_0010$_$0019,train,-1.0,39,400,55,129.82452392578125,3567.0475831697436,10104.491362267667,768,33,709,,,
video_0016$_$0035,train,-1.0,39,400,55,131.6617431640625,3771.886919555818,10504.00040972463,768,33,709,,,
video_0056$_$0042,train,0.2,39,400,55,123.5018539428711,3874.369558547884,7850.579349301441,768,33,709,,,
video_0031$_$0032,train,0.2,39,400,55,128.0268096923828,6923.235363911657,12694.10156274097,768,33,709,,,
video_0038$_$0017,train,0.6,39,400,55,131.78170776367188,3960.113773898421,13478.90029990419,768,33,709,,,
video_0040$_$0044,train,-0.4,39,400,55,128.39901733398438,5206.190342632938,10800.544636604744,768,33,709,,,
video_0047$_$0026,train,-0.8,39,400,55,124.7021484375,3495.6695774039827,6207.460792170779,768,33,709,,,
video_0054$_$0055,train,0.6,39,400,55,130.7304229736328,4197.155671059752,9406.53031699615,768,33,709,,,
video_0025$_$0016,train,0.6,39,400,55,134.53372192382812,7139.938318673815,18633.90867007737,768,33,709,,,
video_0019$_$0009,train,-1.0,39,400,55,134.9758758544922,7530.4354107099,18522.57007888064,768,33,709,,,
video_0046$_$0016,train,0.8,39,400,55,140.1253662109375,2479.749138532594,12589.258807880522,768,33,709,,,
video_0027$_$0040,train,1.0,39,400,55,130.07679748535156,4981.9810777502535,12225.99721501249,768,33,709,,,
video_0054$_$0005,train,1.0,39,400,55,131.4578094482422,3145.8869384853533,7921.125915596531,768,33,709,,,
video_0039$_$0007,train,0.6,39,400,55,135.0297393798828,5043.124431203048,14345.269959649517,768,33,709,,,
video_0009$_$0023,train,-1.0,39,400,55,133.7403106689453,2525.498166397667,8817.946767631736,768,33,709,,,
video_0022$_$0004,train,0.0,39,400,55,128.03872680664062,5888.432326822059,11747.607805620604,768,33,709,,,
video_0013$_$0008,train,-1.0,39,400,55,132.93899536132812,2821.766068228992,11763.866731493043,768,33,709,,,
video_0047$_$0012,train,0.0,39,400,55,138.58595275878906,5929.162777884731,15370.071765812587,768,33,709,,,
video_0009$_$0026,train,-1.0,39,400,55,133.50096130371094,3468.7478698952095,14298.74895182925,768,33,709,,,
video_0041$_$0001,train,-0.2,39,400,55,137.64175415039062,5706.421171101534,16123.188174170657,768,33,709,,,
video_0049$_$0004,train,-0.8,39,400,55,134.09300231933594,4215.9670610500325,12397.847581746548,768,33,709,,,
video_0024$_$0033,train,-1.0,39,400,55,134.6863250732422,5955.232732367883,12666.827567063412,768,33,709,,,
video_0043$_$0025,train,-0.8,39,400,55,135.85877990722656,4704.043940936749,14121.383656955923,768,33,709,,,
video_0027$_$0001,train,0.8,39,400,55,132.21383666992188,3409.903648245838,11232.554081199485,768,33,709,,,
video_0037$_$0023,train,1.0,39,400,55,131.07998657226562,9354.590484618535,17015.620570452418,768,33,709,,,
video_0040$_$0036,train,-0.2,39,400,55,130.89797973632812,4463.577993661056,8896.863212214736,768,33,709,,,
video_0053$_$0059,train,-1.0,39,400,55,128.378173828125,1838.0072849852752,7948.880769648302,768,33,709,,,
video_0015$_$0034,train,-1.0,39,400,55,124.79686737060547,1901.6210436039619,7043.694868576723,768,33,709,,,
video_0026$_$0017,train,-0.6,39,400,55,136.74932861328125,9870.987516511617,18593.903881805807,768,33,709,,,
video_0024$_$0053,train,-1.0,39,400,55,127.13703155517578,3123.1801002093957,7985.795633936425,768,33,709,,,
video_0013$_$0025,train,-1.0,39,400,55,127.7957763671875,2505.9723731819918,9531.746197921362,768,33,709,,,
video_0036$_$0001,train,-1.0,39,400,55,130.94476318359375,4141.524837958344,75298289.60219467,768,33,709,,,
video_0054$_$0161,train,-1.0,39,400,55,125.79139709472656,2123.5931262531913,6358.680855363596,768,33,709,,,
video_0027$_$0043,train,-1.0,39,400,55,131.53704833984375,5180.832209253288,17690.400031732966,768,33,709,,,
video_0023$_$0057,train,1.0,39,400,55,131.87730407714844,3945.601990723091,51375149.30224444,768,33,709,,,
video_0025$_$0054,train,-1.0,39,400,55,131.80641174316406,6357.090125165031,13695.816263391362,768,33,709,,,
video_0051$_$0062,train,-1.0,39,400,55,134.59600830078125,4063.912590659503,14395.00857295126,768,33,709,,,
video_0011$_$0014,train,0.0,39,400,55,126.79342651367188,2701.0263205666206,8148.643222675594,768,33,709,,,
video_0055$_$0011,train,-0.8,39,400,55,128.4193878173828,1748.8038954474187,51375147.507468134,768,33,709,,,
video_0056$_$0039,train,-0.4,39,400,55,128.73545837402344,3982.5898536041336,8313.415102012648,768,33,709,,,
video_0059$_$0014,train,-0.8,39,400,55,134.02854919433594,3193.4357646991925,11524.779514397915,768,33,709,,,
video_0024$_$0044,train,1.0,39,400,55,132.70521545410156,5344.3536998313975,15477.278418905062,768,33,709,,,
video_0025$_$0034,train,-0.4,39,400,55,126.16606140136719,2737.9977949391673,6364.753741961737,768,33,709,,,
video_0012$_$0022,train,-1.0,39,400,55,125.68466186523438,2646.3215793181344,8835.071648921143,768,33,709,,,
video_0030$_$0021,train,1.0,39,400,55,127.23576354980469,4434.349062443545,9128.22755297532,768,33,709,,,
video_0041$_$0015,train,-1.0,39,400,55,135.1134796142578,4112.147977804354,12623.326914721822,768,33,709,,,
video_0053$_$0031,train,-1.0,39,400,55,131.25698852539062,4556.681073984485,11509.1728170584,768,33,709,,,
video_0036$_$0022,train,0.0,39,400,55,136.9071502685547,8079.884279582902,249638266.38431576,768,33,709,,,
video_0009$_$0001,train,1.0,39,400,55,129.76585388183594,3143.5719346913224,10401.891519316838,768,33,709,,,
video_0052$_$0028,train,0.8,39,400,55,134.78189086914062,2849.7239611377777,11967.335844391537,768,33,709,,,
video_0015$_$0009,train,-0.6,39,400,55,129.55239868164062,3856.577593757571,9787.843698940615,768,33,709,,,
video_0055$_$0001,train,0.4,39,400,55,130.3534698486328,1400.7635289120615,10503.204288232213,768,33,709,,,
video_0053$_$0020,train,-0.6,39,400,55,134.29534912109375,5825.688410586515,14158.204172069654,768,33,709,,,
video_0008$_$0008,train,1.0,39,400,55,126.24964141845703,4011.768266543375,34956349.262923636,768,33,709,,,
video_0037$_$0004,train,-1.0,39,400,55,135.13145446777344,4629.707320309686,13749.099918341231,768,33,709,,,
video_0035$_$0029,train,-1.0,39,400,55,126.17508697509766,5267.2573342392925,13218.578427940147,768,33,709,,,
video_0022$_$0012,train,0.6,39,400,55,139.14047241210938,7081.670230623026,13383.213251404155,768,33,709,,,
video_0056$_$0070,train,-1.0,39,400,55,128.72621154785156,2681.6960631818347,9004.271274579063,768,33,709,,,
video_0030$_$0014,train,1.0,39,400,55,128.86988830566406,3314.310462234062,51375147.88143988,768,33,709,,,
video_0031$_$0017,train,0.0,39,400,55,131.12973022460938,8832.011111161351,14820.304138907053,768,33,709,,,
video_0029$_$0006,train,-1.0,39,400,55,129.1746368408203,2441.344902355185,9613.089134420794,768,33,709,,,
video_0009$_$0002,train,-0.4,39,400,55,131.5620880126953,2118.46947120662,8873.985729658483,768,33,709,,,
video_0016$_$0046,train,0.8,39,400,55,136.7185516357422,7451.008239363766,51375148.85820982,768,33,709,,,
video_0045$_$0027,train,0.0,39,400,55,128.67593383789062,2197.2447582036234,8658.186460809853,768,33,709,,,
video_0030$_$0030,train,-1.0,39,400,55,133.67457580566406,7100.258505383484,75298291.93858154,768,33,709,,,
video_0054$_$0003,train,1.0,39,400,55,127.1161880493164,3809.335748669681,9898.993091024058,768,33,709,,,
video_0011$_$0029,train,1.0,39,400,55,133.69354248046875,4470.040693081646,11751.56096235235,768,33,709,,,
video_0025$_$0015,train,-1.0,39,400,55,129.24288940429688,2522.5200804582887,6021.641448299277,768,33,709,,,
video_0011$_$0002,train,1.0,39,400,55,128.1934051513672,3154.8728272366993,9703.521741735232,768,33,709,,,
video_0045$_$0016,train,1.0,39,400,55,139.8515625,4934.156911787158,14886.222519330378,768,33,709,,,
video_0003$_$0003,train,-1.0,39,400,55,130.82420349121094,6236.071060681075,12045.443323497071,768,33,709,,,
video_0043$_$0007,train,-0.2,39,400,55,142.8447723388672,6788.17676128886,15261.480125705168,768,33,709,,,
video_0046$_$0062,train,0.4,39,400,55,142.8918914794922,3731.6210378952733,13205.778316550804,768,33,709,,,
video_0024$_$0071,train,-1.0,39,400,55,133.58932495117188,3142.8102510813546,9451.384192676504,768,33,709,,,
video_0047$_$0043,train,-0.8,39,400,55,127.89086151123047,2799.2715550900757,8163.724031164779,768,33,709,,,
video_0024$_$0065,train,-0.2,39,400,55,131.06727600097656,4746.662336291322,14164.699607311883,768,33,709,,,
video_0022$_$0011,train,0.6,39,400,55,141.4174346923828,7803.023556654908,106945874.11505589,768,33,709,,,
video_0047$_$0023,train,0.0,39,400,55,127.60701751708984,3267.245034628478,7809.9429545905705,768,33,709,,,
video_0018$_$0001,train,-1.0,39,400,55,125.50634002685547,1479.7229742051884,8546.70703627639,768,33,709,,,
video_0041$_$0027,train,-1.0,39,400,55,131.92913818359375,5725.257891833208,17240.834581825828,768,33,709,,,
video_0024$_$0057,train,-0.2,39,400,55,128.38108825683594,2394.316815732658,6751.4008688210915,768,33,709,,,
video_0002$_$0011,train,-1.0,39,400,55,131.77386474609375,3878.9105447552015,9137.033102086774,768,33,709,,,
video_0055$_$0022,train,0.2,39,400,55,131.3137664794922,2206.3766339879535,7506.712860166461,768,33,709,,,
video_0049$_$0009,train,0.6,39,400,55,131.4552001953125,5790.800196535811,13129.19447994652,768,33,709,,,
video_0011$_$0008,train,0.8,39,400,55,128.51486206054688,2903.594978937871,10513.479008959015,768,33,709,,,
video_0045$_$0020,train,0.8,39,400,55,138.0209197998047,5483.645974486027,14917.696849158638,768,33,709,,,
video_0053$_$0023,train,0.0,39,400,55,141.3091583251953,6179.27133657434,16929.651412198207,768,33,709,,,
video_0056$_$0085,train,0.0,39,400,55,131.02566528320312,7005.190406205778,12100.826087618907,768,33,709,,,
video_0001$_$0004,train,-1.0,39,400,55,126.9803695678711,5081.288982147547,13563.855876553967,768,33,709,,,
video_0034$_$0005,train,-1.0,39,400,55,139.32852172851562,5791.534835041872,17855.144590140048,768,33,709,,,
video_0056$_$0044,train,0.0,39,400,55,130.06675720214844,4272.678359172012,9426.444091136336,768,33,709,,,
video_0054$_$0044,train,0.0,39,400,55,131.3820037841797,3707.850574585097,12098.836340543096,768,33,709,,,
video_0051$_$0011,train,0.0,39,400,55,131.9012451171875,3523.4889692270976,11564.855148203822,768,33,709,,,
video_0027$_$0020,train,-1.0,39,400,55,127.38197326660156,4600.388132780541,9392.212019834542,768,33,709,,,
video_0056$_$0053,train,0.8,39,400,55,129.2725067138672,6327.892836299974,10322.530339657043,768,33,709,,,
video_0024$_$0066,train,-1.0,39,400,55,129.66932678222656,3862.870139817499,11730.071582145469,768,33,709,,,
video_0036$_$0032,train,-1.0,39,400,55,132.9601287841797,6027.06314449643,16183.263608828212,768,33,709,,,
video_0046$_$0043,train,-0.6,39,400,55,140.0828857421875,2501.5072491796277,12158.464320004836,768,33,709,,,
video_0030$_$0017,train,0.2,39,400,55,134.2083740234375,5507.831367190064,14631.285076870481,768,33,709,,,
video_0046$_$0029,train,-1.0,39,400,55,134.0426025390625,4527.204467191981,18745.1294059025,768,33,709,,,
video_0043$_$0003,train,-0.4,39,400,55,139.9674530029297,4711.083720912344,16190.475067504769,768,33,709,,,
video_0047$_$0055,train,0.0,39,400,55,131.18270874023438,4367.323198114875,11124.454523740453,768,33,709,,,
video_0045$_$0065,train,0.0,39,400,55,130.34600830078125,3628.634372569802,11969.2028768759,768,33,709,,,
video_0015$_$0032,train,-0.4,39,400,55,132.57489013671875,3483.012123052135,11635.635524090952,768,33,709,,,
video_0035$_$0017,train,0.0,39,400,55,126.02438354492188,5247.432742543714,3264.5733370168155,768,33,709,,,
video_0055$_$0029,train,0.6,39,400,55,128.63157653808594,2974.38765185496,8583.505273883178,768,33,709,,,
video_0047$_$0001,train,0.8,39,400,55,126.51753997802734,3646.707008360135,8474.618971521337,768,33,709,,,
video_0059$_$0008,train,-1.0,39,400,55,132.7662811279297,1919.5195375471203,51375149.03212667,768,33,709,,,
video_0050$_$0001,train,-0.8,39,400,55,135.9942626953125,5198.684035234954,13853.144780574305,768,33,709,,,
video_0027$_$0019,train,-1.0,39,400,55,137.02035522460938,6528.617981006845,14546.811694626067,768,33,709,,,
video_0006$_$0014,train,1.0,39,400,55,128.46934509277344,2415.674859476936,75298290.05273649,768,33,709,,,
video_0053$_$0015,train,0.0,39,400,55,135.8670654296875,4574.689806232031,13122.919679688921,768,33,709,,,
video_0055$_$0013,train,-1.0,39,400,55,135.53509521484375,2834.440204360525,10292.062876730051,768,33,709,,,
video_0053$_$0041,train,1.0,39,400,55,126.92396545410156,3110.4646077748753,8897.938294323587,768,33,709,,,
video_0020$_$0006,train,0.4,39,400,55,132.1204376220703,5210.239044457237,13718.380936588694,768,33,709,,,
video_0040$_$0015,train,-1.0,39,400,55,126.3917465209961,7395.796485559332,15583.389735377048,768,33,709,,,
video_0002$_$0001,train,0.2,39,400,55,140.0638885498047,8265.741775534148,17873.93030256308,768,33,709,,,
video_0056$_$0029,train,-1.0,39,400,55,127.91144561767578,3682.5475440920145,8925.190444133188,768,33,709,,,
video_0056$_$0048,train,-0.2,39,400,55,128.4665069580078,4877.308524992379,8663.560604739929,768,33,709,,,
video_0040$_$0001,train,0.8,39,400,55,135.6616668701172,6759.730295944752,15034.86493318096,768,33,709,,,
video_0040$_$0049,train,0.4,39,400,55,133.45777893066406,9306.01068617503,15991.8440634847,768,33,709,,,
video_0024$_$0074,train,-1.0,39,400,55,137.88916015625,4431.050519832617,12259.443737204005,768,33,709,,,
video_0010$_$0006,train,-0.4,39,400,55,138.36476135253906,4562.874152822809,142594489.5297562,768,33,709,,,
video_0047$_$0061,train,0.0,39,400,55,130.93963623046875,3810.165350639478,12628.22143243702,768,33,709,,,
video_0045$_$0002,train,0.0,39,400,55,133.4298858642578,2500.7303109089576,11498.946049346405,768,33,709,,,
video_0023$_$0047,train,-0.6,39,400,55,138.5422821044922,5749.438175520606,12540.753673531768,768,33,709,,,
video_0010$_$0004,train,-1.0,39,400,55,143.0918426513672,4280.06872533708,14644.879972833147,768,33,709,,,
video_0054$_$0034,train,0.6,39,400,55,134.0718536376953,4428.090294586647,10572.162576008825,768,33,709,,,
video_0010$_$0003,train,-0.2,39,400,55,142.9485321044922,4917.060204301541,16548.711358122488,768,33,709,,,
video_0054$_$0154,train,0.0,39,400,55,129.14710998535156,3470.112253899572,9379.973680480563,768,33,709,,,
video_0042$_$0007,train,-0.4,39,400,55,125.44361877441406,2799.7357865100826,6377.919254688941,768,33,709,,,
video_0041$_$0012,train,-1.0,39,400,55,138.2232208251953,6054.496416961464,92749683.54926644,768,33,709,,,
video_0049$_$0019,train,-1.0,39,400,55,132.91787719726562,3345.2458952759334,51375152.54305537,768,33,709,,,
video_0032$_$0022,train,-1.0,39,400,55,131.20370483398438,8878.829234076293,75298290.89931345,768,33,709,,,
video_0023$_$0054,train,0.0,39,400,55,135.48477172851562,6594.967847680891,14318.73667214959,768,33,709,,,
video_0015$_$0027,train,-1.0,39,400,55,136.49673461914062,8169.154633767641,18709.15860758998,768,33,709,,,
video_0027$_$0045,train,1.0,39,400,55,128.55221557617188,4496.847272767557,11153.924794029566,768,33,709,,,
video_0017$_$0003,train,0.0,39,400,55,128.00714111328125,3771.4887742201895,9232.519867431653,768,33,709,,,
video_0028$_$0003,train,0.4,39,400,55,131.40208435058594,5625.312038742496,12255.490264499671,768,33,709,,,
video_0040$_$0004,train,0.0,39,400,55,126.13571166992188,3039.2280860441897,9670.380839434727,768,33,709,,,
video_0041$_$0029,train,-0.2,39,400,55,133.4097900390625,4412.685793657156,12852.297806005583,768,33,709,,,
video_0051$_$0048,train,0.6,39,400,55,133.46029663085938,3984.415285980514,12426.631309447288,768,33,709,,,
video_0038$_$0034,train,-0.8,39,400,55,129.17832946777344,2412.2493551909774,8784.912477245975,768,33,709,,,
video_0045$_$0053,train,-0.8,39,400,55,131.527587890625,4609.446548071946,16106.794578168345,768,33,709,,,
video_0043$_$0050,train,0.0,39,400,55,144.55467224121094,6294.413986028045,15074.4914702204,768,33,709,,,
video_0049$_$0018,train,-1.0,39,400,55,130.46063232421875,3698.149713389312,10903.282629754709,768,33,709,,,
video_0002$_$0027,train,0.2,39,400,55,139.73391723632812,7421.102461157979,17074.733366111843,768,33,709,,,
video_0014$_$0025,train,-1.0,39,400,55,128.04190063476562,2520.726281514346,11433.245280887339,768,33,709,,,
video_0029$_$0003,train,-0.6,39,400,55,126.5123291015625,2818.7296970862203,7156.629474818062,768,33,709,,,
video_0038$_$0025,train,0.4,39,400,55,128.91824340820312,2554.55629128491,10036.91762066747,768,33,709,,,
video_0023$_$0063,train,-0.4,39,400,55,140.7676239013672,8895.000531781614,17699.92354270851,768,33,709,,,
video_0016$_$0036,train,-1.0,39,400,55,135.25828552246094,3800.9604108911317,12155.53961527553,768,33,709,,,
video_0035$_$0014,train,-0.2,39,400,55,128.20321655273438,3727.101601865164,11577.426731561713,768,33,709,,,
video_0054$_$0072,train,-0.2,39,400,55,127.69611358642578,2849.3272900806887,8633.002880461425,768,33,709,,,
video_0056$_$0067,train,-0.2,39,400,55,131.94549560546875,4788.4177468381085,10613.85640770837,768,33,709,,,
video_0013$_$0021,train,-0.4,39,400,55,133.4523162841797,2419.410676996047,12417.439518868734,768,33,709,,,
video_0002$_$0030,train,-1.0,39,400,55,132.0632781982422,5945.242165973907,11304.440053632552,768,33,709,,,
video_0053$_$0027,train,-1.0,39,400,55,133.12973022460938,2790.899562066834,11351.338775150032,768,33,709,,,
video_0015$_$0031,train,1.0,39,400,55,133.95726013183594,3838.809197626741,14452.514875795721,768,33,709,,,
video_0024$_$0004,train,1.0,39,400,55,134.66079711914062,2047.6810372288683,51375149.89730422,768,33,709,,,
video_0035$_$0009,train,-0.2,39,400,55,126.63389587402344,3295.2307099925474,10681.630641136004,768,33,709,,,
video_0015$_$0013,train,-1.0,39,400,55,128.5790557861328,2820.505221758341,69912698.52584727,768,33,709,,,
video_0033$_$0012,train,-0.2,39,400,55,134.0572509765625,3997.3690494353173,11005.994349723223,768,33,709,,,
video_0016$_$0021,train,-1.0,39,400,55,133.00892639160156,6020.74821100249,20202.28130012784,768,33,709,,,
video_0056$_$0052,train,-0.4,39,400,55,128.12167358398438,9012.695812187356,14889.112989625408,768,33,709,,,
video_0023$_$0013,train,0.0,39,400,55,138.45355224609375,4532.160541269596,11548.152531092504,768,33,709,,,
video_0054$_$0077,train,0.6,39,400,55,131.88475036621094,2435.699498671859,9887.105565350746,768,33,709,,,
video_0024$_$0077,train,-1.0,39,400,55,138.45941162109375,4975.520590709574,14360.29299549369,768,33,709,,,
video_0060$_$0021,train,-1.0,39,400,55,126.58414459228516,3133.9855198774153,8334.685134847323,768,33,709,,,
video_0054$_$0024,train,-0.6,39,400,55,132.72361755371094,4086.2587267016124,11906.065219781216,768,33,709,,,
video_0054$_$0081,train,-0.8,39,400,55,131.77003479003906,3487.893729228472,9842.574453735679,768,33,709,,,
video_0035$_$0023,train,0.2,39,400,55,126.16329193115234,3292.4453447126043,11444.045807860075,768,33,709,,,
video_0030$_$0038,train,-1.0,39,400,55,131.1853485107422,4982.1750158269015,11573.106712552075,768,33,709,,,
video_0028$_$0007,train,-1.0,39,400,55,134.6054229736328,4123.601099725903,10194.04960678119,768,33,709,,,
video_0013$_$0029,train,-0.8,39,400,55,137.79327392578125,3087.774187238313,11398.342657016605,768,33,709,,,
video_0025$_$0028,train,0.0,39,400,55,129.62159729003906,3162.101902979355,8348.832873459743,768,33,709,,,
video_0023$_$0017,train,0.2,39,400,55,141.16468811035156,6630.906601177732,92749682.8454433,768,33,709,,,
video_0024$_$0084,train,-0.4,39,400,55,132.14703369140625,3924.5633805293132,12290.09731427721,768,33,709,,,
video_0006$_$0010,train,1.0,39,400,55,128.33413696289062,2100.3476422037716,8328.605443921302,768,33,709,,,
video_0023$_$0025,train,0.4,39,400,55,141.7122039794922,5221.3309771349395,12777.81024465001,768,33,709,,,
video_0016$_$0017,train,-1.0,39,400,55,131.48992919921875,4322.953005605524,11033.366424985938,768,33,709,,,
video_0041$_$0022,train,-0.2,39,400,55,129.51522827148438,2097.0485992241834,8247.512812452547,768,33,709,,,
video_0025$_$0035,train,-1.0,39,400,55,126.94853210449219,2927.5242546392387,8740.993987222635,768,33,709,,,
video_0045$_$0104,train,0.6,39,400,55,140.18475341796875,4574.462218115845,14087.37317678191,768,33,709,,,
video_0024$_$0039,train,-1.0,39,400,55,133.51876831054688,3953.1251884542376,11744.535394784445,768,33,709,,,
video_0012$_$0013,train,0.6,39,400,55,133.99732971191406,3640.08224134145,13035.859999841468,768,33,709,,,
video_0056$_$0084,train,-1.0,39,400,55,127.1541976928711,3825.8392403734233,75298289.085865,768,33,709,,,
video_0051$_$0035,train,0.8,39,400,55,128.82701110839844,2141.4777304615736,8947.084985578073,768,33,709,,,
video_0060$_$0041,train,0.0,39,400,55,126.25749206542969,2735.3666960967275,5430.562038518309,768,33,709,,,
video_0054$_$0010,train,-0.2,39,400,55,131.2975311279297,3673.1170391601822,9781.944603431817,768,33,709,,,
video_0052$_$0001,train,1.0,39,400,55,129.27716064453125,2194.558207407485,9447.265807663185,768,33,709,,,
video_0013$_$0007,train,-1.0,39,400,55,131.46116638183594,2716.5810053359714,11943.846312007337,768,33,709,,,
video_0014$_$0001,train,0.6,39,400,55,131.1668701171875,4212.26997966003,15279.854361038224,768,33,709,,,
video_0024$_$0018,train,1.0,39,400,55,133.0679168701172,4305.466831960832,10604.828272343188,768,33,709,,,
video_0023$_$0033,train,-1.0,39,400,55,131.3551788330078,3484.6044775386804,7865.487727717384,768,33,709,,,
video_0047$_$0050,train,0.0,39,400,55,130.84304809570312,4205.785430075425,11483.020872558438,768,33,709,,,
video_0054$_$0021,train,0.8,39,400,55,136.87953186035156,4010.1775216608594,11064.675045794775,768,33,709,,,
video_0010$_$0034,train,-1.0,39,400,55,129.8059539794922,4076.8854216321674,11233.158845266678,768,33,709,,,
video_0027$_$0013,train,-0.4,39,400,55,134.88548278808594,4970.169224305985,13157.90218636454,768,33,709,,,
video_0053$_$0055,train,0.0,39,400,55,129.42178344726562,4750.588981428095,106945892.18691139,768,33,709,,,
video_0054$_$0002,train,1.0,39,400,55,128.71261596679688,3820.711372290308,10967.321593542541,768,33,709,,,
video_0030$_$0026,train,0.4,39,400,55,130.2941436767578,5323.35366965234,14834.608584195883,768,33,709,,,
video_0046$_$0060,train,-0.6,39,400,55,142.5902862548828,3148.480889813383,16612.418557628418,768,33,709,,,
video_0024$_$0041,train,1.0,39,400,55,126.131591796875,2771.138026586953,8408.29074032986,768,33,709,,,
video_0045$_$0030,train,-0.2,39,400,55,139.12765502929688,3358.6909150619676,12527.74927571451,768,33,709,,,
video_0010$_$0025,train,-1.0,39,400,55,129.39805603027344,1852.217930237613,9386.588609774162,768,33,709,,,
video_0050$_$0005,train,1.0,39,400,55,127.97380828857422,4816.875333469949,11680.840308027231,768,33,709,,,
video_0057$_$0005,train,-0.2,39,400,55,127.09970092773438,2639.0932048982777,7699.571000102547,768,33,709,,,
video_0048$_$0026,train,-0.8,39,400,55,129.64382934570312,4115.595589498499,9941.348001675833,768,33,709,,,
video_0001$_$0011,train,1.0,39,400,55,128.0133819580078,2993.766524291972,8916.09932617904,768,33,709,,,
video_0054$_$0067,train,0.8,39,400,55,133.44342041015625,5316.280976359694,11757.424242144634,768,33,709,,,
video_0031$_$0022,train,-0.4,39,400,55,129.49966430664062,7089.208772214814,13894.480447995433,768,33,709,,,
video_0006$_$0022,train,-1.0,39,400,55,129.33645629882812,3865.3197346054926,78164773.19712192,768,33,709,,,
video_0057$_$0023,train,0.4,39,400,55,132.4757080078125,3345.663688804985,9071.058399416455,768,33,709,,,
video_0024$_$0067,train,-1.0,39,400,55,128.08502197265625,2652.8434200064944,51375149.71996593,768,33,709,,,
video_0038$_$0014,train,0.4,39,400,55,134.05377197265625,2387.514244838332,8871.534540629542,768,33,709,,,
video_0056$_$0066,train,-0.8,39,400,55,135.0432586669922,7301.775880375564,15921.217038419678,768,33,709,,,
video_0023$_$0006,train,0.4,39,400,55,134.826171875,3458.8722478773448,75298288.1741035,768,33,709,,,
video_0019$_$0015,train,1.0,39,400,55,135.29705810546875,5568.272559025323,51375150.47481645,768,33,709,,,
video_0053$_$0043,train,0.6,39,400,55,143.51048278808594,4229.7539260266485,14921.511411895202,768,33,709,,,
video_0031$_$0007,train,-1.0,39,400,55,135.94468688964844,9959.715075820557,18186.53374044769,768,33,709,,,
video_0050$_$0003,train,0.8,39,400,55,135.3660125732422,3145.3250723406327,11982.805701635541,768,33,709,,,
video_0024$_$0081,train,0.6,39,400,55,133.9500732421875,4203.849329194242,11661.211036419985,768,33,709,,,
video_0018$_$0005,train,-1.0,39,400,55,130.518798828125,2105.4921113893542,8767.306339350882,768,33,709,,,
video_0054$_$0074,train,0.0,39,400,55,134.59210205078125,5184.7522846820975,12942.532624041894,768,33,709,,,
video_0010$_$0008,train,0.6,39,400,55,143.9620361328125,6621.403895108861,17635.60169748316,768,33,709,,,
video_0029$_$0002,train,-1.0,39,400,55,131.02108764648438,3092.427227385013,75298289.66773091,768,33,709,,,
video_0008$_$0009,train,-1.0,39,400,55,129.5297088623047,2963.9381138853864,10184.788449268452,768,33,709,,,
video_0045$_$0035,train,0.4,39,400,55,128.22674560546875,3794.294948045111,11004.541534165452,768,33,709,,,
video_0023$_$0012,train,1.0,39,400,55,130.81735229492188,6309.2020953805895,160190116.51666135,768,33,709,,,
video_0055$_$0027,train,-0.8,39,400,55,127.30618286132812,3296.0971580746655,10053.021136488887,768,33,709,,,
video_0043$_$0037,train,-1.0,39,400,55,127.71150970458984,3663.7427825947725,8472.260843846901,768,33,709,,,
video_0023$_$0049,train,0.6,39,400,55,132.47979736328125,3521.7776530409,11174.720168855025,768,33,709,,,
video_0051$_$0010,train,0.0,39,400,55,136.0173797607422,3662.985800283118,12415.884441663606,768,33,709,,,
video_0045$_$0081,train,-0.2,39,400,55,132.45834350585938,4375.786479701651,11859.01138967967,768,33,709,,,
video_0052$_$0016,train,-0.2,39,400,55,132.82530212402344,6635.315314662906,16230.225984495159,768,33,709,,,
video_0024$_$0034,train,0.0,39,400,55,135.322998046875,4504.473297804293,11338.544210166408,768,33,709,,,
video_0054$_$0061,train,-1.0,39,400,55,130.7551727294922,3913.4315279776356,9354.576750762013,768,33,709,,,
video_0038$_$0007,train,0.8,39,400,55,131.80296325683594,2949.788306441581,9145.191690701322,768,33,709,,,
video_0047$_$0022,train,0.0,39,400,55,137.8770294189453,4907.862980854429,14635.865252400497,768,33,709,,,
video_0056$_$0007,train,-0.8,39,400,55,134.92434692382812,6552.131952193264,13119.910533639502,768,33,709,,,
video_0018$_$0007,train,-0.6,39,400,55,130.67056274414062,1518.2300978262897,9163.461939071814,768,33,709,,,
video_0026$_$0025,train,-0.2,39,400,55,130.81912231445312,9178.079477562424,18367.38109624261,768,33,709,,,
video_0007$_$0001,train,1.0,39,400,55,133.36895751953125,3805.490185906076,11604.191757597318,768,33,709,,,
video_0045$_$0058,train,0.8,39,400,55,142.75985717773438,4385.684123259559,15028.182008916116,768,33,709,,,
video_0041$_$0013,train,-1.0,39,400,55,139.2400360107422,6237.043943292878,17166.05962116257,768,33,709,,,
video_0029$_$0017,train,-0.2,39,400,55,126.53604888916016,3147.9798673286405,9059.494781746325,768,33,709,,,
video_0036$_$0021,train,1.0,39,400,55,128.1469268798828,2917.8990318437527,92749682.36359146,768,33,709,,,
video_0010$_$0014,train,0.4,39,400,55,132.9905242919922,4107.761294655325,10836.85249266323,768,33,709,,,
video_0025$_$0042,train,-0.2,39,400,55,130.01699829101562,5127.166500475212,10732.34483418317,768,33,709,,,
video_0054$_$0177,train,-0.4,39,400,55,129.45611572265625,3728.549753733326,10178.059816925117,768,33,709,,,
video_0054$_$0117,train,0.4,39,400,55,135.31182861328125,3749.419735376658,10806.208246682017,768,33,709,,,
video_0056$_$0061,train,0.0,39,400,55,131.2329559326172,4300.128255611635,51375148.19855204,768,33,709,,,
video_0024$_$0059,train,0.0,39,400,55,127.32774353027344,1758.2409954547202,6203.342473120456,768,33,709,,,
video_0027$_$0005,train,-1.0,39,400,55,127.19610595703125,5769.193341446963,14019.619624677809,768,33,709,,,
video_0036$_$0017,train,-0.6,39,400,55,133.00746154785156,5374.414043371581,13647.777756652817,768,33,709,,,
video_0051$_$0050,train,0.6,39,400,55,132.8594512939453,4325.978965209647,12031.24900397343,768,33,709,,,
video_0045$_$0025,train,0.0,39,400,55,134.3648681640625,3447.449852856762,13441.123626644528,768,33,709,,,
video_0030$_$0020,train,0.0,39,400,55,139.4545135498047,9851.74890910114,20170.69409244753,768,33,709,,,
video_0047$_$0082,train,-1.0,39,400,55,133.97134399414062,3882.6792366619197,13345.468644015764,768,33,709,,,
video_0024$_$0097,train,-1.0,39,400,55,139.24038696289062,3723.0293057976505,11554.996276939257,768,33,709,,,
video_0051$_$0042,train,-1.0,39,400,55,132.35780334472656,4207.333204347861,11470.480073453706,768,33,709,,,
video_0019$_$0008,train,-1.0,39,400,55,129.05783081054688,3661.4177216880207,11357.86852401155,768,33,709,,,
video_0054$_$0130,train,1.0,39,400,55,129.59820556640625,3030.672633140513,8573.283034107984,768,33,709,,,
video_0026$_$0016,train,-0.6,39,400,55,135.2391815185547,5692.550005545015,12914.310250360899,768,33,709,,,
video_0046$_$0008,train,0.2,39,400,55,126.58711242675781,2523.8226387635004,8280.788244810354,768,33,709,,,
video_0045$_$0062,train,-0.4,39,400,55,127.53543853759766,3901.4892598880656,13758.93626063857,768,33,709,,,
video_0056$_$0036,train,1.0,39,400,55,126.69600677490234,4689.834614954992,106945873.09530458,768,33,709,,,
video_0015$_$0016,train,0.0,39,400,55,127.86598205566406,2689.328301626929,8589.483520877304,768,33,709,,,
video_0040$_$0008,train,0.8,39,400,55,129.59393310546875,4896.01686846701,9683.144394219973,768,33,709,,,
video_0044$_$0010,train,-0.8,39,400,55,127.52937316894531,4766.321408322054,10538.207416175366,768,33,709,,,
video_0054$_$0073,train,-0.8,39,400,55,129.01690673828125,4607.759585964981,9647.310623786454,768,33,709,,,
video_0015$_$0002,train,-0.6,39,400,55,125.75650787353516,4051.06866765768,7891.721577643174,768,33,709,,,
video_0017$_$0005,train,-0.6,39,400,55,135.06747436523438,5551.07566761386,14761.05233692006,768,33,709,,,
video_0024$_$0017,train,-0.2,39,400,55,128.76519775390625,3661.4992424594543,10950.230359547071,768,33,709,,,
video_0029$_$0008,train,-0.6,39,400,55,127.80570220947266,1612.6452689278697,7616.542817476795,768,33,709,,,
video_0058$_$0003,train,-1.0,39,400,55,131.20657348632812,2660.0643038488147,8436.802850413987,768,33,709,,,
video_0023$_$0053,train,-0.6,39,400,55,143.32904052734375,7785.06335917278,15575.671426634042,768,33,709,,,
video_0037$_$0011,train,-1.0,39,400,55,137.27052307128906,8548.213377366481,17239.188927561,768,33,709,,,
video_0025$_$0039,train,-0.2,39,400,55,131.57525634765625,5222.240492888603,12757.964264478012,768,33,709,,,
video_0026$_$0007,train,-1.0,39,400,55,139.9815673828125,9065.3474204942,18404.855990137963,768,33,709,,,
video_0053$_$0013,train,-1.0,39,400,55,134.66339111328125,4508.493164049731,51375151.44445337,768,33,709,,,
video_0048$_$0031,train,1.0,39,400,55,128.321044921875,2622.6896706589814,8498.583908296443,768,33,709,,,
video_0042$_$0017,train,-0.4,39,400,55,130.6360626220703,4900.992373152376,10198.099597151911,768,33,709,,,
video_0023$_$0046,train,1.0,39,400,55,126.97531127929688,4111.771667305391,10093.787032940316,768,33,709,,,
video_0047$_$0010,train,0.0,39,400,55,127.4710693359375,3311.01060389421,8401.41029363028,768,33,709,,,
video_0015$_$0005,train,-1.0,39,400,55,126.91442108154297,2875.549430489348,8457.267175488161,768,33,709,,,
video_0005$_$0009,train,0.6,39,400,55,126.50272369384766,3761.61240897666,10300.893108336757,768,33,709,,,
video_0060$_$0037,train,-1.0,39,400,55,125.01178741455078,3539.5401534460575,9029.82767561731,768,33,709,,,
video_0056$_$0087,train,1.0,39,400,55,127.9369888305664,4645.720488430539,11091.193087801494,768,33,709,,,
video_0046$_$0038,train,0.2,39,400,55,131.77569580078125,2545.9228337134714,11433.176291011705,768,33,709,,,
video_0012$_$0002,train,0.0,39,400,55,127.2548599243164,5016.531106900263,12398.430999483882,768,33,709,,,
video_0002$_$0002,train,0.0,39,400,55,129.9582061767578,6074.482029564642,10973.159346629202,768,33,709,,,
video_0054$_$0043,train,0.2,39,400,55,134.30445861816406,6255.459595378471,15040.198634326056,768,33,709,,,
video_0054$_$0042,train,0.0,39,400,55,140.84124755859375,4616.90286579063,13025.43126152736,768,33,709,,,
video_0012$_$0030,train,-1.0,39,400,55,133.9846649169922,5505.61566533188,12701.658610068114,768,33,709,,,
video_0035$_$0028,train,0.6,39,400,55,127.9424057006836,1969.6686949298955,9834.930231255112,768,33,709,,,
video_0012$_$0031,train,0.4,39,400,55,131.2503662109375,5522.008697498157,13334.279620219702,768,33,709,,,
video_0043$_$0016,train,0.0,39,400,55,136.42587280273438,6633.875134034744,15018.661836874893,768,33,709,,,
video_0042$_$0009,train,-1.0,39,400,55,128.05479431152344,3470.3001983295626,75298289.12119554,768,33,709,,,
video_0012$_$0021,train,-1.0,39,400,55,129.81069946289062,5621.679190730874,13985.29697987248,768,33,709,,,
video_0016$_$0001,train,1.0,39,400,55,129.03460693359375,2921.1030017569165,8492.799659828104,768,33,709,,,
video_0002$_$0012,train,0.4,39,400,55,131.36351013183594,6560.949822261924,12478.8110183805,768,33,709,,,
video_0040$_$0013,train,-1.0,39,400,55,131.5907440185547,6606.15926350314,13670.381265176135,768,33,709,,,
video_0002$_$0018,train,0.0,39,400,55,133.1370391845703,5195.635125128501,11263.955930381215,768,33,709,,,
video_0010$_$0026,train,-1.0,39,400,55,131.1307373046875,2627.245453251688,10832.245122301321,768,33,709,,,
video_0012$_$0020,train,0.0,39,400,55,130.6681671142578,3746.745890276228,12740.263594947548,768,33,709,,,
video_0051$_$0027,train,-1.0,39,400,55,125.33148193359375,2536.32141523926,8062.004197664428,768,33,709,,,
video_0047$_$0057,train,0.0,39,400,55,127.47993469238281,2575.8618739332387,9261.073368534126,768,33,709,,,
video_0038$_$0031,train,0.0,39,400,55,127.18414306640625,1836.5523476557269,7146.27393417036,768,33,709,,,
video_0047$_$0048,train,-0.2,39,400,55,143.0410919189453,4418.0697994904285,14926.546105999318,768,33,709,,,
video_0057$_$0001,train,-1.0,39,400,55,139.31524658203125,4144.513574770225,13411.021791880536,768,33,709,,,
video_0025$_$0049,train,-1.0,39,400,55,139.69017028808594,7619.347571364642,16159.048608896104,768,33,709,,,
video_0038$_$0008,train,1.0,39,400,55,130.9497833251953,3734.1177961689914,10729.136898619014,768,33,709,,,
video_0054$_$0182,train,0.0,39,400,55,129.58120727539062,4193.933233249845,10940.962808392991,768,33,709,,,
video_0054$_$0018,train,0.8,39,400,55,131.0657501220703,5055.2273043593505,11475.745273500692,768,33,709,,,
video_0038$_$0003,train,-0.8,39,400,55,130.1700897216797,3762.6902816605516,51375148.493710876,768,33,709,,,
video_0001$_$0010,train,1.0,39,400,55,132.15106201171875,3528.015823973354,11034.230267267387,768,33,709,,,
video_0035$_$0015,train,1.0,39,400,55,128.97178649902344,3501.561528997603,12045.91698840979,768,33,709,,,
video_0042$_$0005,train,-1.0,39,400,55,127.02571868896484,3568.2630846227667,10679.836880643588,768,33,709,,,
video_0015$_$0033,train,1.0,39,400,55,133.5469512939453,3170.1616489464245,11756.545627490994,768,33,709,,,
video_0054$_$0138,train,0.0,39,400,55,133.96983337402344,3900.927843490921,11073.862245168024,768,33,709,,,
video_0045$_$0060,train,-0.4,39,400,55,135.4211883544922,2278.03116789497,11123.300345495541,768,33,709,,,
video_0023$_$0003,train,1.0,39,400,55,133.01461791992188,6455.767021369408,14574.783072671242,768,33,709,,,
video_0017$_$0008,train,-0.2,39,400,55,132.88059997558594,4220.4877301841725,12291.307338031345,768,33,709,,,
video_0023$_$0061,train,0.0,39,400,55,135.84829711914062,7310.755442059983,13472.980979450349,768,33,709,,,
video_0001$_$0025,train,-0.6,39,400,55,127.46172332763672,3275.8533178940725,8218.325943575612,768,33,709,,,
video_0047$_$0002,train,0.4,39,400,55,137.1885223388672,4389.188275276657,11152.531793671931,768,33,709,,,
video_0026$_$0022,train,-0.6,39,400,55,135.15121459960938,9748.630969923088,19029.870315955766,768,33,709,,,
video_0023$_$0056,train,-0.4,39,400,55,135.97901916503906,6068.86974834405,51375148.75514086,768,33,709,,,
video_0032$_$0008,train,-0.4,39,400,55,129.06863403320312,7422.88484221684,13426.953152616623,768,33,709,,,
video_0012$_$0028,train,-0.2,39,400,55,137.5958251953125,5443.415870648766,12498.955856473556,768,33,709,,,
video_0048$_$0016,train,0.0,39,400,55,133.07762145996094,3932.2111905057027,11999.830429566113,768,33,709,,,
video_0035$_$0021,train,0.4,39,400,55,127.370361328125,1897.1843605161912,8009.585223310724,768,33,709,,,
video_0057$_$0025,train,-0.8,39,400,55,137.52232360839844,3746.1761759469673,9905.451733017977,768,33,709,,,
video_0032$_$0012,train,-0.4,39,400,55,132.2312774658203,4236.56080440141,9076.210926245145,768,33,709,,,
video_0046$_$0011,train,-0.2,39,400,55,142.66502380371094,3749.461231179101,16059.54331632849,768,33,709,,,
video_0027$_$0011,train,-1.0,39,400,55,137.12841796875,6254.352959140919,51375148.97524189,768,33,709,,,
video_0043$_$0014,train,-0.8,39,400,55,131.4462890625,5431.086676088147,14674.204938215378,768,33,709,,,
video_0054$_$0143,train,0.0,39,400,55,131.6901092529297,5375.2607428817655,13126.490487284676,768,33,709,,,
video_0054$_$0139,train,-0.6,39,400,55,133.9512481689453,3563.9805190431007,9056.337492415272,768,33,709,,,
video_0054$_$0049,train,-0.4,39,400,55,130.0210723876953,5283.246072945629,14409.671770482968,768,33,709,,,
video_0024$_$0116,train,-1.0,39,400,55,128.47637939453125,6369.184295241473,14935.896280409008,768,33,709,,,
video_0054$_$0173,train,-1.0,39,400,55,127.42096710205078,2272.3284350880126,7801.042923519024,768,33,709,,,
video_0046$_$0015,train,0.4,39,400,55,133.39878845214844,3009.661471058042,13776.18807411117,768,33,709,,,
video_0016$_$0045,train,1.0,39,400,55,128.09283447265625,3457.033750234071,51375149.10072025,768,33,709,,,
video_0054$_$0125,train,-0.6,39,400,55,131.4522247314453,3263.2930206131296,9418.490981212995,768,33,709,,,
video_0049$_$0022,train,-0.2,39,400,55,130.84361267089844,4011.691771194992,11856.166762526202,768,33,709,,,
video_0035$_$0032,train,-1.0,39,400,55,138.86517333984375,5180.162586558519,17529.836896668545,768,33,709,,,
video_0045$_$0072,train,0.6,39,400,55,139.5325469970703,4770.473255552633,16823.139146748388,768,33,709,,,
video_0054$_$0180,train,-0.6,39,400,55,125.70101928710938,3682.4653171235454,9279.94582988696,768,33,709,,,
video_0045$_$0085,train,0.0,39,400,55,126.11795043945312,2944.896178495932,8828.372914488735,768,33,709,,,
video_0047$_$0027,train,1.0,39,400,55,135.49314880371094,3970.084446857267,106945872.79345624,768,33,709,,,
video_0043$_$0042,train,0.4,39,400,55,135.94386291503906,3656.0324030016377,10688.479338840501,768,33,709,,,
video_0035$_$0034,train,-0.8,39,400,55,126.46638488769531,3923.8898732341727,11773.722623081583,768,33,709,,,
video_0043$_$0036,train,-1.0,39,400,55,124.47225189208984,4578.898758404412,9379.67794815766,768,33,709,,,
video_0038$_$0004,train,0.0,39,400,55,133.4544219970703,4400.083787872629,12651.85757036329,768,33,709,,,
video_0010$_$0020,train,-1.0,39,400,55,132.39324951171875,2474.6902860768846,9154.72238751582,768,33,709,,,
video_0049$_$0016,train,1.0,39,400,55,131.14962768554688,5170.615643108584,51375151.13300962,768,33,709,,,
video_0008$_$0004,train,0.6,39,400,55,128.63937377929688,2248.2892670154874,8593.788873658057,768,33,709,,,
video_0054$_$0071,train,-0.8,39,400,55,134.44525146484375,4231.635016358031,11862.5130305221,768,33,709,,,
video_0008$_$0010,train,-0.8,39,400,55,129.45547485351562,5413.224924767104,51375150.74969713,768,33,709,,,
video_0054$_$0187,train,-0.6,39,400,55,128.46844482421875,6142.218860849643,12312.015053118954,768,33,709,,,
video_0054$_$0097,train,1.0,39,400,55,131.86305236816406,4850.840272935565,10168.892095314626,768,33,709,,,
video_0054$_$0162,train,-0.4,39,400,55,128.73983764648438,2583.415736656702,51375150.76667279,768,33,709,,,
video_0060$_$0018,train,0.0,39,400,55,127.71200561523438,4017.8940975519017,9032.097193600192,768,33,709,,,
video_0019$_$0012,train,1.0,39,400,55,127.50838470458984,3712.4423828436343,75298288.72522444,768,33,709,,,
video_0041$_$0023,train,0.4,39,400,55,138.873291015625,6332.814943518194,17168.562397102884,768,33,709,,,
video_0056$_$0016,train,-1.0,39,400,55,143.07435607910156,5662.479763319035,51375152.40819242,768,33,709,,,
video_0060$_$0032,train,-0.6,39,400,55,135.6383056640625,5469.283591439752,161557346.11252594,768,33,709,,,
video_0040$_$0024,train,0.0,39,400,55,128.78451538085938,4787.36911521039,10098.809862204762,768,33,709,,,
video_0016$_$0039,train,-1.0,39,400,55,132.3861083984375,7954.5227972340035,18827.169114153756,768,33,709,,,
video_0042$_$0020,train,-1.0,39,400,55,130.35455322265625,5231.388678119439,15114.030887559562,768,33,709,,,
video_0041$_$0020,train,-0.2,39,400,55,131.6259002685547,4574.935465052512,12594.0565965623,768,33,709,,,
video_0044$_$0007,train,-0.4,39,400,55,139.6595458984375,6663.357301039309,16334.430957847906,768,33,709,,,
video_0021$_$0009,train,-0.4,39,400,55,142.5130615234375,4979.307633851042,16461.561081556636,768,33,709,,,
video_0056$_$0071,train,-1.0,39,400,55,125.45684051513672,1806.188191625714,51375148.14878307,768,33,709,,,
video_0037$_$0013,train,-1.0,39,400,55,136.5281982421875,6978.242788414505,15157.497532148114,768,33,709,,,
video_0040$_$0031,train,-1.0,39,400,55,132.15536499023438,4629.292872890251,11857.029112507564,768,33,709,,,
video_0060$_$0020,train,-1.0,39,400,55,130.29473876953125,3711.3831324327457,51375150.85953505,768,33,709,,,
video_0038$_$0037,train,-0.4,39,400,55,127.85979461669922,2996.092063476315,9162.390782653367,768,33,709,,,
video_0054$_$0104,train,-0.6,39,400,55,131.7368927001953,4857.927105461802,11035.156260757018,768,33,709,,,
video_0009$_$0039,train,-1.0,39,400,55,127.84043884277344,4378.933341299219,12504.209057570004,768,33,709,,,
video_0017$_$0012,train,-0.2,39,400,55,132.5828857421875,4600.327850141823,51375150.30223477,768,33,709,,,
video_0013$_$0030,train,-0.6,39,400,55,130.33334350585938,3181.8429438765565,12495.958683069826,768,33,709,,,
video_0027$_$0034,train,-0.6,39,400,55,127.15054321289062,3671.0348262430452,9185.879892456578,768,33,709,,,
video_0054$_$0101,train,0.0,39,400,55,132.595947265625,4565.922612801963,10831.45178880889,768,33,709,,,
video_0017$_$0016,train,-1.0,39,400,55,133.03616333007812,4326.400143344556,11449.526419172787,768,33,709,,,
video_0010$_$0009,train,0.2,39,400,55,132.3746337890625,8139.616574487779,19661.295411673782,768,33,709,,,
video_0054$_$0122,train,0.0,39,400,55,130.29209899902344,4017.719686001626,10688.12265542092,768,33,709,,,
video_0052$_$0030,train,0.2,39,400,55,130.2878875732422,3049.0670083825407,9275.512330416395,768,33,709,,,
video_0023$_$0027,train,-1.0,39,400,55,127.86273956298828,3267.502520146238,8245.033147582915,768,33,709,,,
video_0007$_$0002,train,-0.8,39,400,55,132.99281311035156,3242.0688859149623,8808.211650290472,768,33,709,,,
video_0046$_$0065,train,-0.8,39,400,55,129.08755493164062,3913.5251885372923,12504.531661419485,768,33,709,,,
video_0030$_$0040,train,-0.8,39,400,55,131.35032653808594,5983.9957135441755,14564.091553992917,768,33,709,,,
video_0052$_$0031,train,1.0,39,400,55,128.91053771972656,3213.2958249842104,9454.418927950943,768,33,709,,,
video_0022$_$0020,train,0.2,39,400,55,133.58135986328125,6480.652902923539,14851.51141817191,768,33,709,,,
video_0029$_$0018,train,0.6,39,400,55,130.23379516601562,3689.441742770773,11251.433897557396,768,33,709,,,
video_0029$_$0025,train,-1.0,39,400,55,129.04307556152344,5521.916249512079,171250437.9293555,768,33,709,,,
video_0010$_$0028,train,-1.0,39,400,55,137.72314453125,5039.569688758867,14526.277416338968,768,33,709,,,
video_0056$_$0045,train,0.2,39,400,55,129.6052703857422,3623.09848332238,7919.890983028142,768,33,709,,,
video_0048$_$0030,train,-0.2,39,400,55,129.78643798828125,4173.13140511317,10588.558548275272,768,33,709,,,
video_0056$_$0027,train,1.0,39,400,55,125.48970794677734,3654.738039171493,75298289.52358203,768,33,709,,,
video_0026$_$0021,train,-1.0,39,400,55,128.24497985839844,3908.2737288140706,13424.624321848054,768,33,709,,,
video_0056$_$0047,train,1.0,39,400,55,129.65463256835938,4963.202090265833,10047.234015326052,768,33,709,,,
video_0015$_$0019,train,1.0,39,400,55,126.49974060058594,5335.669082136333,10235.709310563432,768,33,709,,,
video_0054$_$0053,train,-0.4,39,400,55,133.00257873535156,4781.362469984209,13786.868305022816,768,33,709,,,
video_0030$_$0011,train,-0.2,39,400,55,131.01332092285156,4391.76005439872,11165.031220812725,768,33,709,,,
video_0011$_$0001,train,0.6,39,400,55,133.74813842773438,5387.995808486043,16728.79927714168,768,33,709,,,
video_0025$_$0036,train,-0.6,39,400,55,136.56744384765625,4965.169319990828,12061.600272578095,768,33,709,,,
video_0040$_$0028,train,-0.2,39,400,55,138.01077270507812,5920.448236671791,13258.53041816841,768,33,709,,,
video_0059$_$0009,train,-1.0,39,400,55,132.29190063476562,2771.7380266419423,9792.96472621894,768,33,709,,,
video_0043$_$0022,train,0.0,39,400,55,132.44956970214844,4553.995824389477,11941.943659899624,768,33,709,,,
video_0056$_$0022,train,1.0,39,400,55,132.86175537109375,5642.350672081198,13157.421318864675,768,33,709,,,
video_0051$_$0046,train,1.0,39,400,55,131.3941192626953,3885.847407299575,12978.224405534336,768,33,709,,,
video_0040$_$0043,train,-0.4,39,400,55,127.34609985351562,4498.796072107397,8839.599341200488,768,33,709,,,
video_0029$_$0015,train,-0.2,39,400,55,131.85867309570312,3698.008685718377,92749682.70998389,768,33,709,,,
video_0054$_$0107,train,-0.2,39,400,55,138.3038787841797,6391.480816569346,15927.793149368266,768,33,709,,,
video_0035$_$0010,train,1.0,39,400,55,130.4728240966797,2605.2175254016615,51375147.46148117,768,33,709,,,
video_0057$_$0018,train,-1.0,39,400,55,133.243896484375,5157.080930710932,14606.168905955645,768,33,709,,,
video_0052$_$0008,train,-1.0,39,400,55,130.3197479248047,5377.0855849005575,14346.25672131472,768,33,709,,,
video_0043$_$0002,train,1.0,39,400,55,139.637939453125,4724.972578648413,14682.643561258406,768,33,709,,,
video_0036$_$0031,train,-1.0,39,400,55,127.4563980102539,3709.273096193447,8727.481952994754,768,33,709,,,
video_0028$_$0013,train,0.0,39,400,55,129.17782592773438,4168.369096235698,9947.59177820833,768,33,709,,,
video_0005$_$0001,train,-1.0,39,400,55,125.31743621826172,1873.619308344737,7864.762769902071,768,33,709,,,
video_0059$_$0012,train,-1.0,39,400,55,138.44650268554688,3364.923757966471,11926.322851412793,768,33,709,,,
video_0045$_$0097,train,-1.0,39,400,55,130.34945678710938,3016.707200764745,10713.04988181622,768,33,709,,,
video_0016$_$0014,train,-1.0,39,400,55,129.23631286621094,1878.9283277673253,9368.181970623276,768,33,709,,,
video_0043$_$0062,train,-0.8,39,400,55,132.76312255859375,4845.972839830401,11370.984106714626,768,33,709,,,
video_0015$_$0026,train,-1.0,39,400,55,136.93984985351562,7790.31504035555,18104.96305898287,768,33,709,,,
video_0025$_$0002,train,0.6,39,400,55,129.6626739501953,3435.8603765532234,9831.779130017472,768,33,709,,,
video_0046$_$0013,train,0.0,39,400,55,132.6669921875,4103.111217006893,15610.328665408368,768,33,709,,,
video_0054$_$0142,train,0.2,39,400,55,129.85862731933594,3522.779915167441,8948.107207216468,768,33,709,,,
video_0004$_$0002,train,-0.8,39,400,55,127.6351089477539,3239.2286800493684,8810.550008887909,768,33,709,,,
video_0006$_$0018,train,-1.0,39,400,55,129.9787139892578,2904.8494528189035,9987.523637855773,768,33,709,,,
video_0054$_$0186,train,-0.6,39,400,55,126.45866394042969,2924.456725386745,7221.2486507385165,768,33,709,,,
video_0053$_$0046,train,-1.0,39,400,55,130.6789093017578,5390.248567119403,12242.299751328552,768,33,709,,,
video_0037$_$0008,train,-1.0,39,400,55,129.90280151367188,6957.027259609309,51375147.4708434,768,33,709,,,
video_0045$_$0003,train,0.0,39,400,55,133.3981475830078,4835.114895525803,13174.487352165028,768,33,709,,,
video_0046$_$0025,train,-0.2,39,400,55,135.98477172851562,2657.529728766374,16284.957435531398,768,33,709,,,
video_0023$_$0055,train,0.2,39,400,55,142.46131896972656,6177.346888518082,14423.83183677398,768,33,709,,,
video_0025$_$0044,train,-1.0,39,400,55,129.7701416015625,2888.092802304757,92749681.31616469,768,33,709,,,
video_0027$_$0030,train,1.0,39,400,55,135.0850067138672,6287.330103084751,17366.153108612005,768,33,709,,,
video_0009$_$0006,train,1.0,39,400,55,136.6042022705078,3740.9083242163697,11517.902745668323,768,33,709,,,
video_0051$_$0021,train,-0.2,39,400,55,127.23699188232422,1913.5665475434382,6054.646399782101,768,33,709,,,
video_0029$_$0011,train,-0.6,39,400,55,137.987060546875,6255.863720048731,18288.157689758013,768,33,709,,,
video_0031$_$0028,train,0.0,39,400,55,131.80453491210938,5936.73723097135,15943.514917299113,768,33,709,,,
video_0006$_$0020,train,-0.6,39,400,55,131.09848022460938,3897.280583079043,12593.89027333961,768,33,709,,,
video_0031$_$0019,train,0.0,39,400,55,130.13697814941406,5850.419877563542,11111.479304546761,768,33,709,,,
video_0041$_$0003,train,-1.0,39,400,55,139.08731079101562,4552.928873675081,14983.023902577843,768,33,709,,,
video_0038$_$0048,train,-1.0,39,400,55,127.24340057373047,2086.635476307496,8444.81407742235,768,33,709,,,
video_0020$_$0004,train,-1.0,39,400,55,130.27561950683594,4651.0552164848805,12273.75078389985,768,33,709,,,
video_0009$_$0032,train,-1.0,39,400,55,132.50918579101562,4590.824377279266,14850.139519349532,768,33,709,,,
video_0060$_$0015,train,0.0,39,400,55,131.67324829101562,4283.79971764741,11181.00968589486,768,33,709,,,
video_0060$_$0003,train,1.0,39,400,55,129.37405395507812,2751.630924854052,10480.996166021669,768,33,709,,,
video_0035$_$0004,train,0.2,39,400,55,132.90579223632812,4202.347083122812,131539964.01221898,768,33,709,,,
video_0058$_$0011,train,0.0,39,400,55,132.52896118164062,3654.646248341864,11813.47433809652,768,33,709,,,
video_0018$_$0009,train,-0.4,39,400,55,127.97199249267578,2591.2811114313035,8513.209073512648,768,33,709,,,
video_0043$_$0045,train,1.0,39,400,55,135.39254760742188,6505.555367117928,16016.91082733522,768,33,709,,,
video_0003$_$0004,train,-1.0,39,400,55,129.77359008789062,3894.2941721908037,9783.312839138145,768,33,709,,,
video_0036$_$0029,train,-0.2,39,400,55,135.23281860351562,8674.75867728835,17248.072126453037,768,33,709,,,
video_0027$_$0042,train,-1.0,39,400,55,130.50234985351562,2749.006842010313,9113.00880164576,768,33,709,,,
video_0047$_$0030,train,-1.0,39,400,55,132.47885131835938,2921.0850697743135,11776.530430748167,768,33,709,,,
video_0009$_$0036,train,-0.4,39,400,55,129.671875,4085.7652314326056,15749.037878770663,768,33,709,,,
video_0023$_$0038,train,1.0,39,400,55,135.10047912597656,3565.8383885204867,9386.626346018555,768,33,709,,,
video_0023$_$0016,train,-1.0,39,400,55,128.49911499023438,2535.3775242415345,6549.715159886674,768,33,709,,,
video_0013$_$0032,train,-0.2,39,400,55,134.46990966796875,2750.7906267434028,13573.353300732355,768,33,709,,,
video_0055$_$0004,train,-0.4,39,400,55,133.92926025390625,2137.0988482019675,9284.979021760582,768,33,709,,,
video_0035$_$0019,train,0.8,39,400,55,132.0586395263672,3300.0699843351126,11437.74918197269,768,33,709,,,
video_0012$_$0043,train,-0.8,39,400,55,132.92123413085938,4965.723983097465,12618.141982247167,768,33,709,,,
video_0045$_$0017,train,0.0,39,400,55,135.24154663085938,4984.577410016494,13286.017767837331,768,33,709,,,
video_0016$_$0002,train,1.0,39,400,55,133.5061492919922,4860.484255933313,12846.751992151643,768,33,709,,,
video_0024$_$0105,train,1.0,39,400,55,129.11424255371094,3582.148813101605,11692.521208301865,768,33,709,,,
video_0056$_$0038,train,-0.8,39,400,55,129.05809020996094,3201.938031787731,7234.820748353573,768,33,709,,,
video_0037$_$0022,train,-1.0,39,400,55,127.79867553710938,2100.2457490900447,6117.308427030345,768,33,709,,,
video_0056$_$0018,train,-0.6,39,400,55,134.8564910888672,4126.044023059597,51375149.38334218,768,33,709,,,
video_0014$_$0009,train,-0.6,39,400,55,130.38792419433594,5839.978593945884,17046.497947422595,768,33,709,,,
video_0054$_$0185,train,-1.0,39,400,55,129.95509338378906,2945.1578409891313,8784.185058866367,768,33,709,,,
video_0033$_$0001,train,0.6,39,400,55,132.4071502685547,3764.3439401480287,10828.266755818211,768,33,709,,,
video_0029$_$0014,train,0.2,39,400,55,132.3470916748047,2843.882903071465,11089.405676962193,768,33,709,,,
video_0027$_$0018,train,-1.0,39,400,55,136.469482421875,7306.862209955309,16380.865930094933,768,33,709,,,
video_0016$_$0029,train,1.0,39,400,55,130.48785400390625,4277.757837070321,51375150.85671978,768,33,709,,,
video_0043$_$0008,train,0.2,39,400,55,139.36727905273438,4868.84995752621,14606.437923626581,768,33,709,,,
video_0054$_$0126,train,-0.6,39,400,55,133.05355834960938,3644.7448415009485,10846.111331896329,768,33,709,,,
video_0056$_$0041,train,0.2,39,400,55,136.67086791992188,6844.678056490424,14313.911210711838,768,33,709,,,
video_0017$_$0014,train,-1.0,39,400,55,132.79864501953125,5086.258833167649,13260.702307848944,768,33,709,,,
video_0045$_$0034,train,0.8,39,400,55,136.7314910888672,2137.7998192624855,14498.788101027967,768,33,709,,,
video_0046$_$0046,train,0.8,39,400,55,145.40316772460938,2764.0353547361183,14033.126279113656,768,33,709,,,
video_0045$_$0083,train,0.4,39,400,55,129.12744140625,2657.754807152979,10676.012490709218,768,33,709,,,
video_0056$_$0059,train,0.8,39,400,55,124.9508285522461,2876.508768948093,7094.519031582445,768,33,709,,,
video_0053$_$0032,train,-1.0,39,400,55,141.4594268798828,5566.829433024615,16149.777769956265,768,33,709,,,
video_0022$_$0018,train,-0.4,39,400,55,139.1425323486328,6931.035792073259,51375150.96342696,768,33,709,,,
video_0039$_$0003,train,0.6,39,400,55,140.6781463623047,7952.1929617469805,21009.460490730227,768,33,709,,,
video_0038$_$0044,train,0.0,39,400,55,124.93205261230469,2127.14263355206,51375146.75180534,768,33,709,,,
video_0054$_$0121,train,0.0,39,400,55,130.7852020263672,3860.6050367186936,10176.870994757592,768,33,709,,,
video_0043$_$0018,train,0.0,39,400,55,144.6737518310547,8894.201767878641,19631.83257031063,768,33,709,,,
video_0047$_$0006,train,0.0,39,400,55,127.78515625,2791.2709778731023,9187.778258385737,768,33,709,,,
video_0057$_$0016,train,-1.0,39,400,55,129.39451599121094,2876.451042859877,9367.17566733251,768,33,709,,,
video_0002$_$0036,train,1.0,39,400,55,137.84364318847656,4773.562016544461,13358.220409386313,768,33,709,,,
video_0048$_$0024,train,-1.0,39,400,55,129.9983367919922,3762.848335349201,9981.258937793478,768,33,709,,,
video_0056$_$0083,train,-1.0,39,400,55,127.10432434082031,3305.1270753862855,7879.681291503629,768,33,709,,,
video_0056$_$0076,train,-1.0,39,400,55,124.46150970458984,4555.951237722538,9745.926048773892,768,33,709,,,
video_0034$_$0008,train,-0.2,39,400,55,129.1362762451172,4758.406794513668,15546.280997103668,768,33,709,,,
video_0024$_$0003,train,1.0,39,400,55,130.18682861328125,2606.940853760702,9671.510531284119,768,33,709,,,
video_0040$_$0010,train,-1.0,39,400,55,129.99053955078125,3659.530144520264,7947.937313327067,768,33,709,,,
video_0046$_$0014,train,0.2,39,400,55,136.02716064453125,4709.633902608336,15971.24771096759,768,33,709,,,
video_0027$_$0041,train,-0.6,39,400,55,134.93296813964844,5493.172495527517,13954.778779822434,768,33,709,,,
video_0043$_$0017,train,-1.0,39,400,55,130.9967803955078,7815.371486462932,19061.3973155556,768,33,709,,,
video_0049$_$0010,train,1.0,39,400,55,131.3900146484375,3225.2280054370003,75298290.27266015,768,33,709,,,
video_0054$_$0062,train,1.0,39,400,55,128.15383911132812,3467.3112521498106,9869.022150957397,768,33,709,,,
video_0043$_$0056,train,0.0,39,400,55,134.02420043945312,4477.007641244862,11035.419937240822,768,33,709,,,
video_0001$_$0026,train,-0.6,39,400,55,128.48509216308594,4768.005376814471,11187.480674743434,768,33,709,,,
video_0023$_$0023,train,-0.4,39,400,55,138.3088836669922,6265.941044144386,14558.798193013008,768,33,709,,,
video_0024$_$0095,train,-0.6,39,400,55,127.55870819091797,3860.27982540606,11241.562560027516,768,33,709,,,
video_0012$_$0025,train,-0.6,39,400,55,132.15252685546875,5898.594793714117,11752.85456608322,768,33,709,,,
video_0012$_$0036,train,-0.8,39,400,55,138.25477600097656,6119.716708065518,14004.202076339894,768,33,709,,,
video_0053$_$0012,train,-1.0,39,400,55,131.4185028076172,5959.55840669709,12308.421772188269,768,33,709,,,
video_0047$_$0075,train,0.0,39,400,55,133.69410705566406,5751.288900283341,12728.557229362757,768,33,709,,,
video_0014$_$0011,train,-0.2,39,400,55,137.49745178222656,3713.5893979357493,12800.505675070848,768,33,709,,,
video_0002$_$0022,train,-0.2,39,400,55,132.99256896972656,3987.965276586713,11564.9505443851,768,33,709,,,
video_0037$_$0024,train,-1.0,39,400,55,130.82798767089844,5205.840808439715,13728.262561589336,768,33,709,,,
video_0053$_$0008,train,-1.0,39,400,55,131.2685546875,6834.482429531085,13907.100678236437,768,33,709,,,
video_0054$_$0030,train,-0.2,39,400,55,129.44598388671875,3799.822223433573,9781.95626525236,768,33,709,,,
video_0036$_$0010,train,-1.0,39,400,55,130.1073455810547,5642.7194326729195,14052.362373209287,768,33,709,,,
video_0025$_$0007,train,-1.0,39,400,55,130.69625854492188,3871.3455429008286,12045.710052318076,768,33,709,,,
video_0054$_$0054,train,0.8,39,400,55,133.0913543701172,4393.775483348132,12627.534966041841,768,33,709,,,
video_0022$_$0003,train,-0.2,39,400,55,132.8562469482422,5559.43355490994,12180.054795780008,768,33,709,,,
video_0045$_$0054,train,0.8,39,400,55,137.2857666015625,5869.737850772311,14370.538490719957,768,33,709,,,
video_0047$_$0003,train,0.0,39,400,55,134.07798767089844,5556.553465201335,92749683.66838346,768,33,709,,,
video_0024$_$0046,train,-0.8,39,400,55,133.8842010498047,4599.80730449925,13196.008571452294,768,33,709,,,
video_0046$_$0027,train,-0.8,39,400,55,126.67892456054688,1842.0886533051848,7510.855919735332,768,33,709,,,
video_0045$_$0069,train,1.0,39,400,55,129.30117797851562,1381.5329789402383,7773.267783086368,768,33,709,,,
video_0002$_$0021,train,-0.8,39,400,55,132.89781188964844,4660.571305955144,12212.132535223805,768,33,709,,,
video_0053$_$0034,train,0.0,39,400,55,132.34661865234375,4461.85787941071,11529.62973347727,768,33,709,,,
video_0025$_$0024,train,-0.2,39,400,55,134.344970703125,4709.252930248377,11018.279555422583,768,33,709,,,
video_0048$_$0019,train,-0.6,39,400,55,130.15048217773438,5914.4524976652165,10930.674344004641,768,33,709,,,
video_0041$_$0018,train,-0.2,39,400,55,127.56250762939453,1977.190929043678,51375148.869873986,768,33,709,,,
video_0015$_$0010,train,-1.0,39,400,55,128.1942596435547,2339.0236446030726,8068.985506158391,768,33,709,,,
video_0040$_$0047,train,0.0,39,400,55,132.2560272216797,7574.299247853705,13076.352909546027,768,33,709,,,
video_0056$_$0030,train,1.0,39,400,55,129.6394500732422,3775.074908002592,9573.081583545305,768,33,709,,,
video_0015$_$0040,train,0.0,39,400,55,140.14862060546875,7524.3267478202715,16120.076296025283,768,33,709,,,
video_0049$_$0006,train,-0.8,39,400,55,127.94707489013672,4855.941764318093,10261.070325573412,768,33,709,,,
video_0038$_$0045,train,0.4,39,400,55,126.56077575683594,2357.480913773378,8872.29407631385,768,33,709,,,
video_0051$_$0070,train,1.0,39,400,55,135.5906982421875,6093.801362226694,19888.32173320187,768,33,709,,,
video_0055$_$0016,train,0.6,39,400,55,125.81587219238281,2422.8846400209127,8996.143400768897,768,33,709,,,
video_0012$_$0038,train,0.0,39,400,55,131.39544677734375,5629.018419604711,12690.304517743338,768,33,709,,,
video_0019$_$0011,train,-1.0,39,400,55,128.2625732421875,4551.070745827416,51375149.74378691,768,33,709,,,
video_0047$_$0029,train,-1.0,39,400,55,131.6135711669922,2498.73666573038,7798.940156117678,768,33,709,,,
video_0060$_$0010,train,-1.0,39,400,55,128.3009796142578,3346.833922080359,9193.828052885794,768,33,709,,,
video_0054$_$0149,train,-0.2,39,400,55,139.6573944091797,6484.353843590449,16593.58826830161,768,33,709,,,
video_0045$_$0067,train,0.4,39,400,55,137.84613037109375,5084.600319174414,17528.571218592566,768,33,709,,,
video_0041$_$0010,train,-1.0,39,400,55,128.0621337890625,2853.015915790822,9371.958429776678,768,33,709,,,
video_0008$_$0003,train,-1.0,39,400,55,133.5956268310547,5237.466625619625,15893.725247254682,768,33,709,,,
video_0056$_$0034,train,-0.4,39,400,55,129.5918426513672,4086.198370187288,9597.23948864002,768,33,709,,,
video_0025$_$0045,train,-0.4,39,400,55,129.19488525390625,4763.978803503963,10391.307520957589,768,33,709,,,
video_0002$_$0013,train,0.0,39,400,55,133.11521911621094,5119.467812604089,12080.483352892526,768,33,709,,,
video_0001$_$0018,train,1.0,39,400,55,136.10491943359375,4126.918905495428,12302.419153759514,768,33,709,,,
video_0024$_$0049,train,0.2,39,400,55,131.1090850830078,2476.5273837224527,8417.687792806273,768,33,709,,,
video_0051$_$0061,train,-0.8,39,400,55,131.40892028808594,3366.566097867333,9997.058227299281,768,33,709,,,
video_0012$_$0040,train,-1.0,39,400,55,132.26712036132812,3438.8664820236713,10798.897232451873,768,33,709,,,
video_0036$_$0024,train,-1.0,39,400,55,131.90077209472656,4736.105056668132,14356.650674481241,768,33,709,,,
video_0040$_$0039,train,-1.0,39,400,55,124.86083984375,2692.781590142359,6959.684758786714,768,33,709,,,
video_0048$_$0017,train,-1.0,39,400,55,128.04150390625,6306.973534495569,12344.557952723018,768,33,709,,,
video_0012$_$0033,train,-0.2,39,400,55,135.87586975097656,4922.969817497947,11553.239329654783,768,33,709,,,
video_0055$_$0003,train,0.6,39,400,55,132.97718811035156,2685.2829263672706,11535.460051268159,768,33,709,,,
video_0015$_$0024,train,-0.2,39,400,55,131.95062255859375,4741.442948837038,8925.788607928682,768,33,709,,,
video_0051$_$0014,train,0.6,39,400,55,137.8241424560547,5129.075583535544,13089.517715490387,768,33,709,,,
video_0012$_$0032,train,0.2,39,400,55,133.79217529296875,5098.9707845357125,12081.539692359973,768,33,709,,,
video_0024$_$0104,train,0.0,39,400,55,137.70013427734375,4994.336174539039,12213.349351414628,768,33,709,,,
video_0011$_$0033,train,0.0,39,400,55,132.4049835205078,3914.6679851835866,10685.66227537936,768,33,709,,,
video_0056$_$0003,train,-1.0,39,400,55,144.4330291748047,9721.289625198762,20344.3087474413,768,33,709,,,
video_0027$_$0016,train,0.0,39,400,55,134.4217987060547,5400.98582472267,16493.72303140032,768,33,709,,,
video_0005$_$0004,train,-0.2,39,400,55,131.1702117919922,3241.250558273772,9994.317436278749,768,33,709,,,
video_0040$_$0037,train,-0.4,39,400,55,128.8403778076172,3191.4393801648325,8210.758253325948,768,33,709,,,
video_0036$_$0013,train,-0.4,39,400,55,129.49696350097656,5245.000618278138,12377.186660090101,768,33,709,,,
video_0033$_$0009,train,0.2,39,400,55,133.07623291015625,3575.6983572146814,8837.154064043498,768,33,709,,,
video_0060$_$0036,train,0.0,39,400,55,133.14979553222656,3931.194623703999,9302.00326007586,768,33,709,,,
video_0032$_$0005,train,1.0,39,400,55,134.6128692626953,4649.139597749228,11270.79064693057,768,33,709,,,
video_0045$_$0021,train,0.2,39,400,55,137.14581298828125,5569.621904496874,14483.051454751407,768,33,709,,,
video_0009$_$0033,train,0.8,39,400,55,130.83377075195312,2780.184342957479,51375150.74479879,768,33,709,,,
video_0015$_$0022,train,0.0,39,400,55,131.4849090576172,4155.12690884399,75298289.07240799,768,33,709,,,
video_0053$_$0033,train,-0.8,39,400,55,134.85934448242188,4341.91949064505,11219.427524328894,768,33,709,,,
video_0051$_$0069,train,0.2,39,400,55,134.1145477294922,3733.314304140913,10617.224523865158,768,33,709,,,
video_0028$_$0020,train,-0.6,39,400,55,140.10015869140625,7818.799142214747,18946.88226115053,768,33,709,,,
video_0053$_$0039,train,-0.6,39,400,55,128.46844482421875,6847.586050041469,13380.206654477384,768,33,709,,,
video_0051$_$0067,train,0.0,39,400,55,130.95347595214844,3061.2596373146393,10132.009879347597,768,33,709,,,
video_0011$_$0019,train,0.4,39,400,55,127.46232604980469,3245.1787813642263,9463.323690766343,768,33,709,,,
video_0047$_$0064,train,0.0,39,400,55,140.10494995117188,5854.78949264399,13190.367883383675,768,33,709,,,
video_0060$_$0031,train,-1.0,39,400,55,125.14187622070312,4843.023539062897,10078.916145227733,768,33,709,,,
video_0054$_$0004,train,0.8,39,400,55,130.52003479003906,4528.253696702794,11459.191035455431,768,33,709,,,
video_0054$_$0029,train,0.0,39,400,55,131.40306091308594,5056.464459509446,11769.670265381235,768,33,709,,,
video_0016$_$0047,train,-0.6,39,400,55,138.91845703125,9037.27223360938,18897.258751403373,768,33,709,,,
video_0060$_$0024,train,0.4,39,400,55,128.0956268310547,3563.131004555304,7368.594697389002,768,33,709,,,
video_0046$_$0023,train,-1.0,39,400,55,131.5585479736328,2664.2875760001507,12090.87940955432,768,33,709,,,
video_0041$_$0025,train,-1.0,39,400,55,136.59278869628906,7528.795152653704,19432.243015904915,768,33,709,,,
video_0040$_$0012,train,-1.0,39,400,55,126.6322250366211,2983.467185640918,6944.593002114164,768,33,709,,,
video_0053$_$0026,train,-0.8,39,400,55,136.99330139160156,5827.762618621354,13463.048479991603,768,33,709,,,
video_0013$_$0023,train,0.2,39,400,55,133.3883819580078,3440.373319423228,12220.897988920628,768,33,709,,,
video_0045$_$0099,train,0.6,39,400,55,143.03575134277344,6434.569619170982,16784.03186956565,768,33,709,,,
video_0054$_$0035,train,0.8,39,400,55,134.17433166503906,4020.589908796542,13364.84163428708,768,33,709,,,
video_0056$_$0057,train,-0.4,39,400,55,131.98948669433594,4689.119916449048,10593.874019715595,768,33,709,,,
video_0024$_$0021,train,-1.0,39,400,55,126.31444549560547,1640.7243947716922,6803.474410549423,768,33,709,,,
video_0009$_$0010,train,0.0,39,400,55,130.2932586669922,2954.748142670247,9863.989887215774,768,33,709,,,
video_0054$_$0108,train,-0.2,39,400,55,130.88258361816406,5391.341603057057,12719.218766642243,768,33,709,,,
video_0033$_$0008,train,1.0,39,400,55,127.09496307373047,2683.032302957788,7468.912457325812,768,33,709,,,
video_0053$_$0028,train,-0.8,39,400,55,134.3061981201172,6014.210388054865,13591.033098050046,768,33,709,,,
video_0009$_$0024,train,-1.0,39,400,55,134.8334503173828,2715.9065297259567,9627.999118856225,768,33,709,,,
video_0060$_$0043,train,-0.6,39,400,55,128.35614013671875,4253.497005093679,92485806.89241193,768,33,709,,,
video_0005$_$0015,train,-0.2,39,400,55,127.8731689453125,4142.968926588095,10943.654989305001,768,33,709,,,
video_0040$_$0052,train,-0.4,39,400,55,133.0648193359375,9157.99810977785,17906.50897934609,768,33,709,,,
video_0032$_$0018,train,0.2,39,400,55,126.33557891845703,6070.8460114114205,9620.905833916191,768,33,709,,,
video_0044$_$0002,train,0.6,39,400,55,132.1763153076172,4811.140323683693,11311.316470886602,768,33,709,,,
video_0024$_$0060,train,0.0,39,400,55,133.00820922851562,3943.578297064901,11039.113397237637,768,33,709,,,
video_0053$_$0016,train,0.0,39,400,55,129.896484375,4003.670763813937,10477.792236628427,768,33,709,,,
video_0052$_$0015,train,-1.0,39,400,55,129.92820739746094,3659.7132191934425,9172.673747173449,768,33,709,,,
video_0047$_$0069,train,-0.6,39,400,55,136.57334899902344,5091.211168749105,11297.981474820974,768,33,709,,,
video_0025$_$0001,train,0.0,39,400,55,141.28109741210938,5361.935045987861,16240.322142350484,768,33,709,,,
video_0059$_$0005,train,-0.4,39,400,55,135.8430633544922,3538.766145478067,13408.06144582502,768,33,709,,,
video_0052$_$0023,train,-0.2,39,400,55,129.73753356933594,2929.4692798211413,8555.05903423629,768,33,709,,,
video_0013$_$0016,train,-0.2,39,400,55,128.25689697265625,1920.7149040596464,8952.743095839796,768,33,709,,,
video_0034$_$0014,train,0.8,39,400,55,135.61705017089844,4779.270959148564,14791.049925314122,768,33,709,,,
video_0030$_$0031,train,-1.0,39,400,55,128.3124542236328,5416.148042090168,9758.84063134828,768,33,709,,,
video_0024$_$0023,train,0.0,39,400,55,130.56170654296875,5572.0170380223835,13028.665067151538,768,33,709,,,
video_0025$_$0040,train,1.0,39,400,55,133.98626708984375,5874.649628982573,92749682.51460004,768,33,709,,,
video_0010$_$0012,train,-0.8,39,400,55,130.15451049804688,3844.0643739541138,10233.958334355233,768,33,709,,,
video_0049$_$0011,train,-1.0,39,400,55,133.99412536621094,4670.257167384856,9825.261837304335,768,33,709,,,
video_0030$_$0016,train,1.0,39,400,55,132.0751495361328,4517.174512444974,12492.575183170738,768,33,709,,,
video_0024$_$0087,train,-1.0,39,400,55,136.4761505126953,7047.183274282206,14768.400314584895,768,33,709,,,
video_0043$_$0053,train,-0.8,39,400,55,129.1810302734375,4857.978620176841,10349.717849938299,768,33,709,,,
video_0015$_$0015,train,-1.0,39,400,55,125.42420196533203,3797.5605241525673,10022.597463873,768,33,709,,,
video_0024$_$0008,train,0.0,39,400,55,133.21290588378906,2894.9229733822704,11393.21793781496,768,33,709,,,
video_0024$_$0028,train,-0.4,39,400,55,128.80545043945312,4074.4439643393234,9042.604060454561,768,33,709,,,
video_0052$_$0017,train,-0.4,39,400,55,127.52655029296875,3712.905932683071,9337.541295143183,768,33,709,,,
video_0054$_$0151,train,-1.0,39,400,55,129.047607421875,4757.325387426956,13019.572491293224,768,33,709,,,
video_0018$_$0002,train,-0.4,39,400,55,131.39398193359375,2278.4004845549202,10603.47361665483,768,33,709,,,
video_0054$_$0091,train,0.0,39,400,55,128.44183349609375,6064.154204712192,12613.283953580398,768,33,709,,,
video_0052$_$0021,train,0.0,39,400,55,131.5892791748047,4712.536310899508,13963.699469711082,768,33,709,,,
video_0054$_$0165,train,-1.0,39,400,55,127.22718048095703,4746.622781860082,10806.059556796674,768,33,709,,,
video_0031$_$0031,train,0.2,39,400,55,133.54812622070312,7910.557059600939,14854.74047301988,768,33,709,,,
video_0045$_$0105,train,0.6,39,400,55,124.87983703613281,2267.252448324664,6359.4377253047605,768,33,709,,,
video_0009$_$0029,train,-1.0,39,400,55,130.6748504638672,1976.5552198315686,9068.336865270954,768,33,709,,,
video_0051$_$0044,train,0.8,39,400,55,129.7176971435547,3153.81462075079,10528.668004570272,768,33,709,,,
video_0023$_$0021,train,-1.0,39,400,55,131.80763244628906,2831.742462972517,8348.751957778526,768,33,709,,,
video_0046$_$0033,train,0.4,39,400,55,142.38296508789062,5336.573769980846,20336.021105023836,768,33,709,,,
video_0057$_$0022,train,-1.0,39,400,55,124.5860595703125,2149.6641770587785,8249.557468114877,768,33,709,,,
video_0023$_$0064,train,-1.0,39,400,55,135.28945922851562,5697.808279139416,14278.88729636441,768,33,709,,,
video_0054$_$0022,train,-0.6,39,400,55,128.84286499023438,4152.935602583092,9851.21958754415,768,33,709,,,
video_0017$_$0017,train,-0.6,39,400,55,139.0016632080078,5190.657626419641,17788.944742369433,768,33,709,,,
video_0029$_$0024,train,-1.0,39,400,55,128.47637939453125,9245.207639372711,18516.672598073106,768,33,709,,,
video_0043$_$0060,train,0.0,39,400,55,134.81529235839844,5425.22659351691,11727.689202826585,768,33,709,,,
video_0054$_$0038,train,-0.2,39,400,55,133.35633850097656,4697.2337031220895,12958.419878936676,768,33,709,,,
video_0054$_$0147,train,0.0,39,400,55,128.40614318847656,3961.214227940984,9818.164292445694,768,33,709,,,
video_0037$_$0014,train,-0.8,39,400,55,131.85276794433594,4193.278290548043,12946.938823442857,768,33,709,,,
video_0011$_$0003,train,0.2,39,400,55,131.83053588867188,4494.1531582370635,12432.643725093043,768,33,709,,,
video_0051$_$0039,train,0.8,39,400,55,128.88523864746094,3396.690951385286,10998.987333964982,768,33,709,,,
video_0024$_$0111,train,0.0,39,400,55,132.05479431152344,5848.317299022907,14148.199920238307,768,33,709,,,
video_0052$_$0027,train,0.8,39,400,55,132.02720642089844,2062.4815416580336,9110.144776914383,768,33,709,,,
video_0047$_$0058,train,0.0,39,400,55,129.7754669189453,3714.1066609233785,10496.210733305817,768,33,709,,,
video_0043$_$0006,train,1.0,39,400,55,138.7999267578125,5683.019179417207,14309.186061346989,768,33,709,,,
video_0023$_$0028,train,-0.6,39,400,55,138.2205352783203,8347.069609858596,15324.485432437028,768,33,709,,,
video_0056$_$0021,train,0.0,39,400,55,131.94590759277344,3997.55416269385,9121.798056619764,768,33,709,,,
video_0010$_$0021,train,-1.0,39,400,55,133.06546020507812,2698.1851741486466,9689.614332388712,768,33,709,,,
video_0053$_$0058,train,1.0,39,400,55,135.54672241210938,2227.5986365022977,13470.71556968808,768,33,709,,,
video_0043$_$0035,train,0.2,39,400,55,140.48348999023438,4941.6534385319,13565.277390462534,768,33,709,,,
video_0012$_$0003,train,0.6,39,400,55,128.84088134765625,4223.815030449646,10432.821141672823,768,33,709,,,
video_0047$_$0068,train,-0.2,39,400,55,135.81307983398438,5357.8087239055785,11518.286778912416,768,33,709,,,
video_0040$_$0035,train,-0.8,39,400,55,130.24205017089844,5680.2343490736175,10315.70216168161,768,33,709,,,
video_0045$_$0077,train,-0.8,39,400,55,130.30592346191406,3553.8962293030977,11618.277693798696,768,33,709,,,
video_0054$_$0160,train,1.0,39,400,55,128.37869262695312,2681.9130392085463,51375148.603742644,768,33,709,,,
video_0025$_$0031,train,1.0,39,400,55,131.31109619140625,5482.732195316936,13177.640810339282,768,33,709,,,
video_0034$_$0023,train,-0.4,39,400,55,128.11160278320312,3769.5217388009946,14313.144479523533,768,33,709,,,
video_0027$_$0032,train,1.0,39,400,55,132.3540802001953,5663.325229587994,14540.213441853262,768,33,709,,,
video_0030$_$0034,train,1.0,39,400,55,132.79469299316406,6565.105446054193,51375150.02168354,768,33,709,,,
video_0013$_$0004,train,1.0,39,400,55,129.56460571289062,3346.8423237084417,12422.984724688371,768,33,709,,,
video_0046$_$0058,train,-1.0,39,400,55,145.05516052246094,4474.68839345425,18459.45127145072,768,33,709,,,
video_0024$_$0011,train,0.0,39,400,55,135.47756958007812,4155.973872130758,12072.914836200802,768,33,709,,,
video_0053$_$0054,train,1.0,39,400,55,134.5250244140625,5330.236157414155,15593.434742603258,768,33,709,,,
video_0057$_$0004,train,-1.0,39,400,55,128.68801879882812,2599.399030676327,7926.280749242352,768,33,709,,,
video_0023$_$0001,train,0.2,39,400,55,130.0118865966797,6125.47841596059,12818.001668903502,768,33,709,,,
video_0005$_$0007,train,-1.0,39,400,55,131.9285888671875,4289.084057523965,51375148.00579751,768,33,709,,,
video_0028$_$0011,train,0.2,39,400,55,133.14044189453125,5168.530712409566,11527.870853084394,768,33,709,,,
video_0039$_$0008,train,-0.8,39,400,55,128.20904541015625,7539.891932867055,15093.001986982848,768,33,709,,,
video_0025$_$0043,train,-0.6,39,400,55,125.4740219116211,5101.083561995491,9993.60281720909,768,33,709,,,
video_0035$_$0026,train,-1.0,39,400,55,129.97384643554688,5771.193203506958,18351.915892994177,768,33,709,,,
video_0041$_$0019,train,-0.2,39,400,55,131.510986328125,3062.808890841785,9307.978130269566,768,33,709,,,
video_0022$_$0008,train,-1.0,39,400,55,132.1670684814453,6616.337934770482,13973.811198165604,768,33,709,,,
video_0030$_$0025,train,0.4,39,400,55,130.66696166992188,5268.095460895308,14109.452577421602,768,33,709,,,
video_0032$_$0021,train,-0.8,39,400,55,132.18109130859375,4949.342433608219,13470.554291523442,768,33,709,,,
video_0030$_$0022,train,0.6,39,400,55,124.35968780517578,3151.858572730702,7982.020683358734,768,33,709,,,
video_0037$_$0003,train,-1.0,39,400,55,125.44554138183594,3038.413360163205,9237.474838935002,768,33,709,,,
video_0054$_$0102,train,0.0,39,400,55,126.5761947631836,3809.7419494670585,7997.720017008142,768,33,709,,,
video_0034$_$0021,train,0.6,39,400,55,130.9444580078125,4711.252249221528,13116.45844947829,768,33,709,,,
video_0006$_$0021,train,-1.0,39,400,55,130.21734619140625,4856.612076619051,92749682.24506138,768,33,709,,,
video_0008$_$0005,train,0.0,39,400,55,133.90359497070312,4144.87193302715,13798.730744971599,768,33,709,,,
video_0055$_$0033,train,-1.0,39,400,55,131.37466430664062,3205.3253459549933,9727.56761747671,768,33,709,,,
video_0024$_$0055,train,-1.0,39,400,55,126.12965393066406,2567.9897837372673,7751.799440170487,768,33,709,,,
video_0009$_$0040,train,-1.0,39,400,55,134.96356201171875,4091.137086910512,15100.401175260644,768,33,709,,,
video_0053$_$0021,train,0.6,39,400,55,134.6698455810547,4900.961020594183,13825.864794250638,768,33,709,,,
video_0027$_$0027,train,-1.0,39,400,55,142.3117218017578,6655.595107667033,16107.584555690295,768,33,709,,,
video_0035$_$0022,train,0.6,39,400,55,128.8418426513672,2301.9456060506136,8815.203607627773,768,33,709,,,
video_0056$_$0005,train,-0.6,39,400,55,138.45819091796875,8075.117657559463,51375150.83090981,768,33,709,,,
video_0038$_$0026,train,-1.0,39,400,55,127.12944030761719,2920.0683941410325,9310.678024795241,768,33,709,,,
video_0056$_$0064,train,0.0,39,400,55,130.94390869140625,6366.4361711547,13219.380238515214,768,33,709,,,
video_0045$_$0056,train,0.0,39,400,55,132.05404663085938,3925.1413229896557,13661.444806366964,768,33,709,,,
video_0026$_$0008,train,-1.0,39,400,55,133.50509643554688,4834.639501638774,11332.66699305603,768,33,709,,,
video_0045$_$0015,train,0.0,39,400,55,128.35145568847656,3952.8170622220896,12694.559976992285,768,33,709,,,
video_0043$_$0059,train,0.4,39,400,55,127.23397827148438,3045.472556810765,7931.319337663847,768,33,709,,,
video_0026$_$0019,train,0.0,39,400,55,140.13531494140625,7530.914152253321,15676.76226022363,768,33,709,,,
video_0014$_$0012,train,-0.2,39,400,55,130.3488006591797,3834.087458648443,12535.719217459087,768,33,709,,,
video_0050$_$0013,train,-0.8,39,400,55,126.1944580078125,3442.9805859981593,10000.905518928264,768,33,709,,,
video_0038$_$0046,train,0.6,39,400,55,129.9608154296875,2754.9521721882566,9102.90462756362,768,33,709,,,
video_0058$_$0010,train,0.8,39,400,55,131.91319274902344,3928.5613577931267,10581.867473444263,768,33,709,,,
video_0016$_$0019,train,1.0,39,400,55,127.67512512207031,3306.874929472597,8876.384417444337,768,33,709,,,
video_0009$_$0017,train,1.0,39,400,55,129.4695587158203,5097.863097514455,14795.958066286426,768,33,709,,,
video_0052$_$0019,train,0.0,39,400,55,133.38783264160156,4265.440586033853,13332.461211631733,768,33,709,,,
video_0038$_$0001,train,0.2,39,400,55,130.64134216308594,4281.582557869426,11402.195817311165,768,33,709,,,
video_0027$_$0007,train,-1.0,39,400,55,134.15733337402344,7561.969204054768,19851.330878173416,768,33,709,,,
video_0054$_$0179,train,-0.6,39,400,55,126.51504516601562,3562.2895185647694,8249.681195092802,768,33,709,,,
video_0016$_$0008,train,0.0,39,400,55,129.89991760253906,4620.780168299894,11796.986323341935,768,33,709,,,
video_0051$_$0005,train,-1.0,39,400,55,126.47209167480469,2026.220554862849,5453.215170427414,768,33,709,,,
video_0011$_$0024,train,-1.0,39,400,55,125.49066162109375,2209.195699573644,7732.525000795162,768,33,709,,,
video_0035$_$0020,train,0.2,39,400,55,133.2344970703125,4344.323676888442,51375150.10781868,768,33,709,,,
video_0001$_$0034,train,-0.8,39,400,55,130.77423095703125,5600.986320374402,14968.049024449228,768,33,709,,,
video_0001$_$0024,train,-0.4,39,400,55,137.4502410888672,5653.426149999443,13884.20648749293,768,33,709,,,
video_0060$_$0040,train,-0.2,39,400,55,129.35072326660156,3901.1204516634475,8959.976408615988,768,33,709,,,
video_0032$_$0019,train,-1.0,39,400,55,132.4757843017578,4562.43752711595,10836.589673564551,768,33,709,,,
video_0031$_$0004,train,0.2,39,400,55,131.36041259765625,4672.029929429255,51375150.547212586,768,33,709,,,
video_0024$_$0083,train,-1.0,39,400,55,134.71490478515625,4269.969883654195,12911.021655596842,768,33,709,,,
video_0017$_$0004,train,0.0,39,400,55,128.92372131347656,4366.694870467718,12345.65973119953,768,33,709,,,
video_0054$_$0096,train,0.8,39,400,55,130.034423828125,4388.4465524397465,9263.049378336289,768,33,709,,,
video_0046$_$0030,train,-1.0,39,400,55,129.13446044921875,1728.0952568768387,9895.205420428552,768,33,709,,,
video_0059$_$0007,train,-1.0,39,400,55,128.15589904785156,2018.7688102223765,10238.58718072896,768,33,709,,,
video_0032$_$0020,train,-1.0,39,400,55,129.16050720214844,5350.472618446576,11819.197340476512,768,33,709,,,
video_0012$_$0034,train,0.2,39,400,55,131.63726806640625,4924.766112985194,12315.610121145019,768,33,709,,,
video_0053$_$0003,train,0.6,39,400,55,130.50416564941406,3786.396441126406,9875.48503139903,768,33,709,,,
video_0056$_$0019,train,0.0,39,400,55,129.64915466308594,5428.774778956241,11430.554903049915,768,33,709,,,
video_0046$_$0052,train,0.2,39,400,55,129.8104248046875,1880.2676099699277,9215.970533102965,768,33,709,,,
video_0025$_$0004,train,-1.0,39,400,55,127.2686538696289,2690.979736297898,8297.948080683951,768,33,709,,,
video_0047$_$0019,train,0.0,39,400,55,128.54489135742188,2781.754524370035,8289.230512363647,768,33,709,,,
video_0014$_$0026,train,-0.6,39,400,55,128.4855499267578,3789.882284919963,15021.726168822666,768,33,709,,,
video_0055$_$0012,train,-1.0,39,400,55,137.78616333007812,2474.8313864512165,11863.6092668399,768,33,709,,,
video_0040$_$0032,train,-0.2,39,400,55,130.1198272705078,3586.1093189271314,9565.579890606252,768,33,709,,,
video_0054$_$0056,train,0.6,39,400,55,132.11428833007812,4678.280815733232,11459.669055887985,768,33,709,,,
video_0017$_$0001,train,-0.2,39,400,55,141.84689331054688,4279.821834216818,14819.509749946948,768,33,709,,,
video_0002$_$0016,train,-1.0,39,400,55,144.12451171875,7103.848879557672,19130.07100123668,768,33,709,,,
video_0026$_$0005,train,0.2,39,400,55,134.67568969726562,6497.470070696018,13022.23478630516,768,33,709,,,
video_0010$_$0033,train,0.0,39,400,55,136.5830841064453,4465.568200500328,13526.824510718472,768,33,709,,,
video_0059$_$0001,train,-0.8,39,400,55,135.41790771484375,3649.3587424333,12124.77744751359,768,33,709,,,
video_0021$_$0002,train,0.0,39,400,55,137.4635467529297,4784.441707919518,16637.998990847493,768,33,709,,,
video_0025$_$0022,train,0.2,39,400,55,130.04598999023438,3453.5203930626535,8734.451733884616,768,33,709,,,
video_0024$_$0088,train,-1.0,39,400,55,134.76182556152344,8635.318553443058,16897.76762349548,768,33,709,,,
video_0030$_$0039,train,0.6,39,400,55,131.51214599609375,5484.43483071019,13287.10475738792,768,33,709,,,
video_0009$_$0018,train,1.0,39,400,55,138.79107666015625,4214.408493184926,16037.046364125064,768,33,709,,,
video_0045$_$0086,train,0.0,39,400,55,136.2193145751953,3989.350514035492,14102.475521777273,768,33,709,,,
video_0051$_$0045,train,0.8,39,400,55,132.23837280273438,2356.925100172227,9878.872896455807,768,33,709,,,
video_0014$_$0019,train,-0.2,39,400,55,127.91763305664062,2681.247699019326,9275.13958017249,768,33,709,,,
video_0051$_$0031,train,-0.6,39,400,55,130.39468383789062,5519.935521619081,13589.691988898136,768,33,709,,,
video_0010$_$0011,train,0.0,39,400,55,142.08438110351562,6708.003794396201,14087.490468847309,768,33,709,,,
video_0045$_$0071,train,-0.2,39,400,55,142.8356170654297,2860.7277981825982,15188.37581050812,768,33,709,,,
video_0031$_$0034,train,0.2,39,400,55,130.529296875,6321.82379173416,13801.57388496992,768,33,709,,,
video_0035$_$0002,train,-0.2,39,400,55,130.3251495361328,4649.202491911905,14314.557137861899,768,33,709,,,
video_0014$_$0002,train,-0.6,39,400,55,132.61569213867188,4816.351332167946,17223.351734676908,768,33,709,,,
video_0029$_$0004,train,-0.4,39,400,55,131.2133026123047,3109.409194035555,11081.807382301859,768,33,709,,,
video_0054$_$0009,train,1.0,39,400,55,127.81549835205078,3337.758600304162,8029.292510738738,768,33,709,,,
video_0047$_$0060,train,0.0,39,400,55,129.66990661621094,4559.189002649934,11252.121376543895,768,33,709,,,
video_0031$_$0021,train,-1.0,39,400,55,128.7596435546875,7386.568344669158,14652.162098099214,768,33,709,,,
video_0024$_$0016,train,0.0,39,400,55,128.92567443847656,3954.825516392377,11513.296297792029,768,33,709,,,
video_0045$_$0018,train,0.0,39,400,55,141.8723907470703,5029.972236481007,15527.653674472596,768,33,709,,,
video_0034$_$0011,train,-0.6,39,400,55,131.35433959960938,3198.9448561560184,10907.556303425332,768,33,709,,,
video_0038$_$0024,train,-0.8,39,400,55,135.0005645751953,3985.1321815874016,14437.268894709412,768,33,709,,,
video_0031$_$0012,train,-1.0,39,400,55,134.1071014404297,8448.650128792597,51375150.72737049,768,33,709,,,
video_0004$_$0001,train,0.6,39,400,55,135.96119689941406,5722.633544840745,14028.703121771236,768,33,709,,,
video_0049$_$0021,train,-1.0,39,400,55,133.94041442871094,5750.116528306989,13980.901660618136,768,33,709,,,
video_0002$_$0005,train,0.0,39,400,55,128.60556030273438,3300.743734836564,11122.899269248757,768,33,709,,,
video_0022$_$0021,train,-1.0,39,400,55,125.5419692993164,2542.8844204326397,6164.104207255742,768,33,709,,,
video_0055$_$0035,train,0.8,39,400,55,129.15037536621094,1423.5564997861213,8248.810367117592,768,33,709,,,
video_0060$_$0016,train,-1.0,39,400,55,128.85391235351562,2695.49035806813,6976.254916066065,768,33,709,,,
video_0034$_$0010,train,0.0,39,400,55,128.9263458251953,2540.8761470445183,9629.135991710358,768,33,709,,,
video_0051$_$0049,train,0.6,39,400,55,131.0851287841797,4382.6845735285115,13408.049215677804,768,33,709,,,
video_0015$_$0023,train,1.0,39,400,55,125.89940643310547,3640.6886212152704,9599.97677132269,768,33,709,,,
video_0009$_$0035,train,-1.0,39,400,55,130.78707885742188,3787.384434963948,16424.640247042385,768,33,709,,,
video_0051$_$0013,train,-0.2,39,400,55,125.34346771240234,2189.98108903716,6596.797184201052,768,33,709,,,
video_0048$_$0023,train,-1.0,39,400,55,132.51925659179688,5258.1575576259675,11722.017005231246,768,33,709,,,
video_0047$_$0063,train,-1.0,39,400,55,128.80972290039062,2695.4755897701716,75298289.967957,768,33,709,,,
video_0027$_$0004,train,-1.0,39,400,55,132.64210510253906,5160.469093724819,12580.214195539222,768,33,709,,,
video_0057$_$0011,train,-0.6,39,400,55,128.40548706054688,3966.6551400983963,12647.149980218415,768,33,709,,,
video_0025$_$0051,train,-0.2,39,400,55,146.3959197998047,7913.021352471634,15609.139365978353,768,33,709,,,
video_0001$_$0007,train,1.0,39,400,55,141.03033447265625,5009.322507477163,15125.167816794712,768,33,709,,,
video_0054$_$0045,train,0.2,39,400,55,131.72256469726562,3444.526087475853,10294.224157207998,768,33,709,,,
video_0056$_$0078,train,0.0,39,400,55,129.28799438476562,3848.196607557505,51375149.44003433,768,33,709,,,
video_0001$_$0029,train,-0.8,39,400,55,139.2987823486328,6652.086674643959,15759.199815788,768,33,709,,,
video_0057$_$0017,train,-0.2,39,400,55,130.45140075683594,3722.2848034775043,11246.87921978852,768,33,709,,,
video_0013$_$0022,train,1.0,39,400,55,128.14280700683594,2338.2159615771116,8933.766192505429,768,33,709,,,
video_0016$_$0030,train,0.0,39,400,55,132.6580352783203,7174.0920471744175,14584.777525757481,768,33,709,,,
video_0036$_$0026,train,-1.0,39,400,55,135.47242736816406,9138.011372511555,92749684.44740412,768,33,709,,,
video_0053$_$0019,train,-0.2,39,400,55,129.76393127441406,5886.86828546709,12628.608141830162,768,33,709,,,
video_0060$_$0009,train,0.4,39,400,55,128.00454711914062,2438.00815183112,7342.809610185056,768,33,709,,,
video_0051$_$0029,train,-0.8,39,400,55,133.98880004882812,7526.611739541646,17749.533062921128,768,33,709,,,
video_0047$_$0008,train,-0.4,39,400,55,129.58468627929688,3832.812356080986,9272.067802880385,768,33,709,,,
video_0006$_$0011,train,1.0,39,400,55,134.4691619873047,3072.2128234989746,11225.624655903095,768,33,709,,,
video_0010$_$0022,train,0.8,39,400,55,134.23582458496094,3067.7283013373985,9628.853215198498,768,33,709,,,
video_0037$_$0010,train,0.8,39,400,55,124.55461120605469,3611.85149884362,8461.97777108639,768,33,709,,,
video_0054$_$0163,train,1.0,39,400,55,131.4834747314453,3849.7237475807765,10974.932243021036,768,33,709,,,
video_0024$_$0038,train,-0.6,39,400,55,130.1980438232422,2903.3398456255736,8824.107589581094,768,33,709,,,
video_0040$_$0016,train,0.0,39,400,55,126.3572998046875,3808.291217164084,6531.709785201445,768,33,709,,,
video_0054$_$0144,train,-0.6,39,400,55,134.81533813476562,4517.362483433235,11539.789054414057,768,33,709,,,
video_0056$_$0009,train,-0.4,39,400,55,126.73877716064453,6435.631292608047,51375151.39116978,768,33,709,,,
video_0012$_$0046,train,-0.8,39,400,55,131.65939331054688,4919.2715088452205,12897.152665280099,768,33,709,,,
video_0051$_$0071,train,0.2,39,400,55,136.12619018554688,2726.210807941729,10581.749256896432,768,33,709,,,
video_0060$_$0014,train,0.2,39,400,55,130.8392791748047,3275.5432425829736,9414.921599238294,768,33,709,,,
video_0001$_$0008,train,-1.0,39,400,55,131.7342987060547,3110.537222512829,9879.0145863631,768,33,709,,,
video_0056$_$0072,train,1.0,39,400,55,131.47390747070312,7412.2462969654325,178243107.0156124,768,33,709,,,
video_0009$_$0016,train,0.0,39,400,55,132.11160278320312,3136.475697639286,9473.64990859754,768,33,709,,,
video_0014$_$0020,train,-0.6,39,400,55,130.95213317871094,6342.961955436214,13551.779321493645,768,33,709,,,
video_0051$_$0058,train,-1.0,39,400,55,127.34809875488281,2111.8836127653376,8585.716744219886,768,33,709,,,
video_0024$_$0099,train,0.2,39,400,55,141.49134826660156,5766.147842125077,15428.295611327067,768,33,709,,,
video_0026$_$0001,train,-1.0,39,400,55,135.67112731933594,5124.2317619512005,14759.831341376976,768,33,709,,,
video_0030$_$0008,train,-0.4,39,400,55,134.30859375,6292.960962037622,12417.151265183886,768,33,709,,,
video_0020$_$0011,train,0.2,39,400,55,131.2727508544922,3105.9655047331994,12621.774229251456,768,33,709,,,
video_0024$_$0089,train,-1.0,39,400,55,127.82408142089844,2422.080563870104,7986.62071503781,768,33,709,,,
video_0054$_$0133,train,-0.2,39,400,55,131.26333618164062,5390.3872002403,11582.128221864932,768,33,709,,,
video_0056$_$0001,train,1.0,39,400,55,124.73680114746094,5772.562866056694,11108.946196770823,768,33,709,,,
video_0023$_$0039,train,1.0,39,400,55,140.4197235107422,6524.123645830395,13795.92087461513,768,33,709,,,
video_0030$_$0027,train,-1.0,39,400,55,129.8310089111328,5224.232472660814,11594.391785756805,768,33,709,,,
video_0036$_$0002,train,-1.0,39,400,55,132.04574584960938,4206.492528005479,11344.748860952257,768,33,709,,,
video_0011$_$0013,train,-1.0,39,400,55,132.0099639892578,5218.1179653708405,13672.651287017712,768,33,709,,,
video_0023$_$0059,train,1.0,39,400,55,142.880615234375,8973.685548107269,18269.955150896218,768,33,709,,,
video_0056$_$0062,train,0.0,39,400,55,132.85836791992188,5182.130355433054,12660.27872485974,768,33,709,,,
video_0042$_$0010,train,-1.0,39,400,55,126.2831802368164,1507.952939470771,51375146.73572436,768,33,709,,,
video_0024$_$0098,train,-0.4,39,400,55,132.31442260742188,5667.250854576816,13099.583985176658,768,33,709,,,
video_0017$_$0007,train,-0.2,39,400,55,135.5945587158203,6407.4459388194155,17421.13859831341,768,33,709,,,
video_0027$_$0006,train,-1.0,39,400,55,131.09829711914062,4676.851445358253,11741.057071325342,768,33,709,,,
video_0047$_$0053,train,0.0,39,400,55,129.84751892089844,2709.449891699138,9910.337552621693,768,33,709,,,
video_0012$_$0041,train,-1.0,39,400,55,130.04762268066406,4386.004235021825,10390.092942885629,768,33,709,,,
video_0007$_$0005,train,-1.0,39,400,55,132.2849578857422,3020.175781509946,9846.771383579138,768,33,709,,,
video_0036$_$0012,train,-0.6,39,400,55,129.36276245117188,5459.374641466704,14351.0703412035,768,33,709,,,
video_0013$_$0024,train,1.0,39,400,55,127.43595123291016,1948.3192100283063,92749682.20749822,768,33,709,,,
video_0030$_$0019,train,0.8,39,400,55,129.62689208984375,4870.267613755554,11354.438613619312,768,33,709,,,
video_0054$_$0131,train,1.0,39,400,55,130.5392303466797,3642.423591310078,9322.57028535773,768,33,709,,,
video_0045$_$0052,train,-0.2,39,400,55,141.92970275878906,4829.154446402741,15005.597227316723,768,33,709,,,
video_0023$_$0045,train,1.0,39,400,55,129.56692504882812,5453.2745611893,12050.553798509509,768,33,709,,,
video_0029$_$0005,train,-0.4,39,400,55,128.74880981445312,2305.827203153517,51375147.672766365,768,33,709,,,
video_0031$_$0024,train,0.6,39,400,55,130.25250244140625,6530.501610842835,16743.48222132051,768,33,709,,,
video_0045$_$0095,train,-0.2,39,400,55,141.58583068847656,3971.475024550175,13884.971519879686,768,33,709,,,
video_0060$_$0033,train,-0.8,39,400,55,137.8701934814453,5059.923974850338,10989.64258656949,768,33,709,,,
video_0060$_$0019,train,-1.0,39,400,55,130.89288330078125,2931.9306411682423,8412.45335617449,768,33,709,,,
video_0010$_$0017,train,0.8,39,400,55,132.5948486328125,3772.421929922858,11819.43836995122,768,33,709,,,
video_0060$_$0002,train,0.2,39,400,55,127.01692962646484,1501.8049376210517,7875.697334349067,768,33,709,,,
video_0031$_$0002,train,-0.2,39,400,55,128.9943084716797,6641.270490747274,11742.39120298133,768,33,709,,,
video_0030$_$0006,train,-1.0,39,400,55,127.9700698852539,2494.381290420951,10232.207762916025,768,33,709,,,
video_0054$_$0094,train,0.0,39,400,55,127.61383056640625,3357.1843602114964,7790.462191284538,768,33,709,,,
video_0013$_$0003,train,-0.2,39,400,55,126.21735382080078,2794.013808389614,51375149.486405306,768,33,709,,,
video_0023$_$0019,train,1.0,39,400,55,132.0114288330078,4197.890053043309,11327.878799288344,768,33,709,,,
video_0054$_$0014,train,-0.2,39,400,55,131.36532592773438,3601.8628089802546,9968.692766976354,768,33,709,,,
video_0002$_$0031,train,0.8,39,400,55,135.79063415527344,5416.350923365648,13247.35737783111,768,33,709,,,
video_0016$_$0027,train,0.4,39,400,55,142.10374450683594,7146.543094042283,51375153.048024155,768,33,709,,,
video_0017$_$0011,train,-0.4,39,400,55,134.98106384277344,4232.490226185475,11801.230099389739,768,33,709,,,
video_0045$_$0039,train,0.8,39,400,55,138.71388244628906,5151.492327336694,18897.08837088823,768,33,709,,,
video_0054$_$0171,train,1.0,39,400,55,127.04019927978516,2495.554638612981,10065.601508633225,768,33,709,,,
video_0043$_$0051,train,0.2,39,400,55,138.06155395507812,4831.525407397608,13479.569877019183,768,33,709,,,
video_0040$_$0026,train,0.6,39,400,55,129.0560302734375,3148.2577538340774,7416.724470843854,768,33,709,,,
video_0022$_$0014,train,-1.0,39,400,55,133.4606170654297,5681.917993584188,12502.083649235588,768,33,709,,,
video_0022$_$0015,train,-0.4,39,400,55,133.1404571533203,5216.02525990534,10327.51401398847,768,33,709,,,
video_0060$_$0005,train,0.4,39,400,55,129.16749572753906,3571.352871448396,8376.892254690521,768,33,709,,,
video_0051$_$0033,train,-1.0,39,400,55,126.90258026123047,4000.2496954761896,12311.734950757662,768,33,709,,,
video_0027$_$0033,train,-0.2,39,400,55,137.52706909179688,5892.575794007711,14097.478126748418,768,33,709,,,
video_0038$_$0047,train,-1.0,39,400,55,133.6749725341797,2669.9916996769393,10806.176912351191,768,33,709,,,
video_0056$_$0024,train,0.2,39,400,55,131.2718048095703,6110.75671763886,51375152.331757054,768,33,709,,,
video_0055$_$0023,train,1.0,39,400,55,131.00498962402344,2402.410594769487,10830.462317900354,768,33,709,,,
video_0024$_$0109,train,0.0,39,400,55,128.9700469970703,3019.180427244499,92749681.86496706,768,33,709,,,
video_0042$_$0015,train,0.0,39,400,55,131.61672973632812,4049.8990627240087,10959.499443689592,768,33,709,,,
video_0015$_$0038,train,-1.0,39,400,55,128.57106018066406,2809.443503894307,8735.32180593617,768,33,709,,,
video_0023$_$0037,train,1.0,39,400,55,127.71082305908203,3546.5410164937894,6874.737659047795,768,33,709,,,
video_0056$_$0004,train,-0.8,39,400,55,131.09246826171875,5448.60584674824,10431.506087569189,768,33,709,,,
video_0022$_$0009,train,-0.4,39,400,55,130.9599609375,4137.505620182954,8934.143566281833,768,33,709,,,
video_0053$_$0040,train,0.0,39,400,55,130.21189880371094,4111.562234195987,13213.219491340968,768,33,709,,,
video_0001$_$0014,train,-0.2,39,400,55,128.07704162597656,4236.30169444963,11879.517465043977,768,33,709,,,
video_0036$_$0028,train,-0.4,39,400,55,134.7359619140625,3292.30979507267,75298289.77294248,768,33,709,,,
video_0048$_$0020,train,-1.0,39,400,55,127.21600341796875,5469.918903793126,9466.853854380757,768,33,709,,,
video_0043$_$0019,train,0.0,39,400,55,133.35108947753906,4776.197782520342,11833.912253172455,768,33,709,,,
video_0036$_$0016,train,-1.0,39,400,55,125.95015716552734,5156.083244050647,14483.30264237556,768,33,709,,,
video_0046$_$0004,train,0.0,39,400,55,139.3350372314453,1953.1222519858663,13003.667888281005,768,33,709,,,
video_0054$_$0090,train,0.0,39,400,55,128.3477325439453,3910.760199994021,9185.83247148733,768,33,709,,,
video_0037$_$0002,train,-1.0,39,400,55,126.45127868652344,3927.9611969534108,9652.521614511747,768,33,709,,,
video_0047$_$0024,train,-0.8,39,400,55,124.85575866699219,3418.9752666567683,6184.100442288718,768,33,709,,,
video_0055$_$0009,train,-0.6,39,400,55,132.25355529785156,1457.5017663413496,10171.94494426247,768,33,709,,,
video_0034$_$0009,train,-1.0,39,400,55,137.70443725585938,4970.5095789015895,75298289.30518876,768,33,709,,,
video_0017$_$0018,train,-0.4,39,400,55,132.67465209960938,3015.5192397372516,10053.685329014135,768,33,709,,,
video_0038$_$0027,train,0.8,39,400,55,129.3203887939453,3670.9139201499643,11439.364846967139,768,33,709,,,
video_0054$_$0136,train,-0.2,39,400,55,129.7810821533203,3816.9082183284017,10080.587319263637,768,33,709,,,
video_0052$_$0022,train,0.2,39,400,55,138.53704833984375,4258.0211665247325,13161.612597893212,768,33,709,,,
video_0002$_$0035,train,-0.8,39,400,55,137.85177612304688,5933.940011065918,13176.807390776075,768,33,709,,,
video_0015$_$0039,train,1.0,39,400,55,127.67457580566406,3684.8727498640133,9474.27514316674,768,33,709,,,
video_0037$_$0009,train,1.0,39,400,55,134.50318908691406,4874.673703062977,10089.128241758654,768,33,709,,,
video_0006$_$0007,train,-0.2,39,400,55,130.2952880859375,3459.2300851021273,9629.113224559793,768,33,709,,,
video_0025$_$0011,train,-0.2,39,400,55,133.40884399414062,3685.1647790247694,10820.178014988345,768,33,709,,,
video_0054$_$0065,train,1.0,39,400,55,127.2057113647461,3352.0637505565032,7975.704442563686,768,33,709,,,
video_0020$_$0010,train,-0.6,39,400,55,128.38307189941406,2303.59732689576,7817.365131072766,768,33,709,,,
video_0043$_$0012,train,0.8,39,400,55,126.15079498291016,2856.8436619549934,7088.967871002374,768,33,709,,,
video_0045$_$0012,train,-0.4,39,400,55,132.5497589111328,2698.6820583208428,9784.647480150854,768,33,709,,,
video_0051$_$0043,train,0.8,39,400,55,138.6910400390625,3694.9990666494655,11879.665105594908,768,33,709,,,
video_0043$_$0061,train,0.2,39,400,55,132.395263671875,5051.338124829914,12217.228169103579,768,33,709,,,
video_0051$_$0009,train,0.0,39,400,55,129.61717224121094,3624.195725599786,12791.110999382092,768,33,709,,,
video_0030$_$0002,train,-1.0,39,400,55,125.15803527832031,2611.7015069765184,7635.273262978118,768,33,709,,,
video_0054$_$0027,train,0.0,39,400,55,126.38963317871094,3097.959623088383,7908.065444490582,768,33,709,,,
video_0035$_$0005,train,-0.6,39,400,55,131.97579956054688,3446.1722385082167,11672.20637663736,768,33,709,,,
video_0056$_$0026,train,-0.2,39,400,55,124.40938568115234,2628.4074061504434,78164773.19712192,768,33,709,,,
video_0054$_$0083,train,-1.0,39,400,55,134.07359313964844,3676.5595969622536,9342.112378434027,768,33,709,,,
video_0031$_$0014,train,0.0,39,400,55,127.8543472290039,7818.345694446229,13100.427186656114,768,33,709,,,
video_0042$_$0008,train,-0.2,39,400,55,126.46434783935547,2494.6972788600156,6804.251066637393,768,33,709,,,
video_0041$_$0028,train,1.0,39,400,55,128.6842803955078,2285.8378144242124,11898.596743887498,768,33,709,,,
video_0025$_$0050,train,-0.4,39,400,55,135.87930297851562,5099.174918901064,10220.245876783336,768,33,709,,,
video_0024$_$0112,train,-0.2,39,400,55,137.08314514160156,3451.5419898170994,12436.43340608314,768,33,709,,,
video_0040$_$0053,train,-0.8,39,400,55,131.53700256347656,8179.377447818976,14487.520940086299,768,33,709,,,
video_0054$_$0020,train,0.2,39,400,55,135.27902221679688,5160.630316029874,12742.089669997109,768,33,709,,,
video_0001$_$0035,train,-1.0,39,400,55,130.73976135253906,2714.4315693474928,8266.824764842888,768,33,709,,,
video_0038$_$0019,train,-0.6,39,400,55,126.83424377441406,2801.449180457554,11010.884505969654,768,33,709,,,
video_0054$_$0119,train,0.4,39,400,55,132.62216186523438,3825.7838987632203,11525.640660434818,768,33,709,,,
video_0035$_$0007,train,-0.2,39,400,55,128.36758422851562,3297.3593983979586,10805.598667266318,768,33,709,,,
video_0048$_$0010,train,1.0,39,400,55,127.49365234375,5011.764085867452,10349.10278581944,768,33,709,,,
video_0020$_$0002,train,0.6,39,400,55,132.49168395996094,4527.344737738558,13509.773760083346,768,33,709,,,
video_0051$_$0047,train,0.6,39,400,55,127.34195709228516,2823.774272460584,10054.158405883767,768,33,709,,,
video_0040$_$0038,train,-0.4,39,400,55,127.01374053955078,3509.4980824729137,7488.705692763999,768,33,709,,,
video_0041$_$0032,train,-1.0,39,400,55,129.8643341064453,3782.4721887685373,12373.958284845816,768,33,709,,,
video_0046$_$0020,train,0.2,39,400,55,133.19552612304688,2728.4501869472856,12168.003895933707,768,33,709,,,
video_0019$_$0004,train,-1.0,39,400,55,142.22982788085938,7284.132558207826,18804.682527935285,768,33,709,,,
video_0015$_$0017,train,1.0,39,400,55,130.2812042236328,3588.4991063867506,9674.87666328024,768,33,709,,,
video_0051$_$0066,train,1.0,39,400,55,130.9615020751953,3987.203171191062,11799.941636924377,768,33,709,,,
video_0051$_$0022,train,0.2,39,400,55,130.15090942382812,4013.017054491288,11343.12136829885,768,33,709,,,
video_0048$_$0009,train,1.0,39,400,55,136.47540283203125,5201.826254302589,13238.109283413183,768,33,709,,,
video_0052$_$0003,train,1.0,39,400,55,128.55267333984375,3380.3490771534016,8254.989664624216,768,33,709,,,
video_0050$_$0006,train,0.8,39,400,55,133.76885986328125,3676.3110745791896,11386.400103380218,768,33,709,,,
video_0007$_$0007,train,-1.0,39,400,55,130.2439422607422,2598.63333860783,9198.77596894671,768,33,709,,,
video_0043$_$0020,train,1.0,39,400,55,128.37921142578125,4706.32498510929,10128.848579440679,768,33,709,,,
video_0032$_$0004,train,-0.2,39,400,55,138.97325134277344,6905.0268000355445,17309.68175616659,768,33,709,,,
video_0010$_$0029,train,0.6,39,400,55,130.53396606445312,3473.5140389814783,11619.29734067406,768,33,709,,,
video_0060$_$0030,train,1.0,39,400,55,128.1473388671875,3378.734376042908,7937.694171964462,768,33,709,,,
video_0038$_$0023,train,-0.2,39,400,55,125.47188568115234,2453.195268661132,7761.7657534823475,768,33,709,,,
video_0031$_$0010,train,1.0,39,400,55,129.16366577148438,5599.704746797015,9634.837010076468,768,33,709,,,
video_0032$_$0001,train,0.6,39,400,55,132.69068908691406,6557.220421104839,14255.039820717966,768,33,709,,,
video_0046$_$0009,train,0.0,39,400,55,138.60189819335938,2577.5687521576197,11580.131286812957,768,33,709,,,
video_0059$_$0004,train,0.6,39,400,55,141.24696350097656,3003.3906650925674,12172.2277089082,768,33,709,,,
video_0008$_$0002,train,-1.0,39,400,55,127.25264739990234,2870.6770492002256,126036909.67049898,768,33,709,,,
video_0041$_$0009,train,0.2,39,400,55,130.75770568847656,5246.312413381452,15074.9774983543,768,33,709,,,
video_0013$_$0002,train,0.2,39,400,55,132.22694396972656,2946.553582814124,10948.908465670276,768,33,709,,,
video_0043$_$0005,train,0.0,39,400,55,138.06106567382812,5416.54274778536,13856.545114080913,768,33,709,,,
video_0051$_$0057,train,-0.6,39,400,55,133.89866638183594,2649.237565254451,9743.219461910454,768,33,709,,,
video_0043$_$0038,train,-1.0,39,400,55,132.8498077392578,4898.436122220935,10729.76935819541,768,33,709,,,
video_0045$_$0102,train,0.0,39,400,55,131.64666748046875,4148.184666913292,10771.326679133825,768,33,709,,,
video_0043$_$0024,train,-1.0,39,400,55,135.38546752929688,7786.382847377606,16553.536188314138,768,33,709,,,
video_0054$_$0159,train,-1.0,39,400,55,130.29794311523438,2536.72492197568,8293.138908913228,768,33,709,,,
video_0047$_$0040,train,-0.2,39,400,55,131.33229064941406,2941.505539485125,9369.237194990523,768,33,709,,,
video_0010$_$0010,train,0.0,39,400,55,137.90567016601562,8234.123850486036,15507.180626928353,768,33,709,,,
video_0045$_$0048,train,-0.8,39,400,55,132.5009002685547,3847.8387287839682,11440.299669397602,768,33,709,,,
video_0049$_$0012,train,-1.0,39,400,55,133.99412536621094,4670.257167384856,9825.261837304335,768,33,709,,,
video_0035$_$0013,train,0.8,39,400,55,127.23151397705078,2264.270606692629,92749681.65733714,768,33,709,,,
video_0044$_$0009,train,-0.4,39,400,55,131.99916076660156,7688.123753562656,17774.54234311333,768,33,709,,,
video_0009$_$0004,train,-0.8,39,400,55,128.64724731445312,2582.4769436252986,8086.867943188268,768,33,709,,,
video_0045$_$0008,train,1.0,39,400,55,125.77409362792969,1451.937680024987,11528.611673185878,768,33,709,,,
video_0011$_$0034,train,1.0,39,400,55,132.62838745117188,3781.802053877965,12135.622715209834,768,33,709,,,
video_0056$_$0079,train,0.8,39,400,55,127.711181640625,2583.4024127913026,5927.866848147151,768,33,709,,,
video_0054$_$0140,train,1.0,39,400,55,131.13648986816406,3226.0635784013475,9937.39399422729,768,33,709,,,
video_0051$_$0023,train,-1.0,39,400,55,125.72462463378906,2941.757432498636,7247.669148509981,768,33,709,,,
video_0017$_$0013,train,-0.6,39,400,55,131.22293090820312,4658.913281270036,11685.454387992271,768,33,709,,,
video_0022$_$0006,train,-1.0,39,400,55,129.85989379882812,8846.596620456374,14421.258826657026,768,33,709,,,
video_0054$_$0150,train,0.0,39,400,55,133.07046508789062,3703.741890063905,10552.63923437829,768,33,709,,,
video_0024$_$0019,train,-1.0,39,400,55,128.68328857421875,3359.644256233789,10244.488574832001,768,33,709,,,
video_0054$_$0113,train,0.0,39,400,55,133.84278869628906,4925.5078563794705,11800.584225897686,768,33,709,,,
video_0030$_$0023,train,0.2,39,400,55,131.0355987548828,6752.811001477039,13528.312268459746,768,33,709,,,
video_0030$_$0032,train,-1.0,39,400,55,132.84475708007812,6323.049311258297,15064.533706298536,768,33,709,,,
video_0016$_$0044,train,-1.0,39,400,55,130.4185028076172,5241.753054441052,51375150.88309041,768,33,709,,,
video_0024$_$0061,train,-0.2,39,400,55,128.7225799560547,3759.299756354597,9997.443429540943,768,33,709,,,
video_0039$_$0001,train,-0.2,39,400,55,138.4093475341797,8558.624713596215,18423.03909136997,768,33,709,,,
video_0040$_$0042,train,-0.6,39,400,55,129.20236206054688,3940.0993104943077,8913.71470772844,768,33,709,,,
video_0047$_$0037,train,0.0,39,400,55,130.53904724121094,3289.2569980240073,10108.929949191364,768,33,709,,,
video_0045$_$0093,train,-1.0,39,400,55,131.6216583251953,2170.1221853482866,51375149.75898306,768,33,709,,,
video_0039$_$0002,train,-1.0,39,400,55,128.99623107910156,6833.822544232224,14584.190538838693,768,33,709,,,
video_0054$_$0153,train,0.2,39,400,55,132.3157196044922,4244.555498298643,12369.62820872178,768,33,709,,,
video_0014$_$0022,train,0.0,39,400,55,140.21145629882812,5485.202936173629,17670.91942578624,768,33,709,,,
video_0054$_$0114,train,0.2,39,400,55,126.91192626953125,2437.623332230684,7892.167854681412,768,33,709,,,
video_0051$_$0040,train,0.0,39,400,55,130.25326538085938,3889.44970077965,10969.512303467905,768,33,709,,,
video_0047$_$0017,train,0.2,39,400,55,131.1769256591797,4101.584387180609,10542.708675608517,768,33,709,,,
video_0051$_$0007,train,0.2,39,400,55,134.8813018798828,3104.1866773442985,9782.85996705139,768,33,709,,,
video_0048$_$0013,train,1.0,39,400,55,127.62262725830078,4189.804584863322,9500.05108715302,768,33,709,,,
video_0052$_$0009,train,-1.0,39,400,55,133.32101440429688,4697.1031523416805,15122.855743744856,768,33,709,,,
video_0047$_$0085,train,-1.0,39,400,55,128.25303649902344,2314.030682736429,8056.508511614,768,33,709,,,
video_0042$_$0003,train,-0.2,39,400,55,136.1822967529297,3928.843500518088,10530.532122076784,768,33,709,,,
video_0030$_$0024,train,0.8,39,400,55,134.02447509765625,8049.668624033675,18481.194615613153,768,33,709,,,
video_0040$_$0034,train,-0.4,39,400,55,139.83714294433594,8934.555052488058,75298289.68262205,768,33,709,,,
video_0045$_$0087,train,0.0,39,400,55,128.43112182617188,2561.1976872284554,10721.94934182589,768,33,709,,,
video_0045$_$0079,train,0.0,39,400,55,139.91221618652344,4769.535780060742,51375150.673135564,768,33,709,,,
video_0016$_$0024,train,1.0,39,400,55,134.04879760742188,3937.843962028631,10073.087943706323,768,33,709,,,
video_0009$_$0041,train,-0.2,39,400,55,127.56351470947266,2591.6597025187066,10755.455673015258,768,33,709,,,
video_0043$_$0011,train,0.6,39,400,55,136.299072265625,4633.523340730969,12606.898623874731,768,33,709,,,
video_0022$_$0017,train,0.6,39,400,55,132.70838928222656,5563.217256397904,75298288.5866946,768,33,709,,,
video_0045$_$0075,train,-0.2,39,400,55,132.75685119628906,2985.6518161823174,12832.188955983482,768,33,709,,,
video_0022$_$0013,train,-0.6,39,400,55,136.8702850341797,6444.83796907308,14463.506396993118,768,33,709,,,
video_0054$_$0112,train,0.0,39,400,55,137.73809814453125,7760.381941427397,17313.6497638616,768,33,709,,,
video_0045$_$0049,train,0.0,39,400,55,138.7058563232422,3759.9396450372096,11842.415218060507,768,33,709,,,
video_0045$_$0005,train,0.2,39,400,55,125.30016326904297,2698.4180054172966,8292.534299474984,768,33,709,,,
video_0054$_$0086,train,-0.8,39,400,55,132.9106903076172,3818.329690368802,9548.081577623647,768,33,709,,,
video_0016$_$0015,train,-1.0,39,400,55,134.8578338623047,3501.039925065772,10268.775124622058,768,33,709,,,
video_0040$_$0040,train,-0.6,39,400,55,134.85108947753906,6906.755560622822,14094.06624439927,768,33,709,,,
video_0024$_$0114,train,0.6,39,400,55,136.48526000976562,5407.4574289439,13041.90069049298,768,33,709,,,
video_0012$_$0001,train,1.0,39,400,55,124.97563171386719,3383.5801274373625,8018.932255156388,768,33,709,,,
video_0033$_$0007,train,-0.6,39,400,55,130.5382080078125,4703.290590333892,12677.229361430484,768,33,709,,,
video_0027$_$0046,train,1.0,39,400,55,126.94871520996094,4784.757367592349,9829.013577307232,768,33,709,,,
video_0002$_$0014,train,-0.4,39,400,55,127.36260223388672,4350.4908364280745,9057.758588479797,768,33,709,,,
video_0013$_$0034,train,0.0,39,400,55,137.1861572265625,3497.5548731584927,13034.848614680515,768,33,709,,,
video_0024$_$0036,train,-0.2,39,400,55,133.5576629638672,5226.884237954709,12670.160913794316,768,33,709,,,
video_0031$_$0001,train,0.6,39,400,55,134.82159423828125,5578.620644748965,51375147.341981135,768,33,709,,,
video_0027$_$0012,train,-0.4,39,400,55,129.6016082763672,4768.400204307831,13469.295720333315,768,33,709,,,
video_0009$_$0005,train,-0.2,39,400,55,129.79278564453125,1742.3354953259907,9064.21434729539,768,33,709,,,
video_0045$_$0050,train,0.2,39,400,55,137.60670471191406,4396.074668694471,13117.150466339632,768,33,709,,,
video_0025$_$0026,train,-1.0,39,400,55,129.90579223632812,4264.025944890376,9976.328691566538,768,33,709,,,
video_0024$_$0070,train,0.6,39,400,55,131.4106903076172,4235.889442101721,11339.942990488506,768,33,709,,,
video_0056$_$0028,train,0.4,39,400,55,127.6539306640625,3693.5911359162146,51375147.39899462,768,33,709,,,
video_0046$_$0036,train,0.8,39,400,55,132.36302185058594,2513.8224530248253,11987.46136019254,768,33,709,,,
video_0019$_$0013,train,1.0,39,400,55,135.00994873046875,4595.255205255938,12919.110173084448,768,33,709,,,
video_0059$_$0010,train,0.0,39,400,55,130.67559814453125,2204.2790229910306,7743.461046494052,768,33,709,,,
video_0051$_$0006,train,-1.0,39,400,55,126.42938995361328,2594.585515141877,9362.38856765789,768,33,709,,,
video_0023$_$0034,train,0.2,39,400,55,131.20053100585938,5049.093080693712,10992.920157963435,768,33,709,,,
video_0060$_$0007,train,1.0,39,400,55,127.92890167236328,2943.0360435288517,8670.055169107862,768,33,709,,,
video_0045$_$0055,train,0.0,39,400,55,137.21632385253906,2953.108474990039,51375150.85356282,768,33,709,,,
video_0024$_$0092,train,-1.0,39,400,55,128.47169494628906,3600.1431300739478,9263.436335014045,768,33,709,,,
video_0042$_$0012,train,-1.0,39,400,55,132.19166564941406,1915.6574871191622,51375149.149085544,768,33,709,,,
video_0052$_$0014,train,0.8,39,400,55,130.2664031982422,4181.9959762129465,11946.1779420999,768,33,709,,,
video_0031$_$0023,train,0.6,39,400,55,133.290283203125,7323.209360160212,14394.80047646011,768,33,709,,,
video_0052$_$0006,train,-1.0,39,400,55,125.42727661132812,2443.036246225548,7572.638377925437,768,33,709,,,
video_0012$_$0008,train,-1.0,39,400,55,127.93275451660156,3104.142054064366,8109.735657752659,768,33,709,,,
video_0054$_$0127,train,-0.6,39,400,55,128.96531677246094,2992.555167542945,51375150.53377449,768,33,709,,,
video_0059$_$0006,train,-0.2,39,400,55,128.63880920410156,1984.9923204462314,8423.842005674771,768,33,709,,,
video_0054$_$0132,train,0.2,39,400,55,134.12677001953125,5737.490607799147,13043.496387872847,768,33,709,,,
video_0029$_$0022,train,-1.0,39,400,55,127.7048110961914,5755.58882658605,152371193.87219664,768,33,709,,,
video_0051$_$0037,train,0.2,39,400,55,134.7492218017578,5511.382943138766,17077.299470557144,768,33,709,,,
video_0016$_$0003,train,1.0,39,400,55,130.06124877929688,3843.1717938548345,12300.343368526037,768,33,709,,,
video_0044$_$0008,train,0.0,39,400,55,135.3588409423828,4754.441970757482,12089.049823351903,768,33,709,,,
video_0045$_$0033,train,0.0,39,400,55,133.0880889892578,4511.759975789259,12699.607202422285,768,33,709,,,
video_0024$_$0078,train,-1.0,39,400,55,130.04493713378906,3229.0109074271627,10703.245945864232,768,33,709,,,
video_0051$_$0008,train,-0.8,39,400,55,127.99693298339844,2715.440839328895,9647.962931484943,768,33,709,,,
video_0028$_$0008,train,-1.0,39,400,55,130.9175567626953,4609.688229406901,11099.547857055177,768,33,709,,,
video_0054$_$0099,train,1.0,39,400,55,126.82538604736328,2909.1255125698567,7854.869473275965,768,33,709,,,
video_0053$_$0045,train,-0.8,39,400,55,144.08447265625,5817.52600813595,15646.46861649172,768,33,709,,,
video_0024$_$0096,train,-0.6,39,400,55,127.9715576171875,5569.091156767958,14386.808769751306,768,33,709,,,
video_0045$_$0042,train,0.4,39,400,55,141.76931762695312,4116.734511486418,17190.292568070035,768,33,709,,,
video_0052$_$0010,train,-1.0,39,400,55,132.41079711914062,4661.568085682776,12169.12236584534,768,33,709,,,
video_0055$_$0024,train,-1.0,39,400,55,131.97445678710938,2875.348711834044,11691.164876689249,768,33,709,,,
video_0043$_$0049,train,1.0,39,400,55,128.0538330078125,3865.7148030689345,10424.531357882377,768,33,709,,,
video_0040$_$0048,train,-0.2,39,400,55,127.26874542236328,6149.2693943180975,11485.971905848968,768,33,709,,,
video_0001$_$0019,train,-1.0,39,400,55,137.90391540527344,4956.964885379683,51375153.40462569,768,33,709,,,
video_0053$_$0048,train,-0.6,39,400,55,130.2941131591797,4929.256957861506,14292.912412584681,768,33,709,,,
video_0046$_$0018,train,1.0,39,400,55,137.41879272460938,3232.2624074382525,11746.057787913078,768,33,709,,,
video_0043$_$0013,train,-0.2,39,400,55,135.0691375732422,5056.036107333332,14976.552628936488,768,33,709,,,
video_0008$_$0007,train,0.2,39,400,55,128.97637939453125,2038.3468183274626,8559.595951117115,768,33,709,,,
video_0053$_$0061,train,0.8,39,400,55,138.71218872070312,3374.8860827246453,14333.68183597848,768,33,709,,,
video_0010$_$0013,train,1.0,39,400,55,128.5308074951172,3916.866817739477,10862.058914120038,768,33,709,,,
video_0024$_$0063,train,1.0,39,400,55,127.46607971191406,2847.1638192485852,9719.15252726252,768,33,709,,,
video_0038$_$0029,train,-0.6,39,400,55,127.75984191894531,3541.9610764536715,10383.822284439877,768,33,709,,,
video_0040$_$0020,train,-1.0,39,400,55,134.5352783203125,4114.285077349026,10947.995482978224,768,33,709,,,
video_0049$_$0015,train,0.4,39,400,55,131.8717041015625,5018.789132980878,11172.804749124642,768,33,709,,,
video_0014$_$0029,train,-1.0,39,400,55,129.32347106933594,5072.079835616668,16141.596807987406,768,33,709,,,
video_0054$_$0111,train,0.2,39,400,55,133.64405822753906,4350.8243855787505,11119.961924041216,768,33,709,,,
video_0051$_$0052,train,0.0,39,400,55,130.43728637695312,2689.4571043426363,8305.236005020088,768,33,709,,,
video_0033$_$0004,train,-1.0,39,400,55,143.50192260742188,7016.518895660526,51375152.71901158,768,33,709,,,
video_0054$_$0076,train,0.4,39,400,55,126.83265686035156,2300.728123613704,8831.318194235797,768,33,709,,,
video_0021$_$0007,train,-0.6,39,400,55,128.11807250976562,5268.709452416331,11039.638896027409,768,33,709,,,
video_0056$_$0031,train,0.2,39,400,55,127.17896270751953,2871.6958437829485,7718.953638242063,768,33,709,,,
video_0001$_$0002,train,1.0,39,400,55,128.52304077148438,2776.560114041662,8884.03069999125,768,33,709,,,
video_0023$_$0005,train,1.0,39,400,55,134.61256408691406,4688.629140037376,14641.209435259154,768,33,709,,,
video_0045$_$0043,train,-0.4,39,400,55,141.17572021484375,5415.161250395873,16144.85458264419,768,33,709,,,
video_0056$_$0008,train,-1.0,39,400,55,127.48094940185547,4836.130545330821,8585.20600278148,768,33,709,,,
video_0016$_$0018,train,-1.0,39,400,55,135.31997680664062,5555.723003374121,14567.396038491328,768,33,709,,,
video_0001$_$0001,train,-1.0,39,400,55,128.3040008544922,2088.4932927993227,7167.890848984124,768,33,709,,,
video_0009$_$0042,train,-0.2,39,400,55,127.65084838867188,2194.25088488325,9161.252769718796,768,33,709,,,
video_0053$_$0002,train,0.6,39,400,55,126.73332214355469,6133.344891794956,16985.364343375997,768,33,709,,,
video_0013$_$0015,train,0.6,39,400,55,137.350341796875,4031.2911131580954,15805.021446407425,768,33,709,,,
video_0054$_$0033,train,0.0,39,400,55,135.99156188964844,4435.8366404046365,11451.169142999357,768,33,709,,,
video_0054$_$0155,train,-0.4,39,400,55,135.4281768798828,5145.990914302751,14207.489174168966,768,33,709,,,
video_0054$_$0156,train,-1.0,39,400,55,134.8325653076172,6369.3248255300905,15600.670365036922,768,33,709,,,
video_0050$_$0012,train,-0.6,39,400,55,134.2330780029297,4809.534093387515,11220.184049358382,768,33,709,,,
video_0054$_$0016,train,0.2,39,400,55,131.67568969726562,5764.746750752749,12023.55303091211,768,33,709,,,
video_0031$_$0015,train,-1.0,39,400,55,132.60304260253906,7049.476864284827,14066.622000449614,768,33,709,,,
video_0023$_$0036,train,1.0,39,400,55,130.46421813964844,3344.579171277074,7941.907202584034,768,33,709,,,
video_0043$_$0039,train,0.0,39,400,55,126.88577270507812,3126.4244791539954,7089.431949705795,768,33,709,,,
video_0011$_$0005,train,1.0,39,400,55,127.93844604492188,2622.0376963642566,9701.900688825785,768,33,709,,,
video_0007$_$0009,train,-1.0,39,400,55,128.71063232421875,1762.5234389480713,8356.103453138936,768,33,709,,,
video_0040$_$0009,train,-0.2,39,400,55,126.62381744384766,4163.1123860977,49435743.21867736,768,33,709,,,
video_0054$_$0170,train,0.4,39,400,55,125.51393127441406,2350.202033527791,8493.439082168958,768,33,709,,,
video_0027$_$0025,train,-1.0,39,400,55,133.58421325683594,5220.13808461059,12527.802749000408,768,33,709,,,
video_0009$_$0013,train,0.0,39,400,55,133.48422241210938,4405.733743962784,11429.638457031446,768,33,709,,,
video_0025$_$0037,train,-1.0,39,400,55,130.44009399414062,2991.626897781185,8213.776410790195,768,33,709,,,
video_0017$_$0019,train,-0.6,39,400,55,137.4009246826172,4550.454709088323,51375149.64237933,768,33,709,,,
video_0030$_$0036,train,-1.0,39,400,55,129.30508422851562,2499.294685053076,9220.57209925188,768,33,709,,,
video_0045$_$0084,train,0.8,39,400,55,143.03648376464844,4183.087336625662,16676.103658182466,768,33,709,,,
video_0048$_$0002,train,-1.0,39,400,55,128.34646606445312,2606.7302810304195,7639.019485791472,768,33,709,,,
video_0058$_$0006,train,-1.0,39,400,55,126.1559829711914,4619.577657471043,11072.183153180318,768,33,709,,,
video_0054$_$0146,train,0.0,39,400,55,126.53717041015625,2654.817469343451,7037.673345386666,768,33,709,,,
video_0060$_$0011,train,0.8,39,400,55,130.69068908691406,3725.9983864339943,8439.99768214875,768,33,709,,,
video_0045$_$0007,train,0.0,39,400,55,127.56053161621094,3289.2504716309095,9413.288154898537,768,33,709,,,
video_0024$_$0043,train,-1.0,39,400,55,132.85850524902344,2676.6250844167685,9091.341960681157,768,33,709,,,
video_0052$_$0011,train,1.0,39,400,55,132.55445861816406,4584.858474220318,12479.122617852028,768,33,709,,,
video_0038$_$0021,train,-1.0,39,400,55,132.4712371826172,3988.364202883348,13342.559165619905,768,33,709,,,
video_0012$_$0004,train,-0.6,39,400,55,127.93318176269531,4364.915053581243,13701.625297083858,768,33,709,,,
video_0060$_$0001,train,1.0,39,400,55,126.73606872558594,2077.2651343387975,6441.305856207075,768,33,709,,,
video_0054$_$0017,train,-0.8,39,400,55,130.9020538330078,5363.724408404974,11373.981489838015,768,33,709,,,
video_0005$_$0006,train,-1.0,39,400,55,130.6009521484375,3885.0792390227393,10594.04746237401,768,33,709,,,
video_0007$_$0008,train,1.0,39,400,55,130.22640991210938,2574.0137820655045,9648.924637873459,768,33,709,,,
video_0045$_$0036,train,0.2,39,400,55,135.7193145751953,4333.967918356199,16089.220646558097,768,33,709,,,
video_0030$_$0033,train,0.0,39,400,55,131.25714111328125,6708.2516249648625,13556.124320942994,768,33,709,,,
video_0025$_$0005,train,-1.0,39,400,55,128.34933471679688,2553.4353632306884,8161.720358530666,768,33,709,,,
video_0056$_$0086,train,-0.8,39,400,55,136.28909301757812,10325.889920147727,20533.870349984765,768,33,709,,,
video_0023$_$0004,train,1.0,39,400,55,131.09095764160156,4932.89631089068,51375149.00730725,768,33,709,,,
video_0016$_$0013,train,-1.0,39,400,55,136.69041442871094,2719.8574161721895,13748.544536015053,768,33,709,,,
video_0025$_$0052,train,-0.6,39,400,55,136.76748657226562,5709.938201198381,13701.295812430491,768,33,709,,,
video_0040$_$0006,train,0.0,39,400,55,132.83534240722656,4790.8135996387,10301.577361794274,768,33,709,,,
video_0054$_$0023,train,-0.6,39,400,55,128.1215057373047,2942.8748444337034,7730.195143016602,768,33,709,,,
video_0040$_$0005,train,0.0,39,400,55,128.79852294921875,3826.8100055312875,7972.3285752567135,768,33,709,,,
video_0014$_$0005,train,-1.0,39,400,55,132.95420837402344,4396.244912796989,15916.817820270524,768,33,709,,,
video_0054$_$0129,train,0.0,39,400,55,131.52066040039062,4047.6633267709103,11166.871085322704,768,33,709,,,
video_0001$_$0013,train,0.0,39,400,55,131.48013305664062,3752.6334423997214,9212.326457433623,768,33,709,,,
video_0043$_$0032,train,0.0,39,400,55,136.56764221191406,4412.681665983384,12311.517486287634,768,33,709,,,
video_0024$_$0073,train,-1.0,39,400,55,137.3873291015625,4447.592591207429,11229.730050869051,768,33,709,,,
video_0008$_$0001,train,-0.6,39,400,55,129.5818328857422,3717.9837255095445,75298288.73259407,768,33,709,,,
video_0054$_$0158,train,1.0,39,400,55,128.91082763671875,2872.962625353678,10902.42609564888,768,33,709,,,
video_0011$_$0035,train,-0.2,39,400,55,133.5984344482422,5197.830672128868,14925.08363205999,768,33,709,,,
video_0029$_$0020,train,-1.0,39,400,55,130.30133056640625,3033.172857811607,9806.613016736756,768,33,709,,,
video_0011$_$0009,train,1.0,39,400,55,132.02247619628906,3089.5896995801704,10740.911303000688,768,33,709,,,
video_0047$_$0047,train,-1.0,39,400,55,139.55117797851562,4196.679514836129,75298289.79777287,768,33,709,,,
video_0035$_$0008,train,0.0,39,400,55,127.93561553955078,3401.424478363992,11631.22869960902,768,33,709,,,
video_0040$_$0007,train,-1.0,39,400,55,132.32972717285156,6063.505501994548,11891.471898319378,768,33,709,,,
video_0014$_$0016,train,-0.4,39,400,55,131.73382568359375,3742.9799228494,13666.881283135574,768,33,709,,,
video_0045$_$0103,train,0.0,39,400,55,137.9889678955078,4414.675574800517,12247.497022849237,768,33,709,,,
video_0025$_$0025,train,0.6,39,400,55,125.51313781738281,3071.5949771998257,10537.375143436551,768,33,709,,,
video_0026$_$0013,train,-0.8,39,400,55,141.3297576904297,9652.932379780417,18896.116583743053,768,33,709,,,
video_0031$_$0035,train,-0.4,39,400,55,132.46868896484375,6689.014478753498,12274.31335767368,768,33,709,,,
video_0045$_$0010,train,0.0,39,400,55,136.45361328125,3171.3915962738865,12372.63897313222,768,33,709,,,
video_0011$_$0032,train,-1.0,39,400,55,129.0336151123047,3065.6529131089046,8977.787084332776,768,33,709,,,
video_0044$_$0001,train,0.2,39,400,55,139.970703125,8241.18325949122,19307.264062152943,768,33,709,,,
video_0055$_$0017,train,-0.6,39,400,55,126.70336151123047,1924.803562942195,8089.596245965572,768,33,709,,,
video_0025$_$0019,train,-0.2,39,400,55,127.77690124511719,3824.3909037460526,6822.9961456263245,768,33,709,,,
video_0006$_$0012,train,-0.6,39,400,55,130.8599090576172,2438.064972084623,9261.636823266821,768,33,709,,,
video_0047$_$0073,train,0.0,39,400,55,130.1280059814453,3689.4164123090336,11072.720515061537,768,33,709,,,
video_0001$_$0020,train,-0.8,39,400,55,127.19586944580078,3828.3327365706923,10193.735977034647,768,33,709,,,
video_0040$_$0029,train,-1.0,39,400,55,135.4154052734375,5086.3584195242,12968.215158066478,768,33,709,,,
video_0060$_$0028,train,0.2,39,400,55,133.1026611328125,4754.618568445197,51375149.91410442,768,33,709,,,
video_0011$_$0022,train,-1.0,39,400,55,130.81643676757812,4672.828787075735,17392.484755847287,768,33,709,,,
video_0043$_$0027,train,0.0,39,400,55,133.49954223632812,5838.764947787836,15746.219619411328,768,33,709,,,
video_0024$_$0012,train,0.0,39,400,55,133.68919372558594,4478.957485732184,11496.298134618759,768,33,709,,,
video_0003$_$0002,train,-1.0,39,400,55,134.8695526123047,5031.098087874865,12352.111222747548,768,33,709,,,
video_0053$_$0022,train,1.0,39,400,55,140.0941925048828,7982.734179650339,17809.376418858254,768,33,709,,,
video_0036$_$0018,train,-1.0,39,400,55,131.26959228515625,4355.913406590327,11165.799317156414,768,33,709,,,
video_0049$_$0008,train,-0.8,39,400,55,131.53976440429688,3580.5013631235133,8733.93783003402,768,33,709,,,
video_0053$_$0030,train,-1.0,39,400,55,126.00944519042969,3622.0473239317284,8421.165034758404,768,33,709,,,
video_0046$_$0051,train,0.0,39,400,55,134.9036407470703,2335.059068288643,51375151.003312096,768,33,709,,,
video_0018$_$0003,train,0.0,39,400,55,129.14170837402344,2374.833332796859,9832.25220579856,768,33,709,,,
video_0054$_$0078,train,0.6,39,400,55,130.50344848632812,3269.3098125010706,9687.121423551289,768,33,709,,,
video_0016$_$0025,train,0.0,39,400,55,134.50331115722656,3655.1648717282224,11064.418926362046,768,33,709,,,
video_0011$_$0006,train,-1.0,39,400,55,133.11917114257812,5927.4485412038175,16235.380550137987,768,33,709,,,
video_0020$_$0003,train,-0.4,39,400,55,133.1228485107422,5328.544926595779,14618.977868101018,768,33,709,,,
video_0054$_$0148,train,-0.2,39,400,55,129.9467010498047,5565.8953401106755,13813.016717853252,768,33,709,,,
video_0043$_$0046,train,0.0,39,400,55,137.71311950683594,4976.6089215494685,12456.532432833896,768,33,709,,,
video_0024$_$0014,train,-1.0,39,400,55,131.6867218017578,5989.535187962103,12216.254575318098,768,33,709,,,
video_0024$_$0076,train,-1.0,39,400,55,134.3793182373047,4426.23301749809,10794.958095868493,768,33,709,,,
video_0057$_$0009,train,-0.2,39,400,55,128.52394104003906,3383.4896600518373,11111.142256634304,768,33,709,,,
video_0036$_$0003,train,-1.0,39,400,55,129.2920684814453,5476.825243389188,11854.326881734403,768,33,709,,,
video_0032$_$0011,train,-0.2,39,400,55,128.5869903564453,5776.617796914653,11259.48757043145,768,33,709,,,
video_0024$_$0032,train,0.0,39,400,55,128.4839630126953,5891.604628920907,12490.618171381373,768,33,709,,,
video_0046$_$0061,train,0.8,39,400,55,130.77041625976562,2071.670105534955,15164.71362025643,768,33,709,,,
video_0056$_$0046,train,1.0,39,400,55,128.96331787109375,4208.790309653956,8612.80393013282,768,33,709,,,
video_0043$_$0001,train,1.0,39,400,55,138.20130920410156,3765.3615048609713,11261.469355681224,768,33,709,,,
video_0047$_$0038,train,0.0,39,400,55,133.1311492919922,4260.179551613892,10447.753061546078,768,33,709,,,
video_0030$_$0007,train,-1.0,39,400,55,140.77671813964844,7921.738786556093,16891.83857534132,768,33,709,,,
video_0054$_$0118,train,0.4,39,400,55,137.36431884765625,4972.378690974924,13029.807749671383,768,33,709,,,
video_0014$_$0033,train,0.2,39,400,55,131.51947021484375,4334.165697401909,13540.183470410397,768,33,709,,,
video_0046$_$0003,train,0.2,39,400,55,134.88111877441406,2117.1011089690746,13331.938856130482,768,33,709,,,
video_0047$_$0007,train,0.2,39,400,55,129.46890258789062,3738.1694581787056,9710.35627699453,768,33,709,,,
video_0018$_$0011,train,-1.0,39,400,55,128.7993927001953,5332.84443525561,14593.768662285069,768,33,709,,,
video_0031$_$0030,train,0.0,39,400,55,132.625244140625,7183.454750379238,12737.599894651617,768,33,709,,,
video_0014$_$0014,train,0.0,39,400,55,129.36874389648438,3037.0650893574566,11637.483443116545,768,33,709,,,
video_0056$_$0032,train,0.6,39,400,55,125.2420883178711,2345.731137805645,5797.919325229723,768,33,709,,,
video_0056$_$0012,train,-0.6,39,400,55,130.67547607421875,4064.1144461410227,9233.730754320233,768,33,709,,,
video_0038$_$0039,train,0.0,39,400,55,127.02838134765625,2489.1588597895943,75298288.9018473,768,33,709,,,
video_0054$_$0082,train,-0.8,39,400,55,131.55491638183594,3597.255025363142,10305.965541822436,768,33,709,,,
video_0046$_$0021,train,-1.0,39,400,55,130.6471710205078,2270.123087775273,11774.24506832121,768,33,709,,,
video_0029$_$0012,train,0.0,39,400,55,126.90576171875,2757.751778402662,7674.442507223993,768,33,709,,,
video_0001$_$0015,train,-1.0,39,400,55,132.0563201904297,4111.781725755868,13613.401736102218,768,33,709,,,
video_0024$_$0047,train,1.0,39,400,55,129.99713134765625,4930.278229846614,13820.969108401301,768,33,709,,,
video_0033$_$0005,train,-0.6,39,400,55,133.20883178710938,4719.716206350741,12832.513783313409,768,33,709,,,
video_0001$_$0005,train,-1.0,39,400,55,133.82107543945312,2041.7180693780838,9149.48349402262,768,33,709,,,
video_0046$_$0049,train,-0.8,39,400,55,135.1592559814453,3311.197572426582,13431.816812872272,768,33,709,,,
video_0034$_$0007,train,-1.0,39,400,55,138.7526092529297,6322.266849567798,18153.74634948199,768,33,709,,,
video_0015$_$0014,train,-1.0,39,400,55,138.25799560546875,4935.786969610573,121092346.08800068,768,33,709,,,
video_0051$_$0054,train,0.6,39,400,55,137.59085083007812,4560.513328701995,14711.408124451817,768,33,709,,,
video_0017$_$0010,train,1.0,39,400,55,133.61474609375,4010.5680475472873,11238.311658399181,768,33,709,,,
video_0056$_$0054,train,-0.2,39,400,55,134.5896453857422,4771.94052344624,51375150.276756644,768,33,709,,,
video_0032$_$0003,train,-0.4,39,400,55,127.79353332519531,5004.15944678067,12067.941306293573,768,33,709,,,
video_0048$_$0018,train,-1.0,39,400,55,128.44921875,5249.991067804541,11723.406356686724,768,33,709,,,
video_0034$_$0022,train,0.6,39,400,55,126.43326568603516,4035.4622524647557,12700.240704255802,768,33,709,,,
video_0043$_$0034,train,0.0,39,400,55,129.66168212890625,3431.233832047476,8829.6273987726,768,33,709,,,
video_0022$_$0022,train,-1.0,39,400,55,135.82411193847656,4433.293913018543,11321.284139581778,768,33,709,,,
video_0038$_$0016,train,-0.2,39,400,55,127.70755004882812,2563.2241454051095,8451.602207984204,768,33,709,,,
video_0054$_$0175,train,-1.0,39,400,55,128.06561279296875,3291.5162991083585,9289.252612212415,768,33,709,,,
video_0027$_$0009,train,1.0,39,400,55,129.06187438964844,4291.866660622135,12393.051127823977,768,33,709,,,
video_0013$_$0020,train,-0.8,39,400,55,137.7807159423828,2841.435471828562,15034.774237814172,768,33,709,,,
video_0060$_$0042,train,0.0,39,400,55,128.36024475097656,3797.7385571860805,9512.24457184063,768,33,709,,,
video_0030$_$0009,train,-1.0,39,400,55,132.5340118408203,4940.065921243911,12460.502873265903,768,33,709,,,
video_0001$_$0030,train,0.2,39,400,55,126.30840301513672,2822.5561065233373,6654.219965785098,768,33,709,,,
video_0060$_$0004,train,-1.0,39,400,55,129.63247680664062,2840.112274570576,9834.105278355046,768,33,709,,,
video_0007$_$0012,train,-1.0,39,400,55,134.99755859375,3673.559543141074,11957.755769564292,768,33,709,,,
video_0059$_$0013,train,-1.0,39,400,55,128.75112915039062,2942.9179631872403,9741.105521310907,768,33,709,,,
video_0035$_$0024,train,0.0,39,400,55,128.59561157226562,3139.13493086001,10264.73118443862,768,33,709,,,
video_0060$_$0013,train,0.8,39,400,55,130.5142364501953,4341.02133575526,9448.5808653653,768,33,709,,,
video_0012$_$0015,train,-1.0,39,400,55,132.10952758789062,6357.901706990318,13659.948569937236,768,33,709,,,
video_0002$_$0024,train,0.6,39,400,55,134.947265625,5149.6977415546735,15424.861050373991,768,33,709,,,
video_0054$_$0181,train,0.0,39,400,55,126.78216552734375,3988.3721564029024,10168.894366479242,768,33,709,,,
video_0060$_$0022,train,-1.0,39,400,55,132.91470336914062,6043.659378160358,75298289.56807515,768,33,709,,,
video_0028$_$0010,train,-0.4,39,400,55,130.34652709960938,3093.7219593267278,9274.229061104677,768,33,709,,,
video_0060$_$0026,train,0.0,39,400,55,129.26480102539062,3604.281935280682,9450.413854493974,768,33,709,,,
video_0036$_$0019,train,-1.0,39,400,55,126.6620101928711,3999.5803297994457,9550.520588580011,768,33,709,,,
video_0024$_$0093,train,-1.0,39,400,55,125.60081481933594,4454.232963910323,10734.26752343302,768,33,709,,,
video_0060$_$0017,train,-1.0,39,400,55,126.34368133544922,3828.317479754105,8017.690837663285,768,33,709,,,
video_0052$_$0020,train,0.0,39,400,55,137.72622680664062,5140.51961253169,16046.492609936138,768,33,709,,,
video_0043$_$0029,train,-0.2,39,400,55,129.1696319580078,4638.951589129763,12349.820212555413,768,33,709,,,
video_0035$_$0006,train,-0.2,39,400,55,125.64306640625,2199.890888280228,8295.999806203097,768,33,709,,,
video_0037$_$0012,train,-1.0,39,400,55,128.14402770996094,3826.6240856566433,9570.596752571071,768,33,709,,,
video_0022$_$0010,train,0.6,39,400,55,130.60462951660156,6438.491613633978,11145.933246418683,768,33,709,,,
video_0031$_$0029,train,1.0,39,400,55,138.43133544921875,9715.90505479877,20030.619045734373,768,33,709,,,
video_0046$_$0035,train,-0.4,39,400,55,134.7102508544922,2754.017051018572,15584.76276336132,768,33,709,,,
video_0045$_$0026,train,0.4,39,400,55,134.1315460205078,4895.2067201475265,13991.938253795963,768,33,709,,,
video_0015$_$0004,train,0.0,39,400,55,135.33380126953125,3270.8986684144165,12602.560631685272,768,33,709,,,
video_0035$_$0016,train,-0.4,39,400,55,131.17507934570312,3703.9335627339474,14092.083945940767,768,33,709,,,
video_0038$_$0028,valid,0.0,39,400,55,130.4966278076172,2551.2753087496612,8457.613257523144,768,33,709,,,
video_0053$_$0053,valid,0.4,39,400,55,133.38963317871094,3561.3257731907934,12713.36495170049,768,33,709,,,
video_0016$_$0028,valid,0.0,39,400,55,126.93245697021484,5678.634173562918,9597.494100974065,768,33,709,,,
video_0012$_$0017,valid,-1.0,39,400,55,134.37411499023438,4316.312633121011,12539.755182220864,768,33,709,,,
video_0047$_$0036,valid,0.0,39,400,55,130.64027404785156,4928.854433193163,12192.404722444926,768,33,709,,,
video_0045$_$0070,valid,0.2,39,400,55,139.3328857421875,4913.875617751779,15167.783417880572,768,33,709,,,
video_0023$_$0029,valid,-0.4,39,400,55,134.78134155273438,5329.47120318661,51375149.39316493,768,33,709,,,
video_0024$_$0072,valid,-0.4,39,400,55,131.08917236328125,3317.957771359781,10185.302864507974,768,33,709,,,
video_0051$_$0012,valid,-0.2,39,400,55,130.46951293945312,2859.2839158973597,10175.704901350566,768,33,709,,,
video_0040$_$0017,valid,-0.6,39,400,55,128.95274353027344,5351.963217412102,51375149.27707443,768,33,709,,,
video_0038$_$0002,valid,0.0,39,400,55,132.81185913085938,4274.455992159391,11820.11101405825,768,33,709,,,
video_0023$_$0050,valid,-1.0,39,400,55,129.7640838623047,3880.044180875346,10382.59517045756,768,33,709,,,
video_0035$_$0033,valid,0.0,39,400,55,129.15475463867188,5001.644781714519,51375151.515087135,768,33,709,,,
video_0056$_$0088,valid,0.2,39,400,55,126.77237701416016,4480.29494752096,10454.979318420923,768,33,709,,,
video_0047$_$0087,valid,-1.0,39,400,55,128.86190795898438,5507.592510661052,11544.1845931345,768,33,709,,,
video_0047$_$0080,valid,-0.8,39,400,55,132.22698974609375,4168.242796387573,13032.12141102833,768,33,709,,,
video_0019$_$0016,valid,0.4,39,400,55,137.5974578857422,7911.623947165214,19560.09089378887,768,33,709,,,
video_0054$_$0145,valid,0.0,39,400,55,128.5998992919922,2415.3173524502204,9143.74107258838,768,33,709,,,
video_0042$_$0016,valid,-0.2,39,400,55,129.48582458496094,3305.723906617043,10128.840927974015,768,33,709,,,
video_0033$_$0006,valid,0.0,39,400,55,126.90605163574219,3365.4445418034584,8960.562891080113,768,33,709,,,
video_0034$_$0001,valid,-1.0,39,400,55,126.19576263427734,2407.949914819719,10293.06999664136,768,33,709,,,
video_0046$_$0022,valid,0.8,39,400,55,142.43409729003906,3895.285567926268,15897.584761519036,768,33,709,,,
video_0047$_$0074,valid,0.0,39,400,55,129.52056884765625,3279.318607266071,10804.464183736987,768,33,709,,,
video_0053$_$0025,valid,1.0,39,400,55,132.19821166992188,4264.761255649816,13420.782906787914,768,33,709,,,
video_0059$_$0002,valid,-1.0,39,400,55,125.06028747558594,1751.0668997794796,8174.265668955105,768,33,709,,,
video_0033$_$0013,valid,1.0,39,400,55,140.1648406982422,5066.13274604176,17154.658102756443,768,33,709,,,
video_0023$_$0041,valid,1.0,39,400,55,130.87371826171875,5615.253339106151,10906.639641504697,768,33,709,,,
video_0042$_$0019,valid,1.0,39,400,55,137.0963134765625,4151.1668606839485,14244.998511029895,768,33,709,,,
video_0016$_$0043,valid,0.6,39,400,55,135.30718994140625,5128.069019327213,12020.64499307275,768,33,709,,,
video_0015$_$0018,valid,-0.2,39,400,55,136.54530334472656,5829.098032259325,14187.714861864642,768,33,709,,,
video_0041$_$0007,valid,-1.0,39,400,55,139.23887634277344,5669.021064439266,15644.611313511714,768,33,709,,,
video_0012$_$0029,valid,0.4,39,400,55,132.9962921142578,3872.3461010159845,51375148.019119725,768,33,709,,,
video_0013$_$0005,valid,0.2,39,400,55,137.9593048095703,2714.540318444605,12408.732651547212,768,33,709,,,
video_0009$_$0038,valid,0.8,39,400,55,133.04559326171875,3573.3428460426835,11753.175528409341,768,33,709,,,
video_0027$_$0047,valid,1.0,39,400,55,134.6171875,5674.454017660934,14374.367894119105,768,33,709,,,
video_0031$_$0006,valid,-1.0,39,400,55,127.9496841430664,4620.375393187184,11382.654145920422,768,33,709,,,
video_0005$_$0008,valid,0.6,39,400,55,130.0803680419922,4300.854947948725,10067.586624842059,768,33,709,,,
video_0054$_$0007,valid,1.0,39,400,55,128.42335510253906,2561.5438720730936,75298287.84134127,768,33,709,,,
video_0040$_$0021,valid,-0.4,39,400,55,128.76007080078125,5251.595090546934,9225.798244052821,768,33,709,,,
video_0024$_$0068,valid,0.4,39,400,55,127.5792465209961,4554.885619743328,110541682.35518679,768,33,709,,,
video_0013$_$0012,valid,1.0,39,400,55,125.42391967773438,1648.3149467827975,6773.383280539114,768,33,709,,,
video_0053$_$0044,valid,-1.0,39,400,55,133.87750244140625,7124.84626355976,18137.329052693185,768,33,709,,,
video_0047$_$0056,valid,0.0,39,400,55,139.29495239257812,5625.609985638682,15754.87935525587,768,33,709,,,
video_0042$_$0001,valid,-0.2,39,400,55,132.5415496826172,3427.1254955092363,12682.450804061218,768,33,709,,,
video_0040$_$0050,valid,0.2,39,400,55,132.33761596679688,6187.972258698097,12303.90895140807,768,33,709,,,
video_0013$_$0027,valid,-1.0,39,400,55,131.20108032226562,1852.0993211105106,9249.495730115163,768,33,709,,,
video_0025$_$0020,valid,1.0,39,400,55,128.11061096191406,3448.6440872754847,8187.401749476911,768,33,709,,,
video_0037$_$0016,valid,0.0,39,400,55,127.2462387084961,3991.379727708355,7956.4215387259865,768,33,709,,,
video_0016$_$0037,valid,-1.0,39,400,55,125.99154663085938,3378.9366663708793,9578.82653279074,768,33,709,,,
video_0023$_$0014,valid,-0.4,39,400,55,125.97445678710938,5692.464826947685,11989.302545773682,768,33,709,,,
video_0033$_$0011,valid,-0.4,39,400,55,131.93873596191406,3725.915210698313,9859.823884835085,768,33,709,,,
video_0037$_$0018,valid,-1.0,39,400,55,130.5917205810547,5590.022010621683,12283.800878543436,768,33,709,,,
video_0012$_$0007,valid,-1.0,39,400,55,128.6148681640625,3246.9373030365196,11195.741722327557,768,33,709,,,
video_0053$_$0011,valid,-1.0,39,400,55,127.19329071044922,4255.855551565088,8295.1575670257,768,33,709,,,
video_0016$_$0004,valid,1.0,39,400,55,136.78602600097656,4016.3202601023213,14382.486567509048,768,33,709,,,
video_0015$_$0011,valid,0.6,39,400,55,136.30966186523438,6362.147073109681,75298288.94709012,768,33,709,,,
video_0013$_$0014,valid,1.0,39,400,55,132.05206298828125,1878.7001532726445,13034.23555154875,768,33,709,,,
video_0047$_$0041,valid,-0.8,39,400,55,127.95797729492188,3976.3848538882166,115937094.54573421,768,33,709,,,
video_0024$_$0058,valid,-0.2,39,400,55,125.46366119384766,2443.4315515975395,7759.9235908777555,768,33,709,,,
video_0048$_$0011,valid,1.0,39,400,55,131.89776611328125,5710.528753314103,14011.411761568635,768,33,709,,,
video_0027$_$0024,valid,-1.0,39,400,55,128.75372314453125,3958.9207855495447,9807.307318378113,768,33,709,,,
video_0045$_$0037,valid,0.0,39,400,55,134.1673126220703,4170.759830218441,14547.881921026195,768,33,709,,,
video_0048$_$0001,valid,-0.8,39,400,55,124.88349151611328,2660.0332579134006,7358.280692483413,768,33,709,,,
video_0042$_$0002,valid,1.0,39,400,55,129.81182861328125,4251.671145987453,11685.824278731348,768,33,709,,,
video_0051$_$0064,valid,-1.0,39,400,55,127.02241516113281,2596.0790996608657,51375149.571233995,768,33,709,,,
video_0055$_$0014,valid,-0.8,39,400,55,125.47047424316406,2957.1408160005176,9570.765173969134,768,33,709,,,
video_0014$_$0024,valid,-0.2,39,400,55,127.8627700805664,3386.859206577962,9710.760028225128,768,33,709,,,
video_0046$_$0012,valid,0.0,39,400,55,131.49700927734375,2186.896546005156,10254.234859745287,768,33,709,,,
video_0025$_$0038,valid,0.0,39,400,55,137.28062438964844,5381.457165428851,13315.082521056074,768,33,709,,,
video_0015$_$0029,valid,-1.0,39,400,55,128.36219787597656,2895.812744793182,10188.107482623884,768,33,709,,,
video_0047$_$0071,valid,0.0,39,400,55,136.9315948486328,4257.789406603169,11149.310183054362,768,33,709,,,
video_0036$_$0006,valid,-1.0,39,400,55,137.49008178710938,4049.1563724122675,15050.479258071495,768,33,709,,,
video_0054$_$0174,valid,-1.0,39,400,55,129.2761688232422,3036.0366244553497,8628.18987984602,768,33,709,,,
video_0005$_$0013,valid,-1.0,39,400,55,129.28738403320312,5119.300125077815,11907.899563019751,768,33,709,,,
video_0050$_$0009,valid,-0.8,39,400,55,132.16854858398438,3782.2840004022946,10892.293642584062,768,33,709,,,
video_0059$_$0003,valid,0.4,39,400,55,130.7259063720703,2712.9080658234993,9038.933494716235,768,33,709,,,
video_0024$_$0009,valid,0.6,39,400,55,136.1744384765625,3348.2624445151346,11900.066505637371,768,33,709,,,
video_0002$_$0026,valid,-0.2,39,400,55,140.59605407714844,5816.449988466109,17345.61954597072,768,33,709,,,
video_0034$_$0017,valid,0.2,39,400,55,129.0686492919922,2721.614992569872,7528.726991114158,768,33,709,,,
video_0045$_$0066,valid,0.0,39,400,55,144.23878479003906,5786.640615277582,19628.921296656772,768,33,709,,,
video_0015$_$0030,valid,-0.4,39,400,55,128.0390625,3695.8223002728982,11168.602294033015,768,33,709,,,
video_0051$_$0004,valid,-1.0,39,400,55,130.7869873046875,2709.1286169845807,8004.7458818993255,768,33,709,,,
video_0038$_$0035,valid,-0.2,39,400,55,129.73660278320312,2506.331640756197,7921.475953167074,768,33,709,,,
video_0010$_$0031,valid,-1.0,39,400,55,138.14137268066406,4300.754898805672,12619.62804053992,768,33,709,,,
video_0022$_$0001,valid,-0.4,39,400,55,135.13967895507812,9140.969156304056,13098.473098324506,768,33,709,,,
video_0046$_$0002,valid,0.2,39,400,55,141.95094299316406,2000.071903718437,14152.541677513058,768,33,709,,,
video_0024$_$0086,valid,-1.0,39,400,55,130.8769989013672,5106.676321725204,10919.106732987148,768,33,709,,,
video_0058$_$0009,valid,-0.8,39,400,55,135.63282775878906,4386.382249726872,13403.180825859594,768,33,709,,,
video_0007$_$0010,valid,-1.0,39,400,55,131.29026794433594,2746.30813604661,9878.079519725938,768,33,709,,,
video_0060$_$0012,valid,-1.0,39,400,55,129.08706665039062,3877.8899596232295,9069.631168257514,768,33,709,,,
video_0001$_$0022,valid,-1.0,39,400,55,142.77047729492188,6063.331825393941,15775.332284827882,768,33,709,,,
video_0013$_$0018,valid,-1.0,39,400,55,135.74046325683594,3124.4389817282986,13092.166937814432,768,33,709,,,
video_0016$_$0020,valid,1.0,39,400,55,135.97976684570312,5463.604699792606,51375149.89820365,768,33,709,,,
video_0047$_$0035,valid,0.6,39,400,55,130.7598876953125,4784.275105924857,10021.56036953517,768,33,709,,,
video_0029$_$0026,valid,1.0,39,400,55,131.75271606445312,4819.391307724349,51375148.81898795,768,33,709,,,
video_0031$_$0003,valid,-0.4,39,400,55,136.87588500976562,10978.65249013078,130794682.43426803,768,33,709,,,
video_0025$_$0029,valid,-1.0,39,400,55,128.091552734375,3380.1088903350105,8333.829350261592,768,33,709,,,
video_0056$_$0037,valid,-1.0,39,400,55,126.56910705566406,5072.637639751903,51375149.717378624,768,33,709,,,
video_0012$_$0009,valid,-0.6,39,400,55,133.7273406982422,3531.4367436832076,11115.447512537456,768,33,709,,,
video_0049$_$0017,valid,-0.2,39,400,55,128.16856384277344,3610.043949650139,7724.832275384088,768,33,709,,,
video_0015$_$0006,valid,-0.6,39,400,55,130.8426055908203,3475.462639526391,8651.799886815246,768,33,709,,,
video_0009$_$0027,valid,0.0,39,400,55,127.32095336914062,3265.3618312860694,11774.582959788377,768,33,709,,,
video_0056$_$0081,valid,-1.0,39,400,55,133.4907684326172,5118.392013201291,10741.831200491733,768,33,709,,,
video_0053$_$0051,valid,0.8,39,400,55,136.9786834716797,3964.4663011911393,14215.289000034209,768,33,709,,,
video_0040$_$0003,valid,-0.6,39,400,55,129.0985565185547,3339.603649332731,8758.531915818548,768,33,709,,,
video_0041$_$0026,valid,-1.0,39,400,55,126.24974822998047,5267.050505159194,14985.26131941671,768,33,709,,,
video_0047$_$0049,valid,-0.2,39,400,55,138.0057830810547,4358.733146745195,11975.424371228715,768,33,709,,,
video_0012$_$0044,valid,-1.0,39,400,55,132.4560089111328,4809.384226640894,12182.623745176845,768,33,709,,,
video_0014$_$0007,valid,-1.0,39,400,55,126.0925521850586,2072.537796726638,8900.61021009651,768,33,709,,,
video_0016$_$0041,valid,1.0,39,400,55,131.53543090820312,6414.654106608515,15066.558486244132,768,33,709,,,
video_0014$_$0032,valid,-1.0,39,400,55,125.87354278564453,3899.4460394808816,10326.965173672821,768,33,709,,,
video_0009$_$0015,valid,0.2,39,400,55,131.71847534179688,4420.25559696408,14604.582999731852,768,33,709,,,
video_0030$_$0005,valid,-1.0,39,400,55,131.95120239257812,3323.676666379195,12398.13359434298,768,33,709,,,
video_0013$_$0033,valid,-0.2,39,400,55,135.5502471923828,2899.0589806862577,13658.46194087564,768,33,709,,,
video_0054$_$0046,valid,-0.8,39,400,55,130.4401397705078,3852.0459337908496,9690.903601817346,768,33,709,,,
video_0028$_$0014,valid,-0.2,39,400,55,130.3924102783203,4827.271518289139,11186.973751495789,768,33,709,,,
video_0002$_$0010,valid,0.6,39,400,55,133.59397888183594,6190.086261945168,14765.183416413005,768,33,709,,,
video_0013$_$0009,valid,-1.0,39,400,55,126.0163345336914,1301.0215428811216,6261.590378698162,768,33,709,,,
video_0038$_$0005,valid,0.0,39,400,55,132.21531677246094,3306.449992417138,11066.661616692527,768,33,709,,,
video_0054$_$0060,valid,0.0,39,400,55,126.62980651855469,3443.263782073724,7515.524951212778,768,33,709,,,
video_0002$_$0007,valid,-0.2,39,400,55,131.73968505859375,4554.190138408767,12539.366357936125,768,33,709,,,
video_0038$_$0033,valid,0.6,39,400,55,127.45386505126953,2763.2744930299045,9013.625536804784,768,33,709,,,
video_0027$_$0002,valid,0.6,39,400,55,129.7016143798828,3574.889825574767,8504.43883680007,768,33,709,,,
video_0013$_$0028,valid,-1.0,39,400,55,129.06088256835938,2903.042851025806,11471.892005494448,768,33,709,,,
video_0012$_$0042,valid,0.8,39,400,55,142.14547729492188,5344.2380350465455,12748.260162469356,768,33,709,,,
video_0031$_$0027,valid,0.0,39,400,55,129.42393493652344,5286.2449538364945,12025.69876206908,768,33,709,,,
video_0024$_$0103,valid,-1.0,39,400,55,125.82659149169922,2472.5486155544413,12852.816662161575,768,33,709,,,
video_0021$_$0010,valid,-1.0,39,400,55,135.41334533691406,2605.683717366009,9814.358255553401,768,33,709,,,
video_0001$_$0012,valid,-1.0,39,400,55,124.77454376220703,3435.880693448267,11744.541231847596,768,33,709,,,
video_0031$_$0033,valid,0.0,39,400,55,135.2508544921875,7059.352079930064,13683.991076467033,768,33,709,,,
video_0024$_$0045,valid,-0.4,39,400,55,130.83604431152344,4202.065445650402,10854.364328735417,768,33,709,,,
video_0031$_$0016,valid,-1.0,39,400,55,138.1641845703125,7841.797859146578,14382.557110101105,768,33,709,,,
video_0056$_$0040,valid,1.0,39,400,55,124.08712768554688,2938.592992550755,6803.381669049232,768,33,709,,,
video_0048$_$0028,valid,-1.0,39,400,55,128.572509765625,4971.655927913483,10529.050210209347,768,33,709,,,
video_0041$_$0002,valid,-0.2,39,400,55,126.84900665283203,4098.021090677675,51375150.88197737,768,33,709,,,
video_0035$_$0003,valid,0.0,39,400,55,129.36895751953125,2753.3379459064413,9042.573852474805,768,33,709,,,
video_0045$_$0031,valid,-0.2,39,400,55,133.81631469726562,3755.3803156574427,15567.903512905354,768,33,709,,,
video_0034$_$0020,valid,-0.4,39,400,55,130.6495819091797,4265.833355512379,13454.593339225941,768,33,709,,,
video_0037$_$0007,valid,-1.0,39,400,55,132.24673461914062,6385.426799280385,13284.876039589402,768,33,709,,,
video_0053$_$0018,valid,0.0,39,400,55,134.7900848388672,3208.951068616199,10020.49627708614,768,33,709,,,
video_0054$_$0095,valid,0.0,39,400,55,129.71340942382812,5129.885902772157,10256.14099085969,768,33,709,,,
video_0046$_$0007,valid,0.6,39,400,55,132.90322875976562,3142.248628903018,13287.23214779078,768,33,709,,,
video_0054$_$0070,valid,0.0,39,400,55,134.68780517578125,4226.518045856596,11704.771680812464,768,33,709,,,
video_0051$_$0020,valid,-0.4,39,400,55,128.36767578125,3058.2612136780085,9662.822392068965,768,33,709,,,
video_0056$_$0025,valid,0.0,39,400,55,129.92819213867188,4855.609375062358,10130.793877919812,768,33,709,,,
video_0056$_$0014,valid,-0.8,39,400,55,131.91363525390625,6187.884363785761,13754.924771461656,768,33,709,,,
video_0045$_$0006,valid,0.4,39,400,55,131.1040802001953,2736.2612736210813,7331.3179221417595,768,33,709,,,
video_0056$_$0050,valid,-0.2,39,400,55,137.183837890625,6273.835651141508,51375149.245097116,768,33,709,,,
video_0053$_$0036,valid,1.0,39,400,55,140.91497802734375,6310.7320747237245,15422.05468395106,768,33,709,,,
video_0028$_$0009,valid,-1.0,39,400,55,135.89999389648438,4558.731220275001,13765.565553365119,768,33,709,,,
video_0045$_$0094,valid,-1.0,39,400,55,129.30772399902344,2062.7438245082,9164.299906009132,768,33,709,,,
video_0047$_$0065,valid,0.0,39,400,55,132.71649169921875,3742.392490541824,11103.144405784444,768,33,709,,,
video_0013$_$0031,valid,-1.0,39,400,55,127.30066680908203,2939.172211701771,8704.78490369271,768,33,709,,,
video_0028$_$0018,valid,0.4,39,400,55,133.06808471679688,7051.990943714647,14692.916430302255,768,33,709,,,
video_0005$_$0005,valid,0.0,39,400,55,132.92237854003906,3648.5826551820724,11015.550527470012,768,33,709,,,
video_0036$_$0008,valid,-1.0,39,400,55,128.41441345214844,3839.7659248760333,10217.029981249678,768,33,709,,,
video_0014$_$0027,valid,0.0,39,400,55,135.19210815429688,3730.6498275003337,51375151.40094579,768,33,709,,,
video_0015$_$0036,valid,-0.4,39,400,55,127.76953887939453,4067.423114093823,11034.858928590715,768,33,709,,,
video_0058$_$0005,valid,-0.2,39,400,55,130.20301818847656,3653.5351192226053,10285.181677985067,768,33,709,,,
video_0054$_$0184,valid,-0.6,39,400,55,133.20372009277344,4433.24064831091,12208.318340384547,768,33,709,,,
video_0023$_$0040,valid,1.0,39,400,55,137.32272338867188,6292.216749153848,15197.374442473849,768,33,709,,,
video_0009$_$0022,valid,0.8,39,400,55,139.18968200683594,3815.021600989974,13017.817529579768,768,33,709,,,
video_0020$_$0008,valid,0.6,39,400,55,137.21763610839844,4111.39208824551,15497.803522951053,768,33,709,,,
video_0025$_$0041,valid,1.0,39,400,55,137.5907745361328,7601.873200775348,14283.181243110685,768,33,709,,,
video_0012$_$0039,valid,1.0,39,400,55,130.84915161132812,3878.918677768047,12365.899568848494,768,33,709,,,
video_0043$_$0021,valid,0.2,39,400,55,130.61935424804688,4554.6685961285475,10515.444718541241,768,33,709,,,
video_0047$_$0011,valid,-0.4,39,400,55,131.3750457763672,5281.911822837393,13263.645991301482,768,33,709,,,
video_0009$_$0014,valid,-0.6,39,400,55,130.1710662841797,4719.0803222712975,11448.431495062378,768,33,709,,,
video_0054$_$0031,valid,-0.2,39,400,55,135.09011840820312,5452.643543084066,14029.125165642292,768,33,709,,,
video_0038$_$0018,valid,-0.8,39,400,55,125.91056823730469,4132.220435514603,12083.283516296447,768,33,709,,,
video_0015$_$0020,valid,-1.0,39,400,55,131.05186462402344,4912.327436812465,13474.511106748794,768,33,709,,,
video_0024$_$0005,valid,1.0,39,400,55,134.2030029296875,2858.6028542352947,13354.795738992832,768,33,709,,,
video_0015$_$0025,valid,-0.2,39,400,55,135.8043975830078,4572.639875142178,51375149.66956509,768,33,709,,,
video_0043$_$0031,valid,0.0,39,400,55,133.41754150390625,4119.801007339696,11521.494882555515,768,33,709,,,
video_0027$_$0014,valid,0.6,39,400,55,132.71609497070312,5282.492407454074,15514.410702987261,768,33,709,,,
video_0010$_$0002,valid,-0.8,39,400,55,138.40769958496094,5478.571013784,14826.316215113899,768,33,709,,,
video_0049$_$0014,valid,0.6,39,400,55,129.22189331054688,4175.616910809409,11486.753755845284,768,33,709,,,
video_0057$_$0006,valid,0.0,39,400,55,135.66429138183594,4155.7450135486915,12172.207972680284,768,33,709,,,
video_0036$_$0027,valid,-1.0,39,400,55,130.86700439453125,8860.614644224845,201901293.99730223,768,33,709,,,
video_0048$_$0032,valid,1.0,39,400,55,127.51197814941406,3562.5529925069945,10978.369732255296,768,33,709,,,
video_0016$_$0009,valid,-1.0,39,400,55,137.93898010253906,4539.235259848759,12735.69515339194,768,33,709,,,
video_0006$_$0003,valid,-1.0,39,400,55,127.39496612548828,3129.076163651573,9803.94150323683,768,33,709,,,
video_0049$_$0003,valid,0.8,39,400,55,135.5928192138672,4559.866125127628,12862.20427240616,768,33,709,,,
video_0006$_$0002,valid,1.0,39,400,55,128.69570922851562,2649.014967719194,9164.90340238575,768,33,709,,,
video_0043$_$0054,valid,0.0,39,400,55,143.2523193359375,5876.236227842774,13520.46979482087,768,33,709,,,
video_0023$_$0020,valid,-0.4,39,400,55,131.2851104736328,3089.504046223843,8162.266323448634,768,33,709,,,
video_0041$_$0014,valid,-1.0,39,400,55,129.91954040527344,3905.4067003075434,51375150.56846657,768,33,709,,,
video_0012$_$0045,valid,0.2,39,400,55,135.03211975097656,4899.959657808689,12852.337163287028,768,33,709,,,
video_0054$_$0006,valid,-1.0,39,400,55,130.21165466308594,3105.011679671854,9044.388353062439,768,33,709,,,
video_0047$_$0089,valid,-1.0,39,400,55,125.41339111328125,3009.128991862718,7610.058683489371,768,33,709,,,
video_0052$_$0013,valid,0.8,39,400,55,128.053466796875,3853.753142074479,11298.161019616979,768,33,709,,,
video_0040$_$0023,valid,-0.6,39,400,55,126.21006774902344,5629.825755333997,11422.35298181797,768,33,709,,,
video_0027$_$0021,valid,-1.0,39,400,55,132.58706665039062,5919.485999473358,12450.82135418215,768,33,709,,,
video_0054$_$0051,valid,-0.4,39,400,55,130.51458740234375,4314.111827453648,12379.567088452675,768,33,709,,,
video_0014$_$0008,valid,-0.2,39,400,55,137.4947967529297,3446.6623523482767,13821.929981563972,768,33,709,,,
video_0024$_$0064,valid,0.6,39,400,55,132.0687255859375,4528.761787551311,13772.583536458718,768,33,709,,,
video_0002$_$0006,valid,-0.8,39,400,55,140.0248260498047,4570.6220752783975,13797.305375257654,768,33,709,,,
video_0046$_$0048,valid,-0.8,39,400,55,135.6368865966797,3387.619460399442,14603.241871457689,768,33,709,,,
video_0054$_$0079,valid,0.0,39,400,55,130.75416564941406,3115.5121402126124,8506.942703526393,768,33,709,,,
video_0053$_$0006,valid,-0.6,39,400,55,131.9044952392578,4256.153437393194,11521.805429112552,768,33,709,,,
video_0030$_$0037,valid,-1.0,39,400,55,133.14732360839844,5968.354165083126,13561.189178588911,768,33,709,,,
video_0005$_$0011,valid,-1.0,39,400,55,126.9258804321289,3386.714352460666,12077.259393335578,768,33,709,,,
video_0028$_$0017,valid,-0.2,39,400,55,132.33773803710938,5408.300856333112,11507.648956993016,768,33,709,,,
video_0045$_$0032,valid,0.4,39,400,55,137.7373504638672,5993.008234799498,15586.251527559205,768,33,709,,,
video_0010$_$0015,valid,-1.0,39,400,55,130.03549194335938,3574.9234027503476,13044.244609966358,768,33,709,,,
video_0051$_$0065,valid,0.0,39,400,55,133.155517578125,3979.8516940470718,12021.32068488353,768,33,709,,,
video_0001$_$0021,valid,0.6,39,400,55,133.9428253173828,4538.119690806694,11992.704993153951,768,33,709,,,
video_0053$_$0001,valid,0.0,39,400,55,129.33438110351562,4256.039334532565,12099.109952675348,768,33,709,,,
video_0024$_$0085,valid,-0.6,39,400,55,129.66416931152344,4021.678475029253,9159.442936277683,768,33,709,,,
video_0002$_$0028,valid,-1.0,39,400,55,132.9913330078125,6746.499593542056,17324.732602488988,768,33,709,,,
video_0051$_$0030,valid,-0.8,39,400,55,130.1887969970703,3824.2966558205308,10670.49579649637,768,33,709,,,
video_0060$_$0029,valid,-1.0,39,400,55,133.98321533203125,3457.301285902232,51375149.97129045,768,33,709,,,
video_0060$_$0038,valid,0.4,39,400,55,129.08038330078125,3622.881983676053,8438.451349527051,768,33,709,,,
video_0027$_$0037,valid,0.8,39,400,55,130.225830078125,4510.094807881825,12224.710794663764,768,33,709,,,
video_0055$_$0008,valid,0.6,39,400,55,134.87591552734375,1781.7201738385118,51375149.21512278,768,33,709,,,
video_0006$_$0017,valid,1.0,39,400,55,130.146728515625,3950.74327264139,12971.825398989342,768,33,709,,,
video_0033$_$0002,valid,1.0,39,400,55,128.1319122314453,3922.653669368339,51375150.604296945,768,33,709,,,
video_0012$_$0047,valid,-0.6,39,400,55,134.67823791503906,4402.581112700116,10425.824803919166,768,33,709,,,
video_0047$_$0033,valid,-0.2,39,400,55,131.70750427246094,3737.4757494726305,10424.3337247385,768,33,709,,,
video_0026$_$0011,valid,-1.0,39,400,55,132.4125213623047,6927.09036468123,14528.865822552696,768,33,709,,,
video_0052$_$0005,valid,0.6,39,400,55,130.05453491210938,3757.61550524367,10423.179381028505,768,33,709,,,
video_0046$_$0017,valid,0.2,39,400,55,134.4019775390625,2420.6109697407815,51375149.37727848,768,33,709,,,
video_0057$_$0007,valid,1.0,39,400,55,127.40006256103516,1904.9079616024326,6536.346912078413,768,33,709,,,
video_0028$_$0012,valid,0.0,39,400,55,129.9445343017578,4500.2494357235655,9341.936028557708,768,33,709,,,
video_0008$_$0006,valid,1.0,39,400,55,135.22256469726562,3585.442007936894,9908.965419411688,768,33,709,,,
video_0057$_$0024,valid,-0.2,39,400,55,128.2457275390625,2625.4107368474897,7333.569774832627,768,33,709,,,
video_0026$_$0024,valid,-1.0,39,400,55,133.6929473876953,8859.706046966852,16171.984002641344,768,33,709,,,
video_0001$_$0023,valid,1.0,39,400,55,136.24588012695312,4818.387038034504,75298290.44582877,768,33,709,,,
video_0046$_$0005,valid,-0.2,39,400,55,138.3869171142578,3550.4114059655644,13667.18726815721,768,33,709,,,
video_0043$_$0064,valid,0.0,39,400,55,133.30996704101562,4416.263492430723,10397.099932164361,768,33,709,,,
video_0058$_$0016,valid,-1.0,39,400,55,127.96538543701172,2964.3585963850896,108096548.75114642,768,33,709,,,
video_0024$_$0056,valid,-0.4,39,400,55,134.42251586914062,3431.187260391696,11078.311259023401,768,33,709,,,
video_0023$_$0032,valid,-1.0,39,400,55,130.7694549560547,5281.3110210051955,10697.455609052531,768,33,709,,,
video_0047$_$0079,valid,-0.8,39,400,55,127.1641616821289,2976.0168836393127,9308.42025582007,768,33,709,,,
video_0002$_$0020,valid,0.2,39,400,55,130.38880920410156,6986.023686548331,12544.502632905142,768,33,709,,,
video_0054$_$0141,valid,0.8,39,400,55,135.8572235107422,4155.519324625415,11608.857632903093,768,33,709,,,
video_0051$_$0068,valid,-0.8,39,400,55,127.60041809082031,3208.909855811757,8298.995811860212,768,33,709,,,
video_0036$_$0020,valid,-1.0,39,400,55,125.18256378173828,2028.2670757303974,110541682.35518679,768,33,709,,,
video_0056$_$0015,valid,-1.0,39,400,55,129.870361328125,3411.9480069613614,110541682.35518679,768,33,709,,,
video_0045$_$0082,valid,-0.2,39,400,55,128.9109344482422,4714.633492720804,12963.629350884452,768,33,709,,,
video_0046$_$0063,valid,0.4,39,400,55,138.62803649902344,2898.043750377187,14513.213258379003,768,33,709,,,
video_0024$_$0001,valid,0.6,39,400,55,129.65423583984375,3209.254056533839,10320.158677968933,768,33,709,,,
video_0011$_$0015,valid,-1.0,39,400,55,131.54757690429688,3529.4559214026717,12151.49010871784,768,33,709,,,
video_0011$_$0023,valid,1.0,39,400,55,130.98036193847656,4167.624142002592,11241.621340993586,768,33,709,,,
video_0035$_$0030,valid,0.0,39,400,55,129.7418212890625,4783.958522010597,12898.975736729415,768,33,709,,,
video_0034$_$0002,valid,0.0,39,400,55,130.9320068359375,2754.1800148684442,12006.751602397519,768,33,709,,,
video_0054$_$0120,valid,0.0,39,400,55,132.1893768310547,3126.108141895597,9944.094398713274,768,33,709,,,
video_0040$_$0002,valid,-1.0,39,400,55,127.42411804199219,2126.3842399319506,6006.597392275636,768,33,709,,,
video_0024$_$0050,valid,-1.0,39,400,55,126.8821029663086,2892.807947444683,8386.809204762476,768,33,709,,,
video_0054$_$0110,valid,-0.8,39,400,55,127.53810119628906,3119.316368290797,7182.449788735106,768,33,709,,,
video_0015$_$0008,valid,-0.6,39,400,55,128.1845703125,3519.4899658320705,9433.664461997832,768,33,709,,,
video_0028$_$0001,valid,0.0,39,400,55,128.8457489013672,3538.0749678753327,8620.828101072715,768,33,709,,,
video_0002$_$0009,valid,-1.0,39,400,55,129.00497436523438,3087.9168757180105,8242.797967086124,768,33,709,,,
video_0053$_$0014,valid,-1.0,39,400,55,136.45538330078125,3197.4939009358723,11897.341818949342,768,33,709,,,
video_0054$_$0058,valid,-1.0,39,400,55,135.61190795898438,5388.520893417686,13323.649591788091,768,33,709,,,
video_0015$_$0041,valid,0.2,39,400,55,129.78114318847656,8097.965914939865,17918.78902797191,768,33,709,,,
video_0048$_$0025,valid,-0.6,39,400,55,131.45364379882812,4379.259681693818,11055.636000718658,768,33,709,,,
video_0051$_$0059,valid,-0.6,39,400,55,140.3917236328125,4181.449200628572,13618.04134969983,768,33,709,,,
video_0003$_$0005,valid,-1.0,39,400,55,140.3240203857422,5989.758405320501,15992.873735024481,768,33,709,,,
video_0051$_$0003,valid,-1.0,39,400,55,124.63076782226562,2870.9408489103935,8353.802143890676,768,33,709,,,
video_0028$_$0005,valid,-0.2,39,400,55,136.89576721191406,6206.0461455826235,51375149.979396425,768,33,709,,,
video_0035$_$0018,valid,0.8,39,400,55,128.5217742919922,2553.669337603618,75298289.73413692,768,33,709,,,
video_0024$_$0106,valid,0.2,39,400,55,129.72523498535156,4184.9450954646645,10427.582214147991,768,33,709,,,
video_0043$_$0047,valid,1.0,39,400,55,138.76951599121094,5253.92807641908,12326.576372235177,768,33,709,,,
video_0015$_$0007,valid,-1.0,39,400,55,132.91427612304688,4347.360064483236,12827.428635545515,768,33,709,,,
video_0043$_$0044,valid,0.4,39,400,55,132.47828674316406,4580.387269856556,10215.541958079764,768,33,709,,,
video_0011$_$0031,valid,1.0,39,400,55,127.98133850097656,2774.963815419351,9128.796276528064,768,33,709,,,
video_0046$_$0042,valid,-0.8,39,400,55,133.99073791503906,3337.3861121881096,14899.94222677474,768,33,709,,,
video_0038$_$0010,valid,-1.0,39,400,55,130.96261596679688,2944.688105179448,10316.00542356024,768,33,709,,,
video_0036$_$0007,valid,-1.0,39,400,55,137.72389221191406,7538.918838399514,171250438.5368197,768,33,709,,,
video_0013$_$0011,valid,-1.0,39,400,55,134.16220092773438,2922.9970764556215,11100.960318897129,768,33,709,,,
video_0002$_$0023,valid,-0.6,39,400,55,134.56178283691406,4308.697548097567,13072.047955750733,768,33,709,,,
video_0056$_$0023,valid,1.0,39,400,55,131.82421875,4184.16257208321,51375150.257881485,768,33,709,,,
video_0038$_$0011,valid,0.0,39,400,55,128.83755493164062,2824.905995996496,8017.641827060264,768,33,709,,,
video_0011$_$0028,valid,0.2,39,400,55,135.49131774902344,4418.212418229882,12208.359322062337,768,33,709,,,
video_0051$_$0016,valid,0.2,39,400,55,131.72789001464844,3069.131052604512,9747.423176137652,768,33,709,,,
video_0040$_$0027,valid,1.0,39,400,55,126.16105651855469,2800.733342659409,6986.842444123211,768,33,709,,,
video_0036$_$0025,valid,-0.8,39,400,55,134.0477752685547,9261.264966207087,92749685.14986084,768,33,709,,,
video_0014$_$0018,valid,0.0,39,400,55,128.1317901611328,4025.420010442374,11347.317200375475,768,33,709,,,
video_0031$_$0008,valid,0.4,39,400,55,131.5089874267578,6834.757666822694,181638518.91151986,768,33,709,,,
video_0057$_$0019,valid,-0.2,39,400,55,133.91680908203125,2954.1635716028395,10194.530609503738,768,33,709,,,
video_0054$_$0164,valid,0.6,39,400,55,132.027099609375,6682.875885736616,17426.64032065969,768,33,709,,,
video_0014$_$0003,valid,-0.6,39,400,55,144.07418823242188,6894.670558906367,17917.07357459949,768,33,709,,,
video_0054$_$0089,valid,0.0,39,400,55,130.7637176513672,6085.7751796701805,13091.291803269547,768,33,709,,,
video_0011$_$0016,valid,0.8,39,400,55,140.66854858398438,5075.30298184113,17179.93085380004,768,33,709,,,
video_0050$_$0004,valid,0.2,39,400,55,129.5977020263672,3371.828656532592,10819.725886894044,768,33,709,,,
video_0026$_$0002,valid,-1.0,39,400,55,136.0341796875,7009.6139847655595,12843.717762648006,768,33,709,,,
video_0047$_$0081,valid,0.6,39,400,55,134.2686309814453,4179.939186608345,13436.844074921417,768,33,709,,,
video_0040$_$0014,valid,-1.0,39,400,55,127.01593780517578,3980.9458265264925,8496.507663846636,768,33,709,,,
video_0025$_$0008,valid,-0.4,39,400,55,126.45138549804688,3355.100370618519,7772.715038736454,768,33,709,,,
video_0013$_$0010,valid,-1.0,39,400,55,138.27735900878906,2997.4721148593553,11109.334962165141,768,33,709,,,
video_0027$_$0048,valid,-0.6,39,400,55,129.5823974609375,4325.691019529304,10219.301189046604,768,33,709,,,
video_0028$_$0006,valid,-1.0,39,400,55,132.75596618652344,5702.639581923909,14102.234887368815,768,33,709,,,
video_0056$_$0082,valid,-0.8,39,400,55,129.77244567871094,3792.8708121941095,7956.38381185754,768,33,709,,,
video_0046$_$0001,valid,0.4,39,400,55,136.27029418945312,2740.783744213568,15211.71915328521,768,33,709,,,
video_0031$_$0009,valid,-0.6,39,400,55,128.86203002929688,6228.086424216069,12256.859952270142,768,33,709,,,
video_0055$_$0007,valid,0.0,39,400,55,129.63978576660156,1451.8075801696377,7283.193757515872,768,33,709,,,
video_0059$_$0011,valid,-0.8,39,400,55,134.49607849121094,2638.6982452481343,10168.872762217801,768,33,709,,,
video_0039$_$0004,valid,-1.0,39,400,55,128.22128295898438,3201.190447536747,9587.998057015895,768,33,709,,,
video_0054$_$0085,valid,-0.4,39,400,55,131.85800170898438,3306.20365058107,7885.627004892964,768,33,709,,,
video_0041$_$0030,valid,-1.0,39,400,55,127.91204071044922,3889.756484767646,12027.500051825413,768,33,709,,,
video_0043$_$0023,valid,-0.4,39,400,55,130.53721618652344,5990.317233415856,13393.797846532814,768,33,709,,,
video_0024$_$0006,valid,-1.0,39,400,55,130.24945068359375,2590.925725028871,10521.328254598244,768,33,709,,,
video_0045$_$0014,valid,0.0,39,400,55,141.7394561767578,4980.692193172326,15360.187998779333,768,33,709,,,
video_0047$_$0039,valid,0.0,39,400,55,128.6339111328125,4167.360860620197,9152.009385289839,768,33,709,,,
video_0023$_$0008,valid,-0.6,39,400,55,131.97267150878906,2902.2533107832164,9478.4675185748,768,33,709,,,
video_0006$_$0019,valid,-1.0,39,400,55,125.92337799072266,2410.770014866367,51375148.60712279,768,33,709,,,
video_0002$_$0034,valid,1.0,39,400,55,133.02342224121094,5013.183485395463,10868.133167076205,768,33,709,,,
video_0045$_$0028,valid,-0.6,39,400,55,137.15753173828125,4555.981216779508,14103.524378227548,768,33,709,,,
video_0037$_$0019,valid,-1.0,39,400,55,127.92821502685547,4875.204845973314,148307229.65603206,768,33,709,,,
video_0045$_$0092,valid,-1.0,39,400,55,139.82791137695312,2791.3745537860937,13604.860679614083,768,33,709,,,
video_0055$_$0015,valid,-1.0,39,400,55,129.4256134033203,2166.388446027714,9107.219402900828,768,33,709,,,
video_0026$_$0014,valid,-1.0,39,400,55,128.61856079101562,8312.441599253405,17349.533907641307,768,33,709,,,
video_0009$_$0020,valid,1.0,39,400,55,134.02175903320312,3082.1012644198113,10427.538058853299,768,33,709,,,
video_0047$_$0020,valid,-0.6,39,400,55,127.5551986694336,3354.7393219925616,6637.727930585677,768,33,709,,,
video_0046$_$0050,valid,-0.6,39,400,55,135.6368865966797,3073.622856742638,14131.121820034397,768,33,709,,,
video_0009$_$0008,valid,-0.4,39,400,55,135.43814086914062,3754.0033884186605,10753.733409515207,768,33,709,,,
video_0014$_$0010,valid,0.0,39,400,55,141.49298095703125,6180.8064909578225,75298291.62018326,768,33,709,,,
video_0031$_$0013,valid,-0.4,39,400,55,128.76455688476562,5950.23669284601,156329546.39424384,768,33,709,,,
video_0017$_$0015,valid,-1.0,39,400,55,128.3762664794922,2386.8629628276462,9993.512343061948,768,33,709,,,
video_0046$_$0028,valid,-1.0,39,400,55,131.63568115234375,2207.1618717662095,12779.904061381865,768,33,709,,,
video_0001$_$0032,valid,-1.0,39,400,55,125.73619842529297,3802.8022354825102,10240.740624415903,768,33,709,,,
video_0007$_$0003,valid,-1.0,39,400,55,125.86740112304688,4661.149329537525,11514.659372978675,768,33,709,,,
video_0054$_$0183,valid,0.6,39,400,55,136.8592529296875,4993.457776526853,12302.682042734048,768,33,709,,,
video_0023$_$0022,valid,-1.0,39,400,55,131.9195556640625,3567.484876138949,51375150.79487555,768,33,709,,,
video_0010$_$0005,valid,1.0,39,400,55,138.72776794433594,5562.332987001875,14568.956202062573,768,33,709,,,
video_0024$_$0107,valid,0.0,39,400,55,133.2842559814453,3566.4363663658714,11719.920697229067,768,33,709,,,
video_0011$_$0030,valid,0.0,39,400,55,135.39683532714844,4530.442708099178,15089.503418647751,768,33,709,,,
video_0019$_$0003,valid,0.0,39,400,55,131.03073120117188,5166.617844353577,13495.94229869299,768,33,709,,,
video_0046$_$0031,valid,-0.2,39,400,55,143.21249389648438,3858.327179219423,17502.706915044408,768,33,709,,,
video_0041$_$0016,valid,0.6,39,400,55,127.52018737792969,2085.00876799975,8734.175429668227,768,33,709,,,
video_0049$_$0001,valid,1.0,39,400,55,130.71383666992188,3936.9127138252734,11373.066894748128,768,33,709,,,
video_0052$_$0007,valid,-1.0,39,400,55,131.82901000976562,3756.2944898554147,51375148.70867414,768,33,709,,,
video_0024$_$0013,valid,-0.2,39,400,55,130.5141143798828,5160.680270746925,12865.120561488324,768,33,709,,,
video_0014$_$0013,valid,0.8,39,400,55,126.54572296142578,4609.96149418277,12114.584933583285,768,33,709,,,
video_0045$_$0064,valid,0.0,39,400,55,141.9114532470703,5067.012455213998,15181.247273038047,768,33,709,,,
video_0044$_$0004,valid,0.2,39,400,55,132.68040466308594,3406.1244343154276,11410.703606684976,768,33,709,,,
video_0054$_$0128,valid,-0.2,39,400,55,126.95164489746094,3272.514077628475,10427.069739649743,768,33,709,,,
video_0011$_$0007,valid,0.8,39,400,55,133.115478515625,3956.358148686884,12440.45521863922,768,33,709,,,
video_0051$_$0028,valid,-1.0,39,400,55,131.0150909423828,3031.88774788295,12054.91826399606,768,33,709,,,
video_0029$_$0023,valid,0.6,39,400,55,132.7307586669922,5402.937732769139,12535.490480193494,768,33,709,,,
video_0035$_$0031,valid,0.0,39,400,55,127.90037536621094,2313.935775251122,9282.406021421162,768,33,709,,,
video_0024$_$0051,valid,-0.6,39,400,55,128.6873016357422,2855.273907663744,8220.406219059134,768,33,709,,,
video_0055$_$0010,valid,1.0,39,400,55,127.47798919677734,2700.108651565502,9799.623502856115,768,33,709,,,
video_0016$_$0012,valid,-1.0,39,400,55,132.2682647705078,7943.721790658796,17929.07976639799,768,33,709,,,
video_0041$_$0008,valid,-1.0,39,400,55,139.18182373046875,5142.006598643975,15982.547233648766,768,33,709,,,
video_0014$_$0030,valid,-0.6,39,400,55,127.27848815917969,2979.874270345597,144128720.2970162,768,33,709,,,
video_0023$_$0048,valid,1.0,39,400,55,136.53834533691406,6457.758648578496,13035.49554821751,768,33,709,,,
video_0038$_$0043,valid,0.0,39,400,55,125.7836685180664,2701.4384219511726,8737.938533675082,768,33,709,,,
video_0025$_$0027,valid,-1.0,39,400,55,136.00271606445312,4741.775587309814,12322.01175505168,768,33,709,,,
video_0055$_$0025,valid,1.0,39,400,55,132.5594024658203,3352.706309051186,10846.839868843299,768,33,709,,,
video_0047$_$0072,valid,-0.4,39,400,55,130.580078125,3309.064517452562,8392.10730029129,768,33,709,,,
video_0048$_$0027,valid,-1.0,39,400,55,130.31033325195312,3347.2628730521124,11263.506211173446,768,33,709,,,
video_0056$_$0011,valid,-1.0,39,400,55,123.45875549316406,3297.4010210904294,8047.496676830002,768,33,709,,,
video_0054$_$0172,valid,-0.2,39,400,55,129.41995239257812,2858.8819123406647,10135.332721018698,768,33,709,,,
video_0047$_$0004,valid,0.0,39,400,55,128.65769958496094,3761.015213606993,9547.470553760959,768,33,709,,,
video_0055$_$0021,valid,0.2,39,400,55,128.14376831054688,2508.1593564740097,9069.12968862104,768,33,709,,,
video_0005$_$0014,valid,1.0,39,400,55,131.29721069335938,3592.072477994499,8450.629776245192,768,33,709,,,
video_0057$_$0003,valid,-0.4,39,400,55,130.09808349609375,4891.148807983173,12316.93905051648,768,33,709,,,
video_0048$_$0006,valid,-1.0,39,400,55,136.60752868652344,4778.171594750319,12543.379326098357,768,33,709,,,
video_0055$_$0002,valid,0.0,39,400,55,127.92391967773438,2805.5299385402627,10131.799453493526,768,33,709,,,
video_0038$_$0036,valid,0.0,39,400,55,127.5535888671875,2753.8847234483396,8500.776636522254,768,33,709,,,
video_0025$_$0032,valid,1.0,39,400,55,135.02220153808594,7781.351569788095,75298290.78164841,768,33,709,,,
video_0005$_$0016,valid,-0.8,39,400,55,132.0022430419922,3979.453490090348,12307.822296864419,768,33,709,,,
video_0030$_$0012,valid,-0.2,39,400,55,128.52301025390625,6219.33761323189,14278.465240912177,768,33,709,,,
video_0046$_$0019,valid,0.8,39,400,55,143.91424560546875,3539.8666643855554,16540.89082073852,768,33,709,,,
video_0047$_$0059,valid,-0.2,39,400,55,129.65628051757812,3048.5883822821243,51375150.63266666,768,33,709,,,
video_0005$_$0003,valid,-1.0,39,400,55,129.49331665039062,3783.6706206343783,51375149.673079185,768,33,709,,,
video_0010$_$0018,valid,-1.0,39,400,55,132.68043518066406,4762.203137177327,11445.31478102257,768,33,709,,,
video_0042$_$0013,valid,-0.2,39,400,55,130.76181030273438,3724.037866415838,11420.731780210082,768,33,709,,,
video_0052$_$0012,valid,1.0,39,400,55,128.7914276123047,4327.7423574314125,10873.651361006509,768,33,709,,,
video_0041$_$0006,valid,-1.0,39,400,55,137.3661651611328,7038.861169260627,19451.76457564202,768,33,709,,,
video_0032$_$0015,valid,0.8,39,400,55,135.59169006347656,5784.920455171817,13069.186100080067,768,33,709,,,
video_0038$_$0006,valid,-0.6,39,400,55,129.40997314453125,5803.326436661097,15359.033210764113,768,33,709,,,
video_0046$_$0056,valid,0.2,39,400,55,131.23202514648438,2470.13634654928,10725.938546715197,768,33,709,,,
video_0045$_$0091,valid,-0.8,39,400,55,140.760986328125,3936.5996842304125,16262.353364338136,768,33,709,,,
video_0031$_$0025,valid,0.2,39,400,55,129.11940002441406,5695.6041458238715,10565.567320312493,768,33,709,,,
video_0006$_$0005,valid,1.0,39,400,55,127.0860595703125,2920.652567591664,92749682.9032354,768,33,709,,,
video_0025$_$0048,valid,-0.6,39,400,55,130.73728942871094,5203.266414716743,11220.515966875315,768,33,709,,,
video_0024$_$0007,valid,1.0,39,400,55,130.90243530273438,1953.376086423526,8258.7800869791,768,33,709,,,
video_0045$_$0098,valid,-0.2,39,400,55,135.84735107421875,4741.92173724399,16258.687927677869,768,33,709,,,
video_0054$_$0134,valid,-0.6,39,400,55,127.98857879638672,4256.350627074921,11013.604592343187,768,33,709,,,
video_0045$_$0078,valid,0.2,39,400,55,137.61375427246094,3037.8520577401277,12994.630744401638,768,33,709,,,
video_0025$_$0009,valid,-0.6,39,400,55,130.27767944335938,3286.803480221954,7904.946174415067,768,33,709,,,
video_0056$_$0091,valid,0.4,39,400,55,132.977294921875,5919.621018066613,12246.47291088329,768,33,709,,,
video_0024$_$0115,valid,-0.6,39,400,55,136.84632873535156,7991.916316809205,18947.273028027757,768,33,709,,,
video_0024$_$0015,valid,-1.0,39,400,55,126.82699584960938,4252.540119448105,9993.261984782264,768,33,709,,,
video_0056$_$0069,valid,0.0,39,400,55,131.3746795654297,4018.2599946257715,75298289.32528043,768,33,709,,,
video_0019$_$0014,valid,-1.0,39,400,55,133.1538848876953,5723.242698088052,15567.80915510459,768,33,709,,,
video_0049$_$0013,valid,1.0,39,400,55,132.01992797851562,3970.5213856836754,10849.088363610555,768,33,709,,,
video_0027$_$0010,valid,0.0,39,400,55,131.2560577392578,4839.8223135745075,12175.061721862006,768,33,709,,,
video_0052$_$0025,valid,-0.2,39,400,55,131.2279052734375,3337.823130132169,11541.185085622352,768,33,709,,,
video_0040$_$0030,valid,0.0,39,400,55,134.0581817626953,5879.631645794204,12041.076240450178,768,33,709,,,
video_0051$_$0017,valid,1.0,39,400,55,140.79258728027344,5309.2049805644565,17497.50286900695,768,33,709,,,
video_0024$_$0020,valid,-1.0,39,400,55,125.0119857788086,1588.9337200414827,6035.231410452413,768,33,709,,,
video_0058$_$0008,valid,0.2,39,400,55,128.6748809814453,3966.7956823654836,9448.90280619408,768,33,709,,,
video_0014$_$0031,valid,-1.0,39,400,55,128.9901885986328,3415.3478404751895,11719.340729281223,768,33,709,,,
video_0036$_$0011,valid,-1.0,39,400,55,127.62041473388672,3192.1234642446084,10339.379084964898,768,33,709,,,
video_0037$_$0021,valid,-0.6,39,400,55,132.4071044921875,5082.883607861523,75298288.5317007,768,33,709,,,
video_0054$_$0168,valid,-1.0,39,400,55,131.68804931640625,2434.750123453243,9111.497324776403,768,33,709,,,
video_0012$_$0037,valid,-1.0,39,400,55,130.53741455078125,3609.196196180611,8997.032874394712,768,33,709,,,
video_0045$_$0029,valid,-1.0,39,400,55,125.39464569091797,1758.9980799226475,6527.893703522617,768,33,709,,,
video_0019$_$0007,valid,-0.8,39,400,55,134.0439453125,7819.7591837614855,17037.157841718465,768,33,709,,,
video_0049$_$0002,valid,0.2,39,400,55,129.2815399169922,5561.430040064825,11228.516452158492,768,33,709,,,
video_0058$_$0012,valid,0.8,39,400,55,127.68099975585938,2778.1125104822727,12238.448983702821,768,33,709,,,
video_0023$_$0042,valid,-0.8,39,400,55,139.40846252441406,5513.312880854535,13403.77138663962,768,33,709,,,
video_0024$_$0108,valid,0.0,39,400,55,131.6716766357422,5832.7535041292795,14631.392903768663,768,33,709,,,
video_0006$_$0001,valid,1.0,39,400,55,129.56109619140625,2084.516269716459,8841.924859668965,768,33,709,,,
video_0040$_$0054,valid,0.8,39,400,55,130.0253143310547,8593.602848571383,15534.893678540713,768,33,709,,,
video_0011$_$0018,valid,-1.0,39,400,55,127.39032745361328,3090.895696348402,11229.417930019981,768,33,709,,,
video_0055$_$0019,valid,1.0,39,400,55,133.26011657714844,2250.9390614719337,10440.110284005419,768,33,709,,,
video_0054$_$0075,valid,-0.4,39,400,55,137.2304229736328,3351.674771453012,11916.024743995249,768,33,709,,,
video_0045$_$0038,valid,-1.0,39,400,55,130.0668487548828,3129.5890461979425,9675.828627839577,768,33,709,,,
video_0024$_$0026,valid,0.0,39,400,55,133.859375,6245.278174121333,49435743.21867736,768,33,709,,,
video_0054$_$0064,valid,0.0,39,400,55,128.55816650390625,2707.799152613129,7975.12473656023,768,33,709,,,
video_0038$_$0041,valid,1.0,39,400,55,130.15016174316406,2679.4131873729925,51375148.54907063,768,33,709,,,
video_0024$_$0040,valid,-1.0,39,400,55,131.82290649414062,4140.775617891511,12005.85624997618,768,33,709,,,
video_0025$_$0030,valid,-1.0,39,400,55,126.98051452636719,4845.209774340263,10461.354891490464,768,33,709,,,
video_0014$_$0021,valid,0.0,39,400,55,142.25302124023438,4918.000497743726,13680.989142594426,768,33,709,,,
video_0009$_$0007,valid,-1.0,39,400,55,129.9295196533203,3450.4572352481855,12008.23881590073,768,33,709,,,
video_0060$_$0039,valid,0.2,39,400,55,138.1023406982422,4440.916226793887,15452.380112652185,768,33,709,,,
video_0013$_$0001,valid,0.0,39,400,55,134.00987243652344,2630.3498155077405,9636.908262677824,768,33,709,,,
video_0012$_$0014,valid,-0.2,39,400,55,131.0317840576172,6322.0505052061535,15608.22322323317,768,33,709,,,
video_0027$_$0029,valid,0.6,39,400,55,133.9698486328125,5030.505202781652,51375149.881089635,768,33,709,,,
video_0046$_$0026,valid,0.0,39,400,55,133.43145751953125,2668.7255675110346,10799.498063505018,768,33,709,,,
video_0047$_$0088,valid,0.6,39,400,55,126.93750762939453,2664.4545696967775,7223.0569270444985,768,33,709,,,
video_0018$_$0006,valid,-1.0,39,400,55,126.3960952758789,1850.2109219654142,7627.211497005341,768,33,709,,,
video_0024$_$0090,valid,0.2,39,400,55,130.64596557617188,9345.36397111807,92749683.4463383,768,33,709,,,
video_0023$_$0026,valid,-0.4,39,400,55,131.1035919189453,6090.437653559777,11234.876960618185,768,33,709,,,
video_0023$_$0058,valid,-0.2,39,400,55,130.41348266601562,6143.864266118057,11051.50109097481,768,33,709,,,
video_0053$_$0035,valid,0.2,39,400,55,136.33108520507812,5012.637963681262,12487.003028453522,768,33,709,,,
video_0046$_$0044,valid,0.0,39,400,55,128.708984375,1804.678162081718,9068.234467930582,768,33,709,,,
video_0058$_$0013,valid,-1.0,39,400,55,129.3428955078125,3198.288703111464,8405.898503878685,768,33,709,,,
video_0014$_$0017,valid,0.4,39,400,55,134.08338928222656,4569.458940061002,16479.647828928555,768,33,709,,,
video_0046$_$0045,valid,0.6,39,400,55,132.28843688964844,2133.391772825162,12402.33086274091,768,33,709,,,
video_0038$_$0030,valid,0.8,39,400,55,133.0358123779297,2494.4675545376695,10337.597673615017,768,33,709,,,
video_0006$_$0008,valid,-1.0,39,400,55,131.8888397216797,2672.5458621420894,121092345.9410132,768,33,709,,,
video_0054$_$0025,valid,-0.8,39,400,55,138.11764526367188,5424.723150164411,13761.192116402424,768,33,709,,,
video_0016$_$0031,valid,-0.4,39,400,55,137.323486328125,8314.782210224195,15612.903530947828,768,33,709,,,
video_0024$_$0069,valid,0.6,39,400,55,134.42666625976562,9323.265987203305,21135.13529166187,768,33,709,,,
video_0032$_$0009,valid,0.0,39,400,55,133.88746643066406,6432.6422198607315,14039.682937305119,768,33,709,,,
video_0014$_$0006,valid,-1.0,39,400,55,136.74496459960938,4515.135594275653,16307.641570348509,768,33,709,,,
video_0045$_$0046,valid,-0.4,39,400,55,143.35964965820312,5445.751255636468,20328.60132250827,768,33,709,,,
video_0051$_$0019,valid,-0.8,39,400,55,128.63571166992188,2541.8159586859047,8239.585647303396,768,33,709,,,
video_0056$_$0013,valid,-0.6,39,400,55,128.26866149902344,5160.669417478692,10297.031251228953,768,33,709,,,
video_0030$_$0041,valid,0.0,39,400,55,136.60134887695312,5783.494979761171,15480.876982959931,768,33,709,,,
video_0009$_$0030,valid,0.2,39,400,55,128.28439331054688,2308.6490001107295,9713.944454432467,768,33,709,,,
video_0054$_$0167,valid,-0.2,39,400,55,132.36683654785156,3982.715079462245,92749682.62215395,768,33,709,,,
video_0025$_$0055,valid,1.0,39,400,55,125.77053833007812,3742.279338124181,8138.999066229688,768,33,709,,,
video_0045$_$0013,valid,0.0,39,400,55,131.52932739257812,4343.068520935373,13409.397352966802,768,33,709,,,
video_0047$_$0078,valid,-0.8,39,400,55,128.78271484375,3570.8214751929104,11598.602857481377,768,33,709,,,
video_0024$_$0080,valid,1.0,39,400,55,134.72264099121094,4709.810994113242,12867.287105100688,768,33,709,,,
video_0021$_$0008,valid,0.4,39,400,55,130.9919891357422,4552.187662554545,11163.780067770946,768,33,709,,,
video_0023$_$0044,valid,-0.2,39,400,55,130.45211791992188,6706.2061797453125,12916.152129505654,768,33,709,,,
video_0056$_$0073,valid,-1.0,39,400,55,131.31459045410156,3831.0621250423114,51375150.245918654,768,33,709,,,
video_0036$_$0009,valid,-1.0,39,400,55,131.8696746826172,5024.671718079089,12424.5196997529,768,33,709,,,
video_0003$_$0006,test,-1.0,39,400,55,130.51754760742188,5334.287163668872,9751.508645067948,768,33,709,,,
video_0010$_$0038,test,-0.8,39,400,55,130.6158447265625,5567.4771655081895,11012.99779661772,768,33,709,,,
video_0023$_$0007,test,1.0,39,400,55,126.55225372314453,2956.5841255837922,9612.87465034549,768,33,709,,,
video_0021$_$0005,test,-0.2,39,400,55,129.3457794189453,2455.6198161609022,9108.836151109703,768,33,709,,,
video_0045$_$0009,test,0.8,39,400,55,133.20909118652344,2696.7676424088572,11093.405767928638,768,33,709,,,
video_0027$_$0039,test,0.8,39,400,55,130.41268920898438,5386.01444670768,13182.758764155964,768,33,709,,,
video_0019$_$0002,test,-0.4,39,400,55,125.59447479248047,5221.093526940196,13292.120125546382,768,33,709,,,
video_0024$_$0031,test,0.4,39,400,55,129.5785675048828,5038.040323468409,12311.885327100068,768,33,709,,,
video_0016$_$0022,test,-1.0,39,400,55,133.97080993652344,7487.535652787997,18330.99073164139,768,33,709,,,
video_0024$_$0054,test,-0.6,39,400,55,132.1315460205078,4654.81410642484,12966.304927465175,768,33,709,,,
video_0051$_$0034,test,-1.0,39,400,55,125.01170349121094,2559.4803039361896,10012.178532174321,768,33,709,,,
video_0010$_$0036,test,1.0,39,400,55,136.09019470214844,3683.289975995032,51375148.904436395,768,33,709,,,
video_0016$_$0033,test,1.0,39,400,55,142.8599395751953,5663.898215531912,19825.807469027346,768,33,709,,,
video_0011$_$0004,test,-0.8,39,400,55,133.13504028320312,2981.500070254218,11222.745004424043,768,33,709,,,
video_0028$_$0023,test,0.0,39,400,55,131.05735778808594,6722.836116309249,75298288.85914613,768,33,709,,,
video_0008$_$0011,test,-0.2,39,400,55,129.35159301757812,4870.023451801345,12718.054546458894,768,33,709,,,
video_0058$_$0002,test,-0.8,39,400,55,127.19973754882812,2384.5531643556565,8231.2165404433,768,33,709,,,
video_0041$_$0024,test,0.2,39,400,55,131.73207092285156,5634.830547988559,15809.59749166507,768,33,709,,,
video_0016$_$0034,test,0.8,39,400,55,131.16786193847656,5368.629409936879,15928.686661039517,768,33,709,,,
video_0050$_$0010,test,1.0,39,400,55,136.60711669921875,5768.62420052355,15247.62428467076,768,33,709,,,
video_0013$_$0026,test,-1.0,39,400,55,134.8548126220703,2755.0476942977843,12120.862010860266,768,33,709,,,
video_0027$_$0008,test,0.0,39,400,55,140.0427703857422,4844.8734014050315,14949.103506697495,768,33,709,,,
video_0015$_$0035,test,-0.6,39,400,55,135.44476318359375,5201.395267786154,13961.599823381923,768,33,709,,,
video_0015$_$0028,test,0.0,39,400,55,130.07147216796875,7247.902188465698,14212.497374665178,768,33,709,,,
video_0043$_$0010,test,0.4,39,400,55,139.2447052001953,5287.160224611722,13320.270746586577,768,33,709,,,
video_0036$_$0004,test,-0.8,39,400,55,127.9884033203125,8128.7886298170315,18866.52152847361,768,33,709,,,
video_0041$_$0005,test,-1.0,39,400,55,129.1299285888672,3571.0786062552115,10708.396278571921,768,33,709,,,
video_0027$_$0023,test,-1.0,39,400,55,131.48545837402344,5562.808233364155,16518.69274623593,768,33,709,,,
video_0025$_$0013,test,-1.0,39,400,55,128.57716369628906,2891.2416647581736,6111.242004067223,768,33,709,,,
video_0006$_$0004,test,0.0,39,400,55,133.19940185546875,3833.477554090285,92749690.13495125,768,33,709,,,
video_0054$_$0068,test,-0.2,39,400,55,135.8142852783203,3114.4680266308455,9945.420260248175,768,33,709,,,
video_0024$_$0079,test,-0.6,39,400,55,133.76344299316406,5597.065371285757,11438.862208176515,768,33,709,,,
video_0001$_$0003,test,-1.0,39,400,55,133.908203125,3354.3993759909968,13254.491906269777,768,33,709,,,
video_0048$_$0014,test,-0.4,39,400,55,126.25749206542969,2019.1175667011016,6915.723586237809,768,33,709,,,
video_0054$_$0032,test,0.2,39,400,55,143.16387939453125,5836.135715751345,15479.146391362801,768,33,709,,,
video_0023$_$0035,test,1.0,39,400,55,127.2662124633789,4744.697962550698,9711.004110087273,768,33,709,,,
video_0055$_$0032,test,-1.0,39,400,55,125.12483978271484,2357.4638131504776,51375150.89740296,768,33,709,,,
video_0025$_$0023,test,0.0,39,400,55,142.99900817871094,7778.111715186169,18677.396241616978,768,33,709,,,
video_0054$_$0057,test,-0.6,39,400,55,134.74346923828125,4068.77260713538,11118.309657431195,768,33,709,,,
video_0053$_$0050,test,0.6,39,400,55,135.40171813964844,4517.072930669855,14082.840803202402,768,33,709,,,
video_0024$_$0002,test,0.6,39,400,55,128.51889038085938,2872.2863899830945,9967.387301593286,768,33,709,,,
video_0047$_$0005,test,-1.0,39,400,55,137.7949676513672,6770.208378435026,16155.673190000924,768,33,709,,,
video_0006$_$0015,test,-1.0,39,400,55,135.90899658203125,2833.5589948889838,51375151.070022374,768,33,709,,,
video_0032$_$0016,test,1.0,39,400,55,125.99336242675781,5095.824747144497,12965.71999724306,768,33,709,,,
video_0011$_$0010,test,-0.6,39,400,55,131.39947509765625,3234.1814163644103,9053.838972177406,768,33,709,,,
video_0046$_$0034,test,-0.2,39,400,55,145.39772033691406,2819.899357807787,18284.892058397178,768,33,709,,,
video_0024$_$0022,test,-1.0,39,400,55,127.55990600585938,1972.9683343554066,8983.750837661695,768,33,709,,,
video_0001$_$0033,test,1.0,39,400,55,132.7616424560547,4006.754804679932,10403.165409022396,768,33,709,,,
video_0005$_$0010,test,-1.0,39,400,55,128.58750915527344,2405.061976417554,8689.649256030902,768,33,709,,,
video_0002$_$0008,test,-1.0,39,400,55,131.41848754882812,5017.037259712184,12524.27767640965,768,33,709,,,
video_0034$_$0024,test,-0.6,39,400,55,133.2130584716797,5253.037194626637,17253.29465339979,768,33,709,,,
video_0054$_$0123,test,0.0,39,400,55,133.2637176513672,3627.748834266814,10456.38077927877,768,33,709,,,
video_0002$_$0037,test,0.8,39,400,55,128.88731384277344,2191.941500552113,9417.673742054862,768,33,709,,,
video_0052$_$0018,test,0.6,39,400,55,134.43023681640625,5651.089526521958,16310.27930216115,768,33,709,,,
video_0045$_$0068,test,-0.2,39,400,55,134.1797332763672,3746.892267719846,12558.482170026657,768,33,709,,,
video_0037$_$0005,test,0.2,39,400,55,131.7748565673828,4768.671547472102,11939.903678201288,768,33,709,,,
video_0027$_$0036,test,1.0,39,400,55,133.86988830566406,5835.445935663843,13045.487893177036,768,33,709,,,
video_0045$_$0004,test,0.2,39,400,55,129.3278350830078,2570.461606931139,11371.49921745537,768,33,709,,,
video_0057$_$0002,test,-0.2,39,400,55,131.46188354492188,3526.303852515241,11914.362922405646,768,33,709,,,
video_0045$_$0061,test,-0.8,39,400,55,141.87326049804688,3818.6488562196473,15692.842658896978,768,33,709,,,
video_0043$_$0026,test,0.8,39,400,55,127.85443115234375,3855.906485080363,7519.357899722652,768,33,709,,,
video_0045$_$0023,test,1.0,39,400,55,130.937744140625,3663.781372893396,13348.407292292026,768,33,709,,,
video_0060$_$0008,test,-1.0,39,400,55,131.33529663085938,3388.3168823677797,10638.724979706496,768,33,709,,,
video_0001$_$0027,test,0.0,39,400,55,134.00538635253906,3945.032563570009,12102.668920997356,768,33,709,,,
video_0051$_$0032,test,-1.0,39,400,55,133.22080993652344,6462.708228121827,14357.228256706017,768,33,709,,,
video_0043$_$0057,test,1.0,39,400,55,133.5778045654297,3560.491507227211,9247.314372025881,768,33,709,,,
video_0025$_$0021,test,0.0,39,400,55,129.18247985839844,3117.54854988161,7390.957598870762,768,33,709,,,
video_0054$_$0088,test,-0.2,39,400,55,130.4425506591797,3606.5738368194443,8638.248752702364,768,33,709,,,
video_0035$_$0025,test,-1.0,39,400,55,128.12393188476562,3032.1210655007435,11821.372595501687,768,33,709,,,
video_0010$_$0001,test,-0.8,39,400,55,132.78074645996094,5060.458840941997,12676.689668945908,768,33,709,,,
video_0051$_$0015,test,0.8,39,400,55,133.3114471435547,4009.4701336989206,13681.4354090706,768,33,709,,,
video_0060$_$0034,test,-1.0,39,400,55,126.34344482421875,2287.0401989466577,6775.650928154071,768,33,709,,,
video_0045$_$0074,test,0.4,39,400,55,140.34622192382812,3946.309876111996,18324.783170045874,768,33,709,,,
video_0023$_$0011,test,-0.4,39,400,55,144.44903564453125,4757.394256346669,14771.855400631983,768,33,709,,,
video_0001$_$0031,test,0.6,39,400,55,127.37794494628906,4102.116000226601,8663.766023337932,768,33,709,,,
video_0054$_$0059,test,0.4,39,400,55,140.45555114746094,4793.704041730667,13143.453475996515,768,33,709,,,
video_0042$_$0011,test,-0.2,39,400,55,133.72372436523438,5095.26592742798,11358.334948266498,768,33,709,,,
video_0048$_$0022,test,1.0,39,400,55,138.23500061035156,4695.92376211925,13499.468760128195,768,33,709,,,
video_0010$_$0007,test,-1.0,39,400,55,140.90646362304688,5440.546007218309,17199.54509438103,768,33,709,,,
video_0043$_$0028,test,0.0,39,400,55,129.66880798339844,4254.645590847144,11085.918969360713,768,33,709,,,
video_0054$_$0050,test,0.0,39,400,55,133.9932861328125,4790.786659405087,12808.368076673238,768,33,709,,,
video_0027$_$0017,test,-1.0,39,400,55,130.31442260742188,3712.946129040148,9262.419598731694,768,33,709,,,
video_0031$_$0026,test,0.2,39,400,55,129.68553161621094,4230.205261773144,11410.914212642476,768,33,709,,,
video_0056$_$0090,test,-0.2,39,400,55,131.30345153808594,6212.386352513147,12054.819728024155,768,33,709,,,
video_0054$_$0166,test,-1.0,39,400,55,128.00099182128906,3293.976569735434,9062.946337560681,768,33,709,,,
video_0032$_$0007,test,-0.4,39,400,55,128.41925048828125,3949.4426553458907,131539963.798585,768,33,709,,,
video_0030$_$0010,test,-1.0,39,400,55,130.04893493652344,5387.450704284158,12995.251549824083,768,33,709,,,
video_0035$_$0035,test,0.0,39,400,55,132.12225341796875,2687.7926778838755,11118.330468452694,768,33,709,,,
video_0046$_$0040,test,1.0,39,400,55,144.02792358398438,3725.1630840115713,14516.304837682728,768,33,709,,,
video_0023$_$0010,test,1.0,39,400,55,125.43009185791016,3948.3552724897418,12206.697348789818,768,33,709,,,
video_0056$_$0060,test,0.0,39,400,55,126.36023712158203,3128.598220963599,7678.435109919517,768,33,709,,,
video_0053$_$0060,test,-0.8,39,400,55,128.42979431152344,1848.316190355861,8552.7274098598,768,33,709,,,
video_0054$_$0052,test,0.6,39,400,55,124.2565689086914,3055.124892088264,8681.497507043388,768,33,709,,,
video_0046$_$0047,test,0.2,39,400,55,131.68894958496094,2226.4956604429153,11059.202309242353,768,33,709,,,
video_0026$_$0010,test,-1.0,39,400,55,125.13951110839844,6433.55091433396,14756.827592187574,768,33,709,,,
video_0026$_$0009,test,-1.0,39,400,55,133.7384796142578,8081.2866716217695,18265.189605944164,768,33,709,,,
video_0002$_$0017,test,0.0,39,400,55,134.2779998779297,5798.218361311278,13075.168914260052,768,33,709,,,
video_0027$_$0028,test,0.6,39,400,55,131.77928161621094,4730.650945879581,11703.087611061406,768,33,709,,,
video_0048$_$0003,test,-1.0,39,400,55,129.0107421875,3225.8874453339527,10595.0304108534,768,33,709,,,
video_0054$_$0178,test,-0.6,39,400,55,128.46853637695312,4240.217323661069,10845.187425641869,768,33,709,,,
video_0025$_$0053,test,0.0,39,400,55,127.65766143798828,4193.754379924441,10196.522141508043,768,33,709,,,
video_0043$_$0048,test,0.0,39,400,55,130.06101989746094,3804.91680549081,9095.25523436283,768,33,709,,,
video_0040$_$0011,test,-1.0,39,400,55,127.6218490600586,2975.631199293464,7962.64802046098,768,33,709,,,
video_0040$_$0022,test,-0.8,39,400,55,130.01351928710938,5533.890052961263,11174.1220673021,768,33,709,,,
video_0025$_$0033,test,1.0,39,400,55,129.96707153320312,4094.299541712767,12811.210582414544,768,33,709,,,
video_0029$_$0019,test,-0.6,39,400,55,131.79270935058594,6144.115308681967,18548.565364377995,768,33,709,,,
video_0036$_$0015,test,-0.6,39,400,55,132.1444854736328,5361.774543430972,14822.203591043397,768,33,709,,,
video_0051$_$0053,test,0.4,39,400,55,132.1595916748047,3499.0120077615265,11204.777607855975,768,33,709,,,
video_0024$_$0010,test,-0.6,39,400,55,132.59475708007812,4859.727975726902,13475.792030084489,768,33,709,,,
video_0046$_$0037,test,0.2,39,400,55,141.328857421875,4599.7087128336325,18910.75277391842,768,33,709,,,
video_0054$_$0124,test,0.6,39,400,55,132.9125213623047,3756.2846341131412,10285.299758983274,768,33,709,,,
video_0054$_$0080,test,-1.0,39,400,55,129.38575744628906,3219.3548791784533,8985.77550871217,768,33,709,,,
video_0034$_$0019,test,0.0,39,400,55,138.25552368164062,5944.739176865693,15998.17960237728,768,33,709,,,
video_0022$_$0002,test,-1.0,39,400,55,126.15505981445312,2942.070638706828,51375147.55026193,768,33,709,,,
video_0043$_$0043,test,0.6,39,400,55,131.61856079101562,4218.545692624653,12405.449383685533,768,33,709,,,
video_0055$_$0020,test,0.6,39,400,55,129.81031799316406,3128.049849034244,13326.871855507694,768,33,709,,,
video_0057$_$0013,test,1.0,39,400,55,128.14340209960938,2687.0557659054307,8591.042251389785,768,33,709,,,
video_0056$_$0089,test,0.2,39,400,55,134.22509765625,7022.515387760027,14100.825114624677,768,33,709,,,
video_0051$_$0041,test,-0.6,39,400,55,135.36183166503906,3497.827294662639,11549.370154740049,768,33,709,,,
video_0035$_$0027,test,-1.0,39,400,55,132.71534729003906,5930.677830023155,15832.652220609012,768,33,709,,,
video_0040$_$0041,test,-0.8,39,400,55,133.70083618164062,5094.6927361662765,10791.117541666265,768,33,709,,,
video_0026$_$0020,test,0.4,39,400,55,128.72618103027344,7828.974456815961,51375149.700983554,768,33,709,,,
video_0009$_$0028,test,-1.0,39,400,55,127.41262817382812,2093.3490645508905,8064.2285180215895,768,33,709,,,
video_0043$_$0033,test,0.0,39,400,55,138.9897003173828,4237.1773495154885,12123.403826181262,768,33,709,,,
video_0053$_$0052,test,1.0,39,400,55,128.25050354003906,3011.6522270614196,10163.858671897588,768,33,709,,,
video_0047$_$0062,test,0.0,39,400,55,126.27603912353516,2985.7592857982295,7750.579071370592,768,33,709,,,
video_0020$_$0001,test,-0.4,39,400,55,139.32675170898438,6477.380071833932,17859.010745954438,768,33,709,,,
video_0002$_$0032,test,-1.0,39,400,55,135.2710723876953,6209.514013633218,12111.17083850034,768,33,709,,,
video_0004$_$0003,test,-0.4,39,400,55,133.10887145996094,7752.96005228516,13561.490280556156,768,33,709,,,
video_0009$_$0019,test,-1.0,39,400,55,130.210693359375,2841.785529221925,11010.959055412122,768,33,709,,,
video_0009$_$0011,test,0.0,39,400,55,129.79928588867188,2899.903789125682,9799.079897289517,768,33,709,,,
video_0029$_$0016,test,1.0,39,400,55,124.78650665283203,3979.38734950424,51375148.08451819,768,33,709,,,
video_0034$_$0006,test,-1.0,39,400,55,137.5074920654297,4638.017601096137,13746.64256621233,768,33,709,,,
video_0033$_$0010,test,0.0,39,400,55,135.0979766845703,5007.170926206067,13639.033291562744,768,33,709,,,
video_0023$_$0024,test,0.0,39,400,55,127.57221984863281,3935.4436880439284,8694.043813681774,768,33,709,,,
video_0048$_$0015,test,-1.0,39,400,55,127.8746566772461,4498.126313314548,12381.83373173933,768,33,709,,,
video_0053$_$0010,test,-1.0,39,400,55,128.3468017578125,3963.858348491538,9747.59641024688,768,33,709,,,
video_0043$_$0030,test,-0.2,39,400,55,137.68409729003906,6954.340597150779,17507.862934777993,768,33,709,,,
video_0054$_$0019,test,0.6,39,400,55,130.83859252929688,4789.68342796005,10801.160861829754,768,33,709,,,
video_0015$_$0001,test,0.0,39,400,55,131.8888397216797,5399.265509089065,12089.526056316952,768,33,709,,,
video_0012$_$0012,test,-1.0,39,400,55,132.49383544921875,4816.775477751687,13627.67133339104,768,33,709,,,
video_0052$_$0004,test,1.0,39,400,55,132.66546630859375,3022.676679078251,9743.573523395293,768,33,709,,,
video_0047$_$0045,test,0.0,39,400,55,130.1412811279297,2635.159974706769,8963.835871945204,768,33,709,,,
video_0046$_$0032,test,0.6,39,400,55,135.30653381347656,2707.2463146698915,13722.85294580841,768,33,709,,,
video_0011$_$0020,test,-0.4,39,400,55,134.7051239013672,4344.63099261094,13450.609028679892,768,33,709,,,
video_0053$_$0038,test,-0.2,39,400,55,128.48912048339844,4551.317171344134,11791.794764645372,768,33,709,,,
video_0040$_$0046,test,-0.2,39,400,55,127.27568817138672,4781.6758175028235,9220.71497823851,768,33,709,,,
video_0012$_$0026,test,-1.0,39,400,55,133.85568237304688,3742.7350645798483,11328.369480945947,768,33,709,,,
video_0047$_$0025,test,0.0,39,400,55,129.6536865234375,3522.270180381922,10294.5553405846,768,33,709,,,
video_0021$_$0004,test,0.4,39,400,55,128.01318359375,2567.398965253537,9873.559668864254,768,33,709,,,
video_0048$_$0012,test,-1.0,39,400,55,129.18577575683594,5056.198489979448,13140.088405153787,768,33,709,,,
video_0028$_$0019,test,-0.2,39,400,55,133.01486206054688,6503.49277352804,14184.85412755043,768,33,709,,,
video_0045$_$0100,test,0.2,39,400,55,135.19676208496094,5578.673660971299,14393.19728537931,768,33,709,,,
video_0013$_$0035,test,0.2,39,400,55,129.28050231933594,1657.2924596205053,8399.269849337432,768,33,709,,,
video_0052$_$0002,test,-1.0,39,400,55,134.1097412109375,3117.7791843953764,10416.51301173392,768,33,709,,,
video_0011$_$0011,test,-0.8,39,400,55,135.49017333984375,4086.6571203924495,13022.937305793577,768,33,709,,,
video_0052$_$0029,test,-1.0,39,400,55,131.1271209716797,3168.8541890802912,11376.592392055672,768,33,709,,,
video_0002$_$0025,test,-0.2,39,400,55,137.00521850585938,5345.558399693869,51375154.45954729,768,33,709,,,
video_0048$_$0004,test,-0.6,39,400,55,128.99551391601562,3571.695093959449,9709.726808345851,768,33,709,,,
video_0024$_$0062,test,0.6,39,400,55,132.60296630859375,4854.582171898438,11908.04994911081,768,33,709,,,
video_0040$_$0051,test,-0.8,39,400,55,131.44012451171875,10402.875056514891,18818.34807160435,768,33,709,,,
video_0010$_$0037,test,1.0,39,400,55,129.97296142578125,3092.513586282685,10938.426793800527,768,33,709,,,
video_0034$_$0004,test,-0.6,39,400,55,139.2064208984375,2995.2306016033763,13673.78814669165,768,33,709,,,
video_0023$_$0009,test,1.0,39,400,55,135.5009307861328,4520.292920253274,51375147.601544335,768,33,709,,,
video_0025$_$0018,test,0.2,39,400,55,140.97035217285156,5779.278739165771,75298291.7884527,768,33,709,,,
video_0038$_$0020,test,1.0,39,400,55,131.392822265625,4392.461361606776,14187.84282153536,768,33,709,,,
video_0029$_$0001,test,-0.2,39,400,55,129.50196838378906,3481.85433265534,8568.203853748493,768,33,709,,,
video_0027$_$0026,test,-0.8,39,400,55,129.65936279296875,5140.882692976469,14162.817076829344,768,33,709,,,
video_0046$_$0055,test,-0.2,39,400,55,139.60548400878906,3747.696278643564,15319.673270203592,768,33,709,,,
video_0046$_$0010,test,0.0,39,400,55,131.47451782226562,3858.082729285678,14302.773497541093,768,33,709,,,
video_0024$_$0100,test,1.0,39,400,55,131.00637817382812,4921.841162278776,11477.334833877703,768,33,709,,,
video_0054$_$0169,test,-0.6,39,400,55,127.86961364746094,3049.7533870145207,51375151.67246738,768,33,709,,,
video_0050$_$0002,test,-1.0,39,400,55,127.53520965576172,2004.3978604901226,8599.610041828157,768,33,709,,,
video_0037$_$0017,test,-1.0,39,400,55,127.27653503417969,3002.868560016036,8258.193172536807,768,33,709,,,
video_0045$_$0080,test,0.0,39,400,55,135.8351287841797,3747.1704692614603,14720.60448023291,768,33,709,,,
video_0054$_$0028,test,-0.6,39,400,55,131.22543334960938,4251.415107502487,10626.138850157111,768,33,709,,,
video_0023$_$0043,test,1.0,39,400,55,125.40699768066406,4066.5427721715932,8269.095113603222,768,33,709,,,
video_0056$_$0080,test,-0.8,39,400,55,126.66268157958984,4191.727190824901,9902.192622177086,768,33,709,,,
video_0023$_$0015,test,-0.4,39,400,55,129.34619140625,5907.606191134258,13726.339497889825,768,33,709,,,
video_0048$_$0029,test,1.0,39,400,55,133.3603515625,3342.85837420355,13408.237242344634,768,33,709,,,
video_0047$_$0067,test,-0.8,39,400,55,127.87246704101562,2435.0881223823303,8119.506134540257,768,33,709,,,
video_0041$_$0004,test,0.2,39,400,55,136.2535400390625,4476.159144906507,51375150.18407576,768,33,709,,,
video_0028$_$0022,test,0.0,39,400,55,132.20550537109375,7206.451011636275,13992.798514488228,768,33,709,,,
video_0023$_$0051,test,-1.0,39,400,55,132.38778686523438,3926.216125243508,10849.12768113476,768,33,709,,,
video_0050$_$0008,test,-1.0,39,400,55,134.0641632080078,4881.690245997937,13274.263103168987,768,33,709,,,
video_0047$_$0016,test,0.0,39,400,55,134.5139617919922,3513.07844311023,12251.933184778898,768,33,709,,,
video_0024$_$0075,test,-1.0,39,400,55,135.20419311523438,5029.101450522197,12104.698693999862,768,33,709,,,
video_0051$_$0038,test,1.0,39,400,55,128.7158966064453,1836.2066495040465,9049.896470477906,768,33,709,,,
video_0031$_$0020,test,-0.2,39,400,55,137.61668395996094,8712.202750540053,18010.844965092452,768,33,709,,,
video_0047$_$0046,test,0.0,39,400,55,130.85772705078125,3136.0561575884076,9842.853592575451,768,33,709,,,
video_0029$_$0013,test,-0.2,39,400,55,130.30172729492188,3161.5479057661096,10548.836210173578,768,33,709,,,
video_0054$_$0040,test,0.6,39,400,55,131.50729370117188,3384.695525041625,10621.195614365733,768,33,709,,,
video_0010$_$0027,test,0.8,39,400,55,132.77685546875,3110.207223278102,12755.344839848385,768,33,709,,,
video_0052$_$0026,test,0.8,39,400,55,140.0420684814453,4143.846292438917,13744.936015779747,768,33,709,,,
video_0014$_$0023,test,1.0,39,400,55,125.57245635986328,4810.955320083801,12566.373812928985,768,33,709,,,
video_0054$_$0098,test,0.0,39,400,55,130.5072784423828,3458.4991434301182,9031.70569696619,768,33,709,,,
video_0056$_$0058,test,-0.2,39,400,55,133.6068572998047,4039.142187627478,9234.263226977726,768,33,709,,,
video_0056$_$0010,test,1.0,39,400,55,128.03927612304688,5827.325068001057,11384.90860757028,768,33,709,,,
video_0054$_$0069,test,0.0,39,400,55,131.1626739501953,2636.367167828326,9209.224824114262,768,33,709,,,
video_0056$_$0056,test,-0.2,39,400,55,128.8334503173828,3392.8406239057535,8237.568928983404,768,33,709,,,
video_0054$_$0047,test,0.0,39,400,55,132.20050048828125,3904.160205733176,11180.06228632759,768,33,709,,,
video_0056$_$0051,test,0.0,39,400,55,129.0347137451172,4883.19693720584,9833.625807098399,768,33,709,,,
video_0035$_$0001,test,0.0,39,400,55,128.10531616210938,2165.4519251927118,8818.591649108617,768,33,709,,,
video_0047$_$0015,test,0.2,39,400,55,129.56387329101562,3224.0220614885884,9944.241952436209,768,33,709,,,
video_0054$_$0039,test,-0.4,39,400,55,136.44168090820312,4120.936889347704,11072.835239915286,768,33,709,,,
video_0053$_$0007,test,-0.2,39,400,55,126.78277587890625,2725.9847660531123,8871.532563840692,768,33,709,,,
video_0021$_$0006,test,-0.2,39,400,55,130.44688415527344,2444.1894574227117,7949.608457912652,768,33,709,,,
video_0045$_$0047,test,0.0,39,400,55,136.64822387695312,3521.057676411813,14297.65044707111,768,33,709,,,
video_0046$_$0054,test,0.2,39,400,55,132.45030212402344,2941.9872309426923,14757.095493773957,768,33,709,,,
video_0026$_$0012,test,-0.4,39,400,55,131.80865478515625,6758.199354716691,13770.554956618631,768,33,709,,,
video_0045$_$0001,test,0.4,39,400,55,133.67681884765625,2110.880982045781,9377.232403194093,768,33,709,,,
video_0048$_$0005,test,0.6,39,400,55,126.5516586303711,2968.139331619193,8410.494374623291,768,33,709,,,
video_0051$_$0001,test,0.4,39,400,55,133.79156494140625,3304.352755216432,15218.339887002887,768,33,709,,,
video_0012$_$0016,test,1.0,39,400,55,130.66513061523438,5413.130669855503,12164.827750579569,768,33,709,,,
video_0045$_$0088,test,0.0,39,400,55,145.56541442871094,4857.619922221308,18238.499467075966,768,33,709,,,
video_0054$_$0103,test,-1.0,39,400,55,134.30850219726562,5431.088144832313,11829.368520546033,768,33,709,,,
video_0030$_$0029,test,-0.4,39,400,55,129.74395751953125,5375.835161827726,12666.463525261026,768,33,709,,,
video_0053$_$0037,test,-0.8,39,400,55,133.1901092529297,5692.593228018393,14370.478501194226,768,33,709,,,
video_0010$_$0030,test,-1.0,39,400,55,136.71568298339844,4301.812663416607,12609.265560428186,768,33,709,,,
video_0045$_$0040,test,-0.8,39,400,55,127.53570556640625,3396.076545384923,8967.187543144255,768,33,709,,,
video_0051$_$0024,test,-1.0,39,400,55,130.40127563476562,6455.696626840077,14026.160042017507,768,33,709,,,
video_0051$_$0055,test,0.0,39,400,55,129.31748962402344,3095.8126949487387,9930.237543648653,768,33,709,,,
video_0056$_$0055,test,-0.6,39,400,55,127.21476745605469,2672.596933283422,6584.490204977974,768,33,709,,,
video_0055$_$0028,test,-1.0,39,400,55,130.99200439453125,4814.476395738799,106945871.69890201,768,33,709,,,
video_0020$_$0005,test,0.6,39,400,55,132.024658203125,4398.906207652864,13053.655533692885,768,33,709,,,
video_0010$_$0023,test,0.0,39,400,55,131.7494659423828,3015.700379852732,11433.873719993959,768,33,709,,,
video_0051$_$0018,test,0.6,39,400,55,132.7675323486328,3205.749120284887,10914.32334493311,768,33,709,,,
video_0030$_$0003,test,-1.0,39,400,55,132.36953735351562,5100.973766777181,51375150.49173556,768,33,709,,,
video_0042$_$0018,test,0.8,39,400,55,139.1580047607422,4968.806367619222,16009.883486615538,768,33,709,,,
video_0051$_$0051,test,0.0,39,400,55,131.2750701904297,3432.0706979179054,10783.833315829672,768,33,709,,,
video_0009$_$0031,test,-1.0,39,400,55,132.9537353515625,2568.790389257561,10287.253791245374,768,33,709,,,
video_0016$_$0005,test,-0.2,39,400,55,131.72816467285156,5073.844271947704,12332.060305886327,768,33,709,,,
video_0040$_$0019,test,-1.0,39,400,55,132.5908203125,4983.860145215567,10427.353878294865,768,33,709,,,
video_0056$_$0068,test,-0.2,39,400,55,128.550048828125,2199.9612699999843,6502.439505820264,768,33,709,,,
video_0046$_$0053,test,0.0,39,400,55,140.37435913085938,3421.4968725845188,16878.569796899046,768,33,709,,,
video_0005$_$0002,test,0.0,39,400,55,133.4756622314453,4081.4863120244668,12069.7906160429,768,33,709,,,
video_0045$_$0022,test,0.8,39,400,55,139.7706298828125,4036.5646557292393,15946.713109004595,768,33,709,,,
video_0012$_$0027,test,1.0,39,400,55,126.67701721191406,4347.0145974896,9544.290906572363,768,33,709,,,
video_0026$_$0018,test,-0.6,39,400,55,131.3632354736328,7198.50427500443,14932.313377835195,768,33,709,,,
video_0034$_$0013,test,-0.6,39,400,55,136.72311401367188,3370.449425550372,13047.39735370774,768,33,709,,,
video_0019$_$0010,test,1.0,39,400,55,138.62350463867188,6443.549019794804,14636.226097447763,768,33,709,,,
video_0045$_$0045,test,-0.6,39,400,55,141.15106201171875,4942.876416690039,16444.408063074443,768,33,709,,,
video_0011$_$0025,test,-1.0,39,400,55,132.85169982910156,3341.9844503307195,11765.617690535571,768,33,709,,,
video_0054$_$0066,test,1.0,39,400,55,128.64248657226562,4072.902448831038,9472.382940890831,768,33,709,,,
video_0045$_$0019,test,0.0,39,400,55,133.821533203125,4586.528290361643,12761.883119713162,768,33,709,,,
video_0051$_$0060,test,0.0,39,400,55,135.34368896484375,4575.0490328509995,15186.051138662957,768,33,709,,,
video_0021$_$0011,test,-0.4,39,400,55,135.2737579345703,4059.162616350417,92749683.59188768,768,33,709,,,
video_0015$_$0012,test,-1.0,39,400,55,132.86878967285156,3358.549737157463,130794682.43426803,768,33,709,,,
video_0024$_$0024,test,0.0,39,400,55,126.60181427001953,2878.2501345465485,7549.663151123422,768,33,709,,,
video_0002$_$0033,test,-1.0,39,400,55,132.8555450439453,5445.357798402044,11571.302638165227,768,33,709,,,
video_0045$_$0011,test,0.6,39,400,55,129.55723571777344,2722.614323266698,9536.819397290607,768,33,709,,,
video_0045$_$0041,test,-0.8,39,400,55,134.11502075195312,3809.8365794596434,51375155.29286912,768,33,709,,,
video_0056$_$0017,test,0.4,39,400,55,135.689208984375,4909.6720057814255,12731.117924757935,768,33,709,,,
video_0041$_$0031,test,-1.0,39,400,55,127.77375030517578,5291.5021183965155,17269.93890208929,768,33,709,,,
video_0056$_$0043,test,0.2,39,400,55,128.6664581298828,4837.086123692947,9766.945713223196,768,33,709,,,
video_0024$_$0091,test,-0.6,39,400,55,133.71823120117188,9851.907288559007,18933.690139813123,768,33,709,,,
video_0047$_$0051,test,-0.2,39,400,55,126.69963073730469,2924.5227735010853,6925.253152035946,768,33,709,,,
video_0026$_$0015,test,-1.0,39,400,55,131.77642822265625,6113.035685503641,13710.9375797573,768,33,709,,,
video_0009$_$0021,test,0.4,39,400,55,131.39404296875,3370.878665149066,10887.27540657792,768,33,709,,,
video_0016$_$0023,test,-1.0,39,400,55,137.13365173339844,6912.035256758413,16102.60190404011,768,33,709,,,
video_0006$_$0016,test,-1.0,39,400,55,127.24493408203125,2975.0445671611146,9067.776716681716,768,33,709,,,
video_0001$_$0006,test,-1.0,39,400,55,134.01573181152344,3656.908753712464,9925.419459740939,768,33,709,,,
video_0045$_$0090,test,0.0,39,400,55,145.0191192626953,4992.964413897079,20617.479843399375,768,33,709,,,
video_0053$_$0057,test,-0.6,39,400,55,134.17254638671875,5723.5863712992395,16488.912948438596,768,33,709,,,
video_0012$_$0023,test,-1.0,39,400,55,128.35382080078125,4739.520274931343,11657.901453417595,768,33,709,,,
video_0054$_$0011,test,-0.2,39,400,55,131.93788146972656,4650.842427490205,10327.961932058914,768,33,709,,,
video_0047$_$0070,test,0.2,39,400,55,129.06692504882812,4034.9291091729024,9677.581400449764,768,33,709,,,
video_0055$_$0005,test,0.8,39,400,55,132.40023803710938,2416.1580594453103,8217.398892004272,768,33,709,,,
video_0049$_$0020,test,-1.0,39,400,55,127.7599105834961,5044.65817822755,9941.57307259832,768,33,709,,,
video_0011$_$0012,test,1.0,39,400,55,128.75222778320312,4023.7405332649278,13597.490730919919,768,33,709,,,
video_0038$_$0012,test,0.2,39,400,55,133.78173828125,2943.9687180866595,9323.489326010646,768,33,709,,,
video_0050$_$0007,test,0.0,39,400,55,126.8905258178711,3784.649558514635,10295.634625664608,768,33,709,,,
video_0025$_$0017,test,-1.0,39,400,55,128.6322021484375,4906.3310200897895,12107.506329710493,768,33,709,,,
video_0057$_$0008,test,-0.2,39,400,55,136.09136962890625,4030.2569382697566,12045.932619304296,768,33,709,,,
video_0002$_$0004,test,-1.0,39,400,55,131.17906188964844,3879.4809323286895,11316.355892945576,768,33,709,,,
video_0045$_$0059,test,-0.4,39,400,55,127.48368835449219,3478.930627095723,11094.863209194215,768,33,709,,,
video_0060$_$0027,test,-1.0,39,400,55,130.8451385498047,3897.6558623275178,10223.625477638963,768,33,709,,,
video_0053$_$0024,test,0.4,39,400,55,132.42404174804688,3645.157433761734,10699.557779048237,768,33,709,,,
video_0025$_$0003,test,0.6,39,400,55,126.79625701904297,2392.2838782143813,6929.425877514713,768,33,709,,,
video_0035$_$0012,test,0.8,39,400,55,135.8433380126953,3308.5169462641456,13922.925198888901,768,33,709,,,
video_0054$_$0092,test,-0.4,39,400,55,135.87228393554688,4300.050569794737,11740.521875369719,768,33,709,,,
video_0045$_$0057,test,0.6,39,400,55,130.31045532226562,2686.3909608220233,9279.121956283676,768,33,709,,,
video_0012$_$0011,test,-1.0,39,400,55,136.00144958496094,3971.1906850177606,13647.479606275077,768,33,709,,,
video_0034$_$0003,test,-1.0,39,400,55,126.45132446289062,2820.7462310468236,12000.792825326218,768,33,709,,,
video_0038$_$0032,test,-1.0,39,400,55,133.915771484375,2756.004257892144,8739.589675325347,768,33,709,,,
video_0051$_$0036,test,0.8,39,400,55,134.42393493652344,4894.6022662440555,15595.194363203329,768,33,709,,,
video_0060$_$0025,test,-1.0,39,400,55,127.25691223144531,2860.571537997279,9486.093499233584,768,33,709,,,
video_0027$_$0031,test,1.0,39,400,55,132.49374389648438,4177.267968592096,10167.921355231778,768,33,709,,,
video_0023$_$0031,test,-1.0,39,400,55,130.53396606445312,4518.403296249509,10391.201285177833,768,33,709,,,
video_0054$_$0106,test,-1.0,39,400,55,130.0347137451172,4435.944740875719,10687.079702532386,768,33,709,,,
video_0025$_$0014,test,-1.0,39,400,55,142.67283630371094,7627.0337314201915,92749682.8697845,768,33,709,,,
video_0047$_$0086,test,-0.8,39,400,55,131.6004180908203,2667.9273378515136,8910.841788104897,768,33,709,,,
video_0057$_$0014,test,1.0,39,400,55,137.07107543945312,3432.7932905958683,12210.043079613546,768,33,709,,,
video_0047$_$0044,test,-1.0,39,400,55,126.14537811279297,2864.49441938984,7799.082245761772,768,33,709,,,
video_0010$_$0032,test,0.4,39,400,55,140.63616943359375,4081.956147954278,14714.28880373836,768,33,709,,,
video_0036$_$0014,test,-1.0,39,400,55,133.42901611328125,6273.071101040134,17696.596579012963,768,33,709,,,
video_0047$_$0031,test,-1.0,39,400,55,131.47476196289062,3982.3510392792496,12142.574506966323,768,33,709,,,
video_0012$_$0018,test,-1.0,39,400,55,130.53163146972656,4436.484107209579,51375147.64596839,768,33,709,,,
video_0054$_$0109,test,-0.2,39,400,55,127.14630126953125,3977.4822321774777,9292.45033523462,768,33,709,,,
video_0057$_$0015,test,1.0,39,400,55,130.7637481689453,2918.115042909585,8336.483870989567,768,33,709,,,
video_0016$_$0038,test,-1.0,39,400,55,125.84228515625,4207.17044785224,8933.659585648433,768,33,709,,,
video_0001$_$0017,test,1.0,39,400,55,133.126708984375,4300.64319003381,13266.628363501773,768,33,709,,,
video_0032$_$0002,test,-1.0,39,400,55,134.41079711914062,4066.985143458094,10345.140794467901,768,33,709,,,
video_0020$_$0012,test,0.8,39,400,55,126.07569122314453,1654.704765968913,6270.337687780043,768,33,709,,,
video_0056$_$0049,test,-1.0,39,400,55,124.6375503540039,4197.186909340254,7158.455921004812,768,33,709,,,
video_0054$_$0037,test,0.8,39,400,55,130.58770751953125,4213.164101437126,11340.886899405685,768,33,709,,,
video_0053$_$0047,test,-1.0,39,400,55,137.66104125976562,3114.645602685576,12201.00498083984,768,33,709,,,
video_0054$_$0176,test,-0.8,39,400,55,131.83746337890625,5114.964863595561,13558.962432213373,768,33,709,,,
video_0048$_$0008,test,-1.0,39,400,55,131.86288452148438,4107.527887793487,12129.494600803027,768,33,709,,,
video_0045$_$0044,test,-0.8,39,400,55,131.2059326171875,3824.374310860568,13851.581624729659,768,33,709,,,
video_0056$_$0006,test,-1.0,39,400,55,134.19732666015625,3966.276411939232,10457.231092500366,768,33,709,,,
video_0043$_$0055,test,0.2,39,400,55,128.25857543945312,4076.1444352296216,9481.485024138985,768,33,709,,,
video_0030$_$0028,test,-1.0,39,400,55,128.07122802734375,6391.668702074919,13125.790640087742,768,33,709,,,
video_0054$_$0135,test,-0.4,39,400,55,134.4257049560547,3771.0103167070984,12360.536325292936,768,33,709,,,
video_0040$_$0018,test,-0.8,39,400,55,127.67713165283203,5925.5055677515,10376.34402178409,768,33,709,,,
video_0023$_$0002,test,-0.2,39,400,55,135.51043701171875,5389.968961886097,12684.208417325633,768,33,709,,,
video_0039$_$0006,test,-1.0,39,400,55,134.679931640625,3348.716513696886,51375154.41155391,768,33,709,,,
video_0054$_$0100,test,0.0,39,400,55,133.47828674316406,3342.5207574075152,8714.300386290699,768,33,709,,,
video_0034$_$0015,test,-0.4,39,400,55,133.63565063476562,4835.361975738528,13898.353217958032,768,33,709,,,
video_0023$_$0060,test,1.0,39,400,55,130.9835205078125,4567.713141236322,7520.015975937962,768,33,709,,,
video_0021$_$0001,test,0.0,39,400,55,130.72120666503906,3299.6224324530626,10921.93725154208,768,33,709,,,
video_0042$_$0006,test,-0.2,39,400,55,136.56338500976562,5936.867059740526,15785.634193688426,768,33,709,,,
video_0056$_$0035,test,-0.2,39,400,55,125.66341400146484,3549.2832801349746,8064.7437690515335,768,33,709,,,
video_0044$_$0006,test,-0.4,39,400,55,130.81198120117188,2808.3688863973416,7874.944893717163,768,33,709,,,
video_0025$_$0012,test,0.6,39,400,55,129.42225646972656,4909.630000723861,92749682.19197002,768,33,709,,,
video_0053$_$0056,test,0.0,39,400,55,134.92056274414062,5429.489692649241,16795.45217345559,768,33,709,,,
video_0032$_$0013,test,0.0,39,400,55,133.3446807861328,6188.306476200007,75298288.70301186,768,33,709,,,
video_0024$_$0082,test,1.0,39,400,55,131.95953369140625,5610.098024685509,13569.060602186586,768,33,709,,,
video_0024$_$0094,test,-1.0,39,400,55,129.26376342773438,1779.0091051770082,6185.088932271075,768,33,709,,,
video_0016$_$0016,test,-1.0,39,400,55,135.95144653320312,4513.505814022589,51375154.15451605,768,33,709,,,
video_0054$_$0048,test,-0.8,39,400,55,132.0693359375,3794.1482378886394,9374.700075479592,768,33,709,,,
video_0054$_$0116,test,0.8,39,400,55,131.22569274902344,3138.852788643702,8016.318733608774,768,33,709,,,
video_0047$_$0032,test,-1.0,39,400,55,127.36203002929688,2866.298547153201,9048.061089263454,768,33,709,,,
video_0022$_$0019,test,0.6,39,400,55,141.9717254638672,9777.259698167942,16927.19735786103,768,33,709,,,
video_0056$_$0074,test,-1.0,39,400,55,131.07745361328125,3152.1635084215245,51375148.73203155,768,33,709,,,
video_0030$_$0004,test,-0.4,39,400,55,125.64089965820312,3634.8874944130034,8979.422326453205,768,33,709,,,
video_0024$_$0027,test,-0.4,39,400,55,132.94639587402344,2494.460804350122,8814.122220490804,768,33,709,,,
video_0014$_$0028,test,-1.0,39,400,55,129.6949005126953,2210.412085165662,9451.813636779176,768,33,709,,,
video_0024$_$0113,test,-0.6,39,400,55,132.29562377929688,6016.517180989164,14045.354664381204,768,33,709,,,
video_0055$_$0034,test,-1.0,39,400,55,128.61854553222656,1653.6023043480923,8919.536433470737,768,33,709,,,
video_0007$_$0011,test,-1.0,39,400,55,136.22213745117188,3769.6436522594713,12118.405450953995,768,33,709,,,
video_0038$_$0022,test,-1.0,39,400,55,131.71783447265625,3537.3045812856003,11922.509124615453,768,33,709,,,
video_0030$_$0015,test,0.2,39,400,55,131.6704864501953,4424.077481925129,131539964.477587,768,33,709,,,
video_0056$_$0020,test,1.0,39,400,55,127.60761260986328,3478.3179930461224,8715.332208642345,768,33,709,,,
video_0060$_$0023,test,-0.2,39,400,55,136.2179718017578,5143.52486989601,10554.227220147959,768,33,709,,,
video_0028$_$0002,test,0.0,39,400,55,125.885986328125,4903.049367019935,9321.268240808218,768,33,709,,,
video_0024$_$0025,test,0.2,39,400,55,129.47506713867188,3047.44504613318,75298289.26871951,768,33,709,,,
video_0047$_$0018,test,0.0,39,400,55,129.7047576904297,3594.085778332028,9397.940293769456,768,33,709,,,
video_0051$_$0063,test,-1.0,39,400,55,137.30581665039062,4813.243848986096,13290.338246837318,768,33,709,,,
video_0011$_$0027,test,-0.8,39,400,55,132.13282775878906,3908.0263980318346,12555.203810216171,768,33,709,,,
video_0036$_$0030,test,-1.0,39,400,55,126.70083618164062,3492.0514821199067,60546172.970506616,768,33,709,,,
video_0009$_$0003,test,1.0,39,400,55,129.02822875976562,2294.0255087314667,8283.153150293461,768,33,709,,,
video_0053$_$0042,test,0.0,39,400,55,129.09011840820312,2644.6992471279987,8393.549492561342,768,33,709,,,
video_0027$_$0035,test,1.0,39,400,55,126.81114959716797,5516.918717863432,51375147.88455365,768,33,709,,,
video_0038$_$0009,test,1.0,39,400,55,128.67990112304688,3497.191374265719,10833.004874770144,768,33,709,,,
video_0009$_$0037,test,-0.8,39,400,55,133.87673950195312,2974.4516499060646,9636.297450384933,768,33,709,,,
video_0058$_$0004,test,-0.6,39,400,55,130.21046447753906,3392.1265847655095,10114.54670240174,768,33,709,,,
video_0036$_$0005,test,-1.0,39,400,55,125.4650650024414,3465.038997990536,75298290.82584365,768,33,709,,,
video_0054$_$0188,test,-0.4,39,400,55,124.86738586425781,2668.45286836055,7019.643490292909,768,33,709,,,
video_0055$_$0026,test,-1.0,39,400,55,125.78387451171875,2140.102799003667,7366.43326812019,768,33,709,,,
video_0020$_$0007,test,0.0,39,400,55,133.48812866210938,3720.3904436997523,11378.393660145435,768,33,709,,,
video_0037$_$0025,test,-1.0,39,400,55,129.844482421875,2542.2275317324315,51375146.9731824,768,33,709,,,
video_0043$_$0041,test,-0.4,39,400,55,131.32241821289062,5637.4487661474595,13608.187745133373,768,33,709,,,
video_0024$_$0101,test,-1.0,39,400,55,130.4384765625,2955.593653556122,10766.633037169564,768,33,709,,,
video_0038$_$0015,test,-1.0,39,400,55,135.40367126464844,3326.2778926605306,11986.198233630215,768,33,709,,,
video_0043$_$0004,test,0.0,39,400,55,135.11837768554688,4803.260563106897,12330.72088599552,768,33,709,,,
video_0028$_$0004,test,-1.0,39,400,55,132.32931518554688,5402.557240614871,13032.168175311019,768,33,709,,,
video_0024$_$0029,test,-0.2,39,400,55,128.05108642578125,4947.067459393977,11547.642277856356,768,33,709,,,
video_0054$_$0087,test,-0.4,39,400,55,132.1864013671875,4503.164642762008,11298.011912851702,768,33,709,,,
video_0006$_$0013,test,0.2,39,400,55,134.44537353515625,2426.384334796861,9809.668955132256,768,33,709,,,
video_0043$_$0009,test,0.8,39,400,55,135.0056915283203,4094.276256808992,12804.054408256,768,33,709,,,
video_0027$_$0003,test,-1.0,39,400,55,130.92083740234375,4452.582215974934,10911.888177057603,768,33,709,,,
video_0012$_$0024,test,1.0,39,400,55,129.28143310546875,6298.0014232075755,12585.69210514496,768,33,709,,,
video_0043$_$0015,test,-1.0,39,400,55,128.0147705078125,3150.9722812879936,10040.974434081843,768,33,709,,,
video_0002$_$0029,test,-0.6,39,400,55,129.1239471435547,5460.4001657104,9724.511259826602,768,33,709,,,
video_0037$_$0006,test,-1.0,39,400,55,123.41108703613281,2011.431577661764,8866.950715281178,768,33,709,,,
video_0024$_$0035,test,-1.0,39,400,55,134.7442626953125,4125.347366444493,12907.656146293675,768,33,709,,,
video_0045$_$0051,test,0.2,39,400,55,126.76203155517578,3038.3300175563563,8417.639221154122,768,33,709,,,
video_0047$_$0014,test,0.0,39,400,55,136.1171875,3545.584244363651,11963.000040230569,768,33,709,,,
video_0056$_$0063,test,-0.2,39,400,55,139.22329711914062,6310.0477833129635,51375153.95650524,768,33,709,,,
video_0038$_$0042,test,-1.0,39,400,55,131.69998168945312,3401.9157125170996,9179.232510161784,768,33,709,,,
video_0055$_$0031,test,-0.8,39,400,55,127.93470764160156,3550.7640341686315,11451.354617392848,768,33,709,,,
video_0023$_$0052,test,-1.0,39,400,55,135.18568420410156,5716.708053748204,60546172.970506616,768,33,709,,,
video_0013$_$0017,test,1.0,39,400,55,134.8180389404297,2465.314142138034,10478.007433320696,768,33,709,,,
video_0047$_$0052,test,0.0,39,400,55,137.48504638671875,4345.202074576383,13020.266982016674,768,33,709,,,
video_0039$_$0005,test,-0.6,39,400,55,127.46068572998047,2883.1022406353027,8828.479767512976,768,33,709,,,
video_0041$_$0011,test,-1.0,39,400,55,138.5902099609375,6206.963316408146,51375152.017919146,768,33,709,,,
video_0026$_$0003,test,-0.4,39,400,55,143.1865997314453,7314.967799338796,17150.372336442546,768,33,709,,,
video_0054$_$0041,test,0.0,39,400,55,136.42144775390625,5294.988879541051,15253.815319560921,768,33,709,,,
video_0055$_$0006,test,-1.0,39,400,55,131.15719604492188,3060.347708567233,51375150.17726586,768,33,709,,,
video_0047$_$0021,test,0.0,39,400,55,128.5171356201172,3264.9885942285855,9263.877147636069,768,33,709,,,
video_0058$_$0007,test,-0.2,39,400,55,133.57032775878906,3493.2548922986207,9778.87930616794,768,33,709,,,
video_0055$_$0030,test,-0.8,39,400,55,132.3642120361328,2912.8183570755355,10423.138780146262,768,33,709,,,
video_0019$_$0001,test,0.0,39,400,55,136.1963348388672,3341.533206435469,12278.382291449361,768,33,709,,,
video_0047$_$0013,test,-0.2,39,400,55,137.0313262939453,5068.213065670002,13231.494397874556,768,33,709,,,
video_0007$_$0004,test,-1.0,39,400,55,127.09931182861328,3049.59873025723,8570.64101820758,768,33,709,,,
video_0024$_$0037,test,-1.0,39,400,55,125.4187240600586,2237.744452971832,7664.679416289492,768,33,709,,,
video_0059$_$0015,test,-1.0,39,400,55,130.21075439453125,2257.399432169628,10936.798215557594,768,33,709,,,
video_0036$_$0023,test,-0.2,39,400,55,131.46751403808594,6621.082514319235,15948.85245746523,768,33,709,,,
video_0041$_$0017,test,0.6,39,400,55,126.32423400878906,3016.670725752806,10158.513112773113,768,33,709,,,
video_0020$_$0009,test,-1.0,39,400,55,131.24563598632812,2540.0509846306404,8665.427364585063,768,33,709,,,
video_0030$_$0042,test,0.6,39,400,55,129.6047821044922,4563.911677737441,13193.4095415049,768,33,709,,,
video_0024$_$0048,test,0.6,39,400,55,132.3905792236328,2456.108318981386,8778.490192873534,768,33,709,,,
video_0003$_$0001,test,-0.4,39,400,55,130.02305603027344,5580.959812097727,11068.909435408876,768,33,709,,,
video_0028$_$0016,test,-0.4,39,400,55,134.97189331054688,5727.984415009755,12261.572860470413,768,33,709,,,
video_0011$_$0017,test,-1.0,39,400,55,130.05618286132812,3132.118657182788,9916.628630279789,768,33,709,,,
video_0015$_$0003,test,-1.0,39,400,55,127.5931167602539,2060.2316880988074,7022.629373281321,768,33,709,,,
video_0035$_$0011,test,1.0,39,400,55,127.3459701538086,2741.1232550099858,51375148.241545804,768,33,709,,,
video_0054$_$0093,test,-0.4,39,400,55,134.75177001953125,4267.040750986646,11131.97428297132,768,33,709,,,
video_0037$_$0015,test,-1.0,39,400,55,125.1121826171875,3673.7960157457846,7786.895684767326,768,33,709,,,
video_0054$_$0063,test,0.0,39,400,55,127.31896209716797,3521.4491711095166,10323.734318098595,768,33,709,,,
video_0047$_$0066,test,0.0,39,400,55,128.3690643310547,3487.4833749369827,9514.104972587907,768,33,709,,,
video_0046$_$0039,test,0.2,39,400,55,139.15988159179688,2745.520817338615,14612.559358067416,768,33,709,,,
video_0016$_$0007,test,0.8,39,400,55,135.17465209960938,5925.916112618993,14699.899809079796,768,33,709,,,
video_0055$_$0018,test,1.0,39,400,55,126.52579498291016,1622.5261002192346,9478.630107574181,768,33,709,,,
video_0011$_$0026,test,-0.2,39,400,55,132.27801513671875,4615.837805843473,13706.996913376579,768,33,709,,,
video_0014$_$0015,test,-1.0,39,400,55,128.0602569580078,4149.301217353635,11630.618869091715,768,33,709,,,
video_0054$_$0036,test,0.2,39,400,55,140.55323791503906,4846.454161205549,14663.519860338676,768,33,709,,,
video_0024$_$0110,test,0.0,39,400,55,142.21925354003906,7158.1607943819345,16162.586251675219,768,33,709,,,
video_0029$_$0007,test,0.2,39,400,55,136.9214324951172,4544.927625844492,12489.947921049281,768,33,709,,,
video_0024$_$0052,test,-0.6,39,400,55,131.7898712158203,4041.3261435831487,11243.855635088652,768,33,709,,,
video_0054$_$0157,test,0.6,39,400,55,134.50137329101562,4430.617276381334,13570.56991210479,768,33,709,,,
video_0018$_$0008,test,-1.0,39,400,55,134.22911071777344,1885.3977680477183,9547.84408688088,768,33,709,,,
video_0056$_$0002,test,-0.2,39,400,55,137.06692504882812,5309.504678325574,12553.116498840182,768,33,709,,,
video_0048$_$0021,test,0.0,39,400,55,127.87287139892578,4342.713995155207,12487.396400999543,768,33,709,,,
video_0049$_$0005,test,-1.0,39,400,55,130.3903350830078,3517.1599977540523,9736.792252560319,768,33,709,,,
video_0054$_$0008,test,1.0,39,400,55,127.47565460205078,3199.4327546202844,6618.32977843996,768,33,709,,,
video_0022$_$0007,test,-1.0,39,400,55,134.1295928955078,7363.256944737639,12765.171763893402,768,33,709,,,
video_0044$_$0003,test,0.8,39,400,55,129.52264404296875,4164.712390377472,9846.66023356213,768,33,709,,,
video_0019$_$0006,test,-0.6,39,400,55,134.62515258789062,6403.214287602622,13250.21090036378,768,33,709,,,
video_0049$_$0007,test,-0.8,39,400,55,131.53976440429688,3580.5013631235133,8733.93783003402,768,33,709,,,
video_0027$_$0015,test,1.0,39,400,55,141.01580810546875,7972.012120719884,18454.396156493192,768,33,709,,,
video_0053$_$0049,test,0.4,39,400,55,137.75497436523438,5489.662089711154,18066.52111859775,768,33,709,,,
video_0054$_$0137,test,0.2,39,400,55,130.90444946289062,4999.167413753309,12775.136512337955,768,33,709,,,
video_0047$_$0028,test,-1.0,39,400,55,126.90460205078125,2945.6287760315004,9426.036315280311,768,33,709,,,
video_0021$_$0003,test,-0.4,39,400,55,131.29959106445312,2598.5128403131066,8013.869187468483,768,33,709,,,
video_0002$_$0003,test,0.0,39,400,55,129.3983154296875,5694.959287140611,10925.957404271558,768,33,709,,,
video_0047$_$0054,test,0.0,39,400,55,133.35617065429688,4824.532491111822,11732.22481546205,768,33,709,,,
video_0046$_$0064,test,-0.6,39,400,55,129.88099670410156,2600.907854278268,10114.715308569199,768,33,709,,,
video_0045$_$0089,test,0.2,39,400,55,131.92076110839844,2878.5100844990448,10788.555766809008,768,33,709,,,
video_0043$_$0058,test,1.0,39,400,55,127.68345642089844,4482.536615564978,10776.627048100605,768,33,709,,,
video_0054$_$0026,test,0.0,39,400,55,130.35385131835938,4185.574551301729,11146.788659380078,768,33,709,,,
video_0001$_$0009,test,0.4,39,400,55,134.31150817871094,6004.9206080227195,51375150.40985341,768,33,709,,,
video_0005$_$0012,test,-1.0,39,400,55,128.9203338623047,4090.9089218359463,12758.457024303505,768,33,709,,,
video_0043$_$0052,test,0.6,39,400,55,137.83721923828125,4800.97479677106,13431.961491905728,768,33,709,,,
video_0045$_$0076,test,0.0,39,400,55,140.6287841796875,5712.617558198429,16197.52455367547,768,33,709,,,
video_0047$_$0084,test,-1.0,39,400,55,142.2177734375,3622.6979153084253,13232.517105968524,768,33,709,,,
video_0041$_$0021,test,-0.2,39,400,55,128.3359832763672,4416.645195820486,12320.239835481347,768,33,709,,,
video_0001$_$0028,test,-0.6,39,400,55,128.86822509765625,5921.944516948935,15339.701840176987,768,33,709,,,
video_0058$_$0001,test,1.0,39,400,55,127.41130065917969,3565.208404782575,8617.485290322096,768,33,709,,,
video_0020$_$0013,test,1.0,39,400,55,130.57403564453125,3063.213736919751,9860.274148132828,768,33,709,,,
video_0040$_$0025,test,0.0,39,400,55,132.79347229003906,7102.992283521466,13554.190008933645,768,33,709,,,
video_0053$_$0004,test,0.2,39,400,55,138.3162078857422,5174.407485836536,13168.892317722937,768,33,709,,,
video_0047$_$0042,test,-1.0,39,400,55,134.22442626953125,3967.196898596466,10507.443744046112,768,33,709,,,
video_0011$_$0021,test,1.0,39,400,55,131.1445770263672,4355.26287526087,14570.40028843184,768,33,709,,,
video_0023$_$0030,test,-1.0,39,400,55,145.10348510742188,7860.869760777534,16712.988684764998,768,33,709,,,
video_0016$_$0040,test,-0.6,39,400,55,126.42452239990234,5610.284882699204,13232.735560556808,768,33,709,,,
