,variant,split,modality,sequence_length
0,unaligned,train,text,39
1,unaligned,train,text,39
2,unaligned,train,text,39
3,unaligned,train,text,39
4,unaligned,train,text,39
5,unaligned,train,text,39
6,unaligned,train,text,39
7,unaligned,train,text,39
8,unaligned,train,text,39
9,unaligned,train,text,39
10,unaligned,train,text,39
11,unaligned,train,text,39
12,unaligned,train,text,39
13,unaligned,train,text,39
14,unaligned,train,text,39
15,unaligned,train,text,39
16,unaligned,train,text,39
17,unaligned,train,text,39
18,unaligned,train,text,39
19,unaligned,train,text,39
20,unaligned,train,text,39
21,unaligned,train,text,39
22,unaligned,train,text,39
23,unaligned,train,text,39
24,unaligned,train,text,39
25,unaligned,train,text,39
26,unaligned,train,text,39
27,unaligned,train,text,39
28,unaligned,train,text,39
29,unaligned,train,text,39
30,unaligned,train,text,39
31,unaligned,train,text,39
32,unaligned,train,text,39
33,unaligned,train,text,39
34,unaligned,train,text,39
35,unaligned,train,text,39
36,unaligned,train,text,39
37,unaligned,train,text,39
38,unaligned,train,text,39
39,unaligned,train,text,39
40,unaligned,train,text,39
41,unaligned,train,text,39
42,unaligned,train,text,39
43,unaligned,train,text,39
44,unaligned,train,text,39
45,unaligned,train,text,39
46,unaligned,train,text,39
47,unaligned,train,text,39
48,unaligned,train,text,39
49,unaligned,train,text,39
50,unaligned,train,text,39
51,unaligned,train,text,39
52,unaligned,train,text,39
53,unaligned,train,text,39
54,unaligned,train,text,39
55,unaligned,train,text,39
56,unaligned,train,text,39
57,unaligned,train,text,39
58,unaligned,train,text,39
59,unaligned,train,text,39
60,unaligned,train,text,39
61,unaligned,train,text,39
62,unaligned,train,text,39
63,unaligned,train,text,39
64,unaligned,train,text,39
65,unaligned,train,text,39
66,unaligned,train,text,39
67,unaligned,train,text,39
68,unaligned,train,text,39
69,unaligned,train,text,39
70,unaligned,train,text,39
71,unaligned,train,text,39
72,unaligned,train,text,39
73,unaligned,train,text,39
74,unaligned,train,text,39
75,unaligned,train,text,39
76,unaligned,train,text,39
77,unaligned,train,text,39
78,unaligned,train,text,39
79,unaligned,train,text,39
80,unaligned,train,text,39
81,unaligned,train,text,39
82,unaligned,train,text,39
83,unaligned,train,text,39
84,unaligned,train,text,39
85,unaligned,train,text,39
86,unaligned,train,text,39
87,unaligned,train,text,39
88,unaligned,train,text,39
89,unaligned,train,text,39
90,unaligned,train,text,39
91,unaligned,train,text,39
92,unaligned,train,text,39
93,unaligned,train,text,39
94,unaligned,train,text,39
95,unaligned,train,text,39
96,unaligned,train,text,39
97,unaligned,train,text,39
98,unaligned,train,text,39
99,unaligned,train,text,39
100,unaligned,train,text,39
101,unaligned,train,text,39
102,unaligned,train,text,39
103,unaligned,train,text,39
104,unaligned,train,text,39
105,unaligned,train,text,39
106,unaligned,train,text,39
107,unaligned,train,text,39
108,unaligned,train,text,39
109,unaligned,train,text,39
110,unaligned,train,text,39
111,unaligned,train,text,39
112,unaligned,train,text,39
113,unaligned,train,text,39
114,unaligned,train,text,39
115,unaligned,train,text,39
116,unaligned,train,text,39
117,unaligned,train,text,39
118,unaligned,train,text,39
119,unaligned,train,text,39
120,unaligned,train,text,39
121,unaligned,train,text,39
122,unaligned,train,text,39
123,unaligned,train,text,39
124,unaligned,train,text,39
125,unaligned,train,text,39
126,unaligned,train,text,39
127,unaligned,train,text,39
128,unaligned,train,text,39
129,unaligned,train,text,39
130,unaligned,train,text,39
131,unaligned,train,text,39
132,unaligned,train,text,39
133,unaligned,train,text,39
134,unaligned,train,text,39
135,unaligned,train,text,39
136,unaligned,train,text,39
137,unaligned,train,text,39
138,unaligned,train,text,39
139,unaligned,train,text,39
140,unaligned,train,text,39
141,unaligned,train,text,39
142,unaligned,train,text,39
143,unaligned,train,text,39
144,unaligned,train,text,39
145,unaligned,train,text,39
146,unaligned,train,text,39
147,unaligned,train,text,39
148,unaligned,train,text,39
149,unaligned,train,text,39
150,unaligned,train,text,39
151,unaligned,train,text,39
152,unaligned,train,text,39
153,unaligned,train,text,39
154,unaligned,train,text,39
155,unaligned,train,text,39
156,unaligned,train,text,39
157,unaligned,train,text,39
158,unaligned,train,text,39
159,unaligned,train,text,39
160,unaligned,train,text,39
161,unaligned,train,text,39
162,unaligned,train,text,39
163,unaligned,train,text,39
164,unaligned,train,text,39
165,unaligned,train,text,39
166,unaligned,train,text,39
167,unaligned,train,text,39
168,unaligned,train,text,39
169,unaligned,train,text,39
170,unaligned,train,text,39
171,unaligned,train,text,39
172,unaligned,train,text,39
173,unaligned,train,text,39
174,unaligned,train,text,39
175,unaligned,train,text,39
176,unaligned,train,text,39
177,unaligned,train,text,39
178,unaligned,train,text,39
179,unaligned,train,text,39
180,unaligned,train,text,39
181,unaligned,train,text,39
182,unaligned,train,text,39
183,unaligned,train,text,39
184,unaligned,train,text,39
185,unaligned,train,text,39
186,unaligned,train,text,39
187,unaligned,train,text,39
188,unaligned,train,text,39
189,unaligned,train,text,39
190,unaligned,train,text,39
191,unaligned,train,text,39
192,unaligned,train,text,39
193,unaligned,train,text,39
194,unaligned,train,text,39
195,unaligned,train,text,39
196,unaligned,train,text,39
197,unaligned,train,text,39
198,unaligned,train,text,39
199,unaligned,train,text,39
200,unaligned,train,text,39
201,unaligned,train,text,39
202,unaligned,train,text,39
203,unaligned,train,text,39
204,unaligned,train,text,39
205,unaligned,train,text,39
206,unaligned,train,text,39
207,unaligned,train,text,39
208,unaligned,train,text,39
209,unaligned,train,text,39
210,unaligned,train,text,39
211,unaligned,train,text,39
212,unaligned,train,text,39
213,unaligned,train,text,39
214,unaligned,train,text,39
215,unaligned,train,text,39
216,unaligned,train,text,39
217,unaligned,train,text,39
218,unaligned,train,text,39
219,unaligned,train,text,39
220,unaligned,train,text,39
221,unaligned,train,text,39
222,unaligned,train,text,39
223,unaligned,train,text,39
224,unaligned,train,text,39
225,unaligned,train,text,39
226,unaligned,train,text,39
227,unaligned,train,text,39
228,unaligned,train,text,39
229,unaligned,train,text,39
230,unaligned,train,text,39
231,unaligned,train,text,39
232,unaligned,train,text,39
233,unaligned,train,text,39
234,unaligned,train,text,39
235,unaligned,train,text,39
236,unaligned,train,text,39
237,unaligned,train,text,39
238,unaligned,train,text,39
239,unaligned,train,text,39
240,unaligned,train,text,39
241,unaligned,train,text,39
242,unaligned,train,text,39
243,unaligned,train,text,39
244,unaligned,train,text,39
245,unaligned,train,text,39
246,unaligned,train,text,39
247,unaligned,train,text,39
248,unaligned,train,text,39
249,unaligned,train,text,39
250,unaligned,train,text,39
251,unaligned,train,text,39
252,unaligned,train,text,39
253,unaligned,train,text,39
254,unaligned,train,text,39
255,unaligned,train,text,39
256,unaligned,train,text,39
257,unaligned,train,text,39
258,unaligned,train,text,39
259,unaligned,train,text,39
260,unaligned,train,text,39
261,unaligned,train,text,39
262,unaligned,train,text,39
263,unaligned,train,text,39
264,unaligned,train,text,39
265,unaligned,train,text,39
266,unaligned,train,text,39
267,unaligned,train,text,39
268,unaligned,train,text,39
269,unaligned,train,text,39
270,unaligned,train,text,39
271,unaligned,train,text,39
272,unaligned,train,text,39
273,unaligned,train,text,39
274,unaligned,train,text,39
275,unaligned,train,text,39
276,unaligned,train,text,39
277,unaligned,train,text,39
278,unaligned,train,text,39
279,unaligned,train,text,39
280,unaligned,train,text,39
281,unaligned,train,text,39
282,unaligned,train,text,39
283,unaligned,train,text,39
284,unaligned,train,text,39
285,unaligned,train,text,39
286,unaligned,train,text,39
287,unaligned,train,text,39
288,unaligned,train,text,39
289,unaligned,train,text,39
290,unaligned,train,text,39
291,unaligned,train,text,39
292,unaligned,train,text,39
293,unaligned,train,text,39
294,unaligned,train,text,39
295,unaligned,train,text,39
296,unaligned,train,text,39
297,unaligned,train,text,39
298,unaligned,train,text,39
299,unaligned,train,text,39
300,unaligned,train,text,39
301,unaligned,train,text,39
302,unaligned,train,text,39
303,unaligned,train,text,39
304,unaligned,train,text,39
305,unaligned,train,text,39
306,unaligned,train,text,39
307,unaligned,train,text,39
308,unaligned,train,text,39
309,unaligned,train,text,39
310,unaligned,train,text,39
311,unaligned,train,text,39
312,unaligned,train,text,39
313,unaligned,train,text,39
314,unaligned,train,text,39
315,unaligned,train,text,39
316,unaligned,train,text,39
317,unaligned,train,text,39
318,unaligned,train,text,39
319,unaligned,train,text,39
320,unaligned,train,text,39
321,unaligned,train,text,39
322,unaligned,train,text,39
323,unaligned,train,text,39
324,unaligned,train,text,39
325,unaligned,train,text,39
326,unaligned,train,text,39
327,unaligned,train,text,39
328,unaligned,train,text,39
329,unaligned,train,text,39
330,unaligned,train,text,39
331,unaligned,train,text,39
332,unaligned,train,text,39
333,unaligned,train,text,39
334,unaligned,train,text,39
335,unaligned,train,text,39
336,unaligned,train,text,39
337,unaligned,train,text,39
338,unaligned,train,text,39
339,unaligned,train,text,39
340,unaligned,train,text,39
341,unaligned,train,text,39
342,unaligned,train,text,39
343,unaligned,train,text,39
344,unaligned,train,text,39
345,unaligned,train,text,39
346,unaligned,train,text,39
347,unaligned,train,text,39
348,unaligned,train,text,39
349,unaligned,train,text,39
350,unaligned,train,text,39
351,unaligned,train,text,39
352,unaligned,train,text,39
353,unaligned,train,text,39
354,unaligned,train,text,39
355,unaligned,train,text,39
356,unaligned,train,text,39
357,unaligned,train,text,39
358,unaligned,train,text,39
359,unaligned,train,text,39
360,unaligned,train,text,39
361,unaligned,train,text,39
362,unaligned,train,text,39
363,unaligned,train,text,39
364,unaligned,train,text,39
365,unaligned,train,text,39
366,unaligned,train,text,39
367,unaligned,train,text,39
368,unaligned,train,text,39
369,unaligned,train,text,39
370,unaligned,train,text,39
371,unaligned,train,text,39
372,unaligned,train,text,39
373,unaligned,train,text,39
374,unaligned,train,text,39
375,unaligned,train,text,39
376,unaligned,train,text,39
377,unaligned,train,text,39
378,unaligned,train,text,39
379,unaligned,train,text,39
380,unaligned,train,text,39
381,unaligned,train,text,39
382,unaligned,train,text,39
383,unaligned,train,text,39
384,unaligned,train,text,39
385,unaligned,train,text,39
386,unaligned,train,text,39
387,unaligned,train,text,39
388,unaligned,train,text,39
389,unaligned,train,text,39
390,unaligned,train,text,39
391,unaligned,train,text,39
392,unaligned,train,text,39
393,unaligned,train,text,39
394,unaligned,train,text,39
395,unaligned,train,text,39
396,unaligned,train,text,39
397,unaligned,train,text,39
398,unaligned,train,text,39
399,unaligned,train,text,39
400,unaligned,train,text,39
401,unaligned,train,text,39
402,unaligned,train,text,39
403,unaligned,train,text,39
404,unaligned,train,text,39
405,unaligned,train,text,39
406,unaligned,train,text,39
407,unaligned,train,text,39
408,unaligned,train,text,39
409,unaligned,train,text,39
410,unaligned,train,text,39
411,unaligned,train,text,39
412,unaligned,train,text,39
413,unaligned,train,text,39
414,unaligned,train,text,39
415,unaligned,train,text,39
416,unaligned,train,text,39
417,unaligned,train,text,39
418,unaligned,train,text,39
419,unaligned,train,text,39
420,unaligned,train,text,39
421,unaligned,train,text,39
422,unaligned,train,text,39
423,unaligned,train,text,39
424,unaligned,train,text,39
425,unaligned,train,text,39
426,unaligned,train,text,39
427,unaligned,train,text,39
428,unaligned,train,text,39
429,unaligned,train,text,39
430,unaligned,train,text,39
431,unaligned,train,text,39
432,unaligned,train,text,39
433,unaligned,train,text,39
434,unaligned,train,text,39
435,unaligned,train,text,39
436,unaligned,train,text,39
437,unaligned,train,text,39
438,unaligned,train,text,39
439,unaligned,train,text,39
440,unaligned,train,text,39
441,unaligned,train,text,39
442,unaligned,train,text,39
443,unaligned,train,text,39
444,unaligned,train,text,39
445,unaligned,train,text,39
446,unaligned,train,text,39
447,unaligned,train,text,39
448,unaligned,train,text,39
449,unaligned,train,text,39
450,unaligned,train,text,39
451,unaligned,train,text,39
452,unaligned,train,text,39
453,unaligned,train,text,39
454,unaligned,train,text,39
455,unaligned,train,text,39
456,unaligned,train,text,39
457,unaligned,train,text,39
458,unaligned,train,text,39
459,unaligned,train,text,39
460,unaligned,train,text,39
461,unaligned,train,text,39
462,unaligned,train,text,39
463,unaligned,train,text,39
464,unaligned,train,text,39
465,unaligned,train,text,39
466,unaligned,train,text,39
467,unaligned,train,text,39
468,unaligned,train,text,39
469,unaligned,train,text,39
470,unaligned,train,text,39
471,unaligned,train,text,39
472,unaligned,train,text,39
473,unaligned,train,text,39
474,unaligned,train,text,39
475,unaligned,train,text,39
476,unaligned,train,text,39
477,unaligned,train,text,39
478,unaligned,train,text,39
479,unaligned,train,text,39
480,unaligned,train,text,39
481,unaligned,train,text,39
482,unaligned,train,text,39
483,unaligned,train,text,39
484,unaligned,train,text,39
485,unaligned,train,text,39
486,unaligned,train,text,39
487,unaligned,train,text,39
488,unaligned,train,text,39
489,unaligned,train,text,39
490,unaligned,train,text,39
491,unaligned,train,text,39
492,unaligned,train,text,39
493,unaligned,train,text,39
494,unaligned,train,text,39
495,unaligned,train,text,39
496,unaligned,train,text,39
497,unaligned,train,text,39
498,unaligned,train,text,39
499,unaligned,train,text,39
500,unaligned,train,text,39
501,unaligned,train,text,39
502,unaligned,train,text,39
503,unaligned,train,text,39
504,unaligned,train,text,39
505,unaligned,train,text,39
506,unaligned,train,text,39
507,unaligned,train,text,39
508,unaligned,train,text,39
509,unaligned,train,text,39
510,unaligned,train,text,39
511,unaligned,train,text,39
512,unaligned,train,text,39
513,unaligned,train,text,39
514,unaligned,train,text,39
515,unaligned,train,text,39
516,unaligned,train,text,39
517,unaligned,train,text,39
518,unaligned,train,text,39
519,unaligned,train,text,39
520,unaligned,train,text,39
521,unaligned,train,text,39
522,unaligned,train,text,39
523,unaligned,train,text,39
524,unaligned,train,text,39
525,unaligned,train,text,39
526,unaligned,train,text,39
527,unaligned,train,text,39
528,unaligned,train,text,39
529,unaligned,train,text,39
530,unaligned,train,text,39
531,unaligned,train,text,39
532,unaligned,train,text,39
533,unaligned,train,text,39
534,unaligned,train,text,39
535,unaligned,train,text,39
536,unaligned,train,text,39
537,unaligned,train,text,39
538,unaligned,train,text,39
539,unaligned,train,text,39
540,unaligned,train,text,39
541,unaligned,train,text,39
542,unaligned,train,text,39
543,unaligned,train,text,39
544,unaligned,train,text,39
545,unaligned,train,text,39
546,unaligned,train,text,39
547,unaligned,train,text,39
548,unaligned,train,text,39
549,unaligned,train,text,39
550,unaligned,train,text,39
551,unaligned,train,text,39
552,unaligned,train,text,39
553,unaligned,train,text,39
554,unaligned,train,text,39
555,unaligned,train,text,39
556,unaligned,train,text,39
557,unaligned,train,text,39
558,unaligned,train,text,39
559,unaligned,train,text,39
560,unaligned,train,text,39
561,unaligned,train,text,39
562,unaligned,train,text,39
563,unaligned,train,text,39
564,unaligned,train,text,39
565,unaligned,train,text,39
566,unaligned,train,text,39
567,unaligned,train,text,39
568,unaligned,train,text,39
569,unaligned,train,text,39
570,unaligned,train,text,39
571,unaligned,train,text,39
572,unaligned,train,text,39
573,unaligned,train,text,39
574,unaligned,train,text,39
575,unaligned,train,text,39
576,unaligned,train,text,39
577,unaligned,train,text,39
578,unaligned,train,text,39
579,unaligned,train,text,39
580,unaligned,train,text,39
581,unaligned,train,text,39
582,unaligned,train,text,39
583,unaligned,train,text,39
584,unaligned,train,text,39
585,unaligned,train,text,39
586,unaligned,train,text,39
587,unaligned,train,text,39
588,unaligned,train,text,39
589,unaligned,train,text,39
590,unaligned,train,text,39
591,unaligned,train,text,39
592,unaligned,train,text,39
593,unaligned,train,text,39
594,unaligned,train,text,39
595,unaligned,train,text,39
596,unaligned,train,text,39
597,unaligned,train,text,39
598,unaligned,train,text,39
599,unaligned,train,text,39
600,unaligned,train,text,39
601,unaligned,train,text,39
602,unaligned,train,text,39
603,unaligned,train,text,39
604,unaligned,train,text,39
605,unaligned,train,text,39
606,unaligned,train,text,39
607,unaligned,train,text,39
608,unaligned,train,text,39
609,unaligned,train,text,39
610,unaligned,train,text,39
611,unaligned,train,text,39
612,unaligned,train,text,39
613,unaligned,train,text,39
614,unaligned,train,text,39
615,unaligned,train,text,39
616,unaligned,train,text,39
617,unaligned,train,text,39
618,unaligned,train,text,39
619,unaligned,train,text,39
620,unaligned,train,text,39
621,unaligned,train,text,39
622,unaligned,train,text,39
623,unaligned,train,text,39
624,unaligned,train,text,39
625,unaligned,train,text,39
626,unaligned,train,text,39
627,unaligned,train,text,39
628,unaligned,train,text,39
629,unaligned,train,text,39
630,unaligned,train,text,39
631,unaligned,train,text,39
632,unaligned,train,text,39
633,unaligned,train,text,39
634,unaligned,train,text,39
635,unaligned,train,text,39
636,unaligned,train,text,39
637,unaligned,train,text,39
638,unaligned,train,text,39
639,unaligned,train,text,39
640,unaligned,train,text,39
641,unaligned,train,text,39
642,unaligned,train,text,39
643,unaligned,train,text,39
644,unaligned,train,text,39
645,unaligned,train,text,39
646,unaligned,train,text,39
647,unaligned,train,text,39
648,unaligned,train,text,39
649,unaligned,train,text,39
650,unaligned,train,text,39
651,unaligned,train,text,39
652,unaligned,train,text,39
653,unaligned,train,text,39
654,unaligned,train,text,39
655,unaligned,train,text,39
656,unaligned,train,text,39
657,unaligned,train,text,39
658,unaligned,train,text,39
659,unaligned,train,text,39
660,unaligned,train,text,39
661,unaligned,train,text,39
662,unaligned,train,text,39
663,unaligned,train,text,39
664,unaligned,train,text,39
665,unaligned,train,text,39
666,unaligned,train,text,39
667,unaligned,train,text,39
668,unaligned,train,text,39
669,unaligned,train,text,39
670,unaligned,train,text,39
671,unaligned,train,text,39
672,unaligned,train,text,39
673,unaligned,train,text,39
674,unaligned,train,text,39
675,unaligned,train,text,39
676,unaligned,train,text,39
677,unaligned,train,text,39
678,unaligned,train,text,39
679,unaligned,train,text,39
680,unaligned,train,text,39
681,unaligned,train,text,39
682,unaligned,train,text,39
683,unaligned,train,text,39
684,unaligned,train,text,39
685,unaligned,train,text,39
686,unaligned,train,text,39
687,unaligned,train,text,39
688,unaligned,train,text,39
689,unaligned,train,text,39
690,unaligned,train,text,39
691,unaligned,train,text,39
692,unaligned,train,text,39
693,unaligned,train,text,39
694,unaligned,train,text,39
695,unaligned,train,text,39
696,unaligned,train,text,39
697,unaligned,train,text,39
698,unaligned,train,text,39
699,unaligned,train,text,39
700,unaligned,train,text,39
701,unaligned,train,text,39
702,unaligned,train,text,39
703,unaligned,train,text,39
704,unaligned,train,text,39
705,unaligned,train,text,39
706,unaligned,train,text,39
707,unaligned,train,text,39
708,unaligned,train,text,39
709,unaligned,train,text,39
710,unaligned,train,text,39
711,unaligned,train,text,39
712,unaligned,train,text,39
713,unaligned,train,text,39
714,unaligned,train,text,39
715,unaligned,train,text,39
716,unaligned,train,text,39
717,unaligned,train,text,39
718,unaligned,train,text,39
719,unaligned,train,text,39
720,unaligned,train,text,39
721,unaligned,train,text,39
722,unaligned,train,text,39
723,unaligned,train,text,39
724,unaligned,train,text,39
725,unaligned,train,text,39
726,unaligned,train,text,39
727,unaligned,train,text,39
728,unaligned,train,text,39
729,unaligned,train,text,39
730,unaligned,train,text,39
731,unaligned,train,text,39
732,unaligned,train,text,39
733,unaligned,train,text,39
734,unaligned,train,text,39
735,unaligned,train,text,39
736,unaligned,train,text,39
737,unaligned,train,text,39
738,unaligned,train,text,39
739,unaligned,train,text,39
740,unaligned,train,text,39
741,unaligned,train,text,39
742,unaligned,train,text,39
743,unaligned,train,text,39
744,unaligned,train,text,39
745,unaligned,train,text,39
746,unaligned,train,text,39
747,unaligned,train,text,39
748,unaligned,train,text,39
749,unaligned,train,text,39
750,unaligned,train,text,39
751,unaligned,train,text,39
752,unaligned,train,text,39
753,unaligned,train,text,39
754,unaligned,train,text,39
755,unaligned,train,text,39
756,unaligned,train,text,39
757,unaligned,train,text,39
758,unaligned,train,text,39
759,unaligned,train,text,39
760,unaligned,train,text,39
761,unaligned,train,text,39
762,unaligned,train,text,39
763,unaligned,train,text,39
764,unaligned,train,text,39
765,unaligned,train,text,39
766,unaligned,train,text,39
767,unaligned,train,text,39
768,unaligned,train,text,39
769,unaligned,train,text,39
770,unaligned,train,text,39
771,unaligned,train,text,39
772,unaligned,train,text,39
773,unaligned,train,text,39
774,unaligned,train,text,39
775,unaligned,train,text,39
776,unaligned,train,text,39
777,unaligned,train,text,39
778,unaligned,train,text,39
779,unaligned,train,text,39
780,unaligned,train,text,39
781,unaligned,train,text,39
782,unaligned,train,text,39
783,unaligned,train,text,39
784,unaligned,train,text,39
785,unaligned,train,text,39
786,unaligned,train,text,39
787,unaligned,train,text,39
788,unaligned,train,text,39
789,unaligned,train,text,39
790,unaligned,train,text,39
791,unaligned,train,text,39
792,unaligned,train,text,39
793,unaligned,train,text,39
794,unaligned,train,text,39
795,unaligned,train,text,39
796,unaligned,train,text,39
797,unaligned,train,text,39
798,unaligned,train,text,39
799,unaligned,train,text,39
800,unaligned,train,text,39
801,unaligned,train,text,39
802,unaligned,train,text,39
803,unaligned,train,text,39
804,unaligned,train,text,39
805,unaligned,train,text,39
806,unaligned,train,text,39
807,unaligned,train,text,39
808,unaligned,train,text,39
809,unaligned,train,text,39
810,unaligned,train,text,39
811,unaligned,train,text,39
812,unaligned,train,text,39
813,unaligned,train,text,39
814,unaligned,train,text,39
815,unaligned,train,text,39
816,unaligned,train,text,39
817,unaligned,train,text,39
818,unaligned,train,text,39
819,unaligned,train,text,39
820,unaligned,train,text,39
821,unaligned,train,text,39
822,unaligned,train,text,39
823,unaligned,train,text,39
824,unaligned,train,text,39
825,unaligned,train,text,39
826,unaligned,train,text,39
827,unaligned,train,text,39
828,unaligned,train,text,39
829,unaligned,train,text,39
830,unaligned,train,text,39
831,unaligned,train,text,39
832,unaligned,train,text,39
833,unaligned,train,text,39
834,unaligned,train,text,39
835,unaligned,train,text,39
836,unaligned,train,text,39
837,unaligned,train,text,39
838,unaligned,train,text,39
839,unaligned,train,text,39
840,unaligned,train,text,39
841,unaligned,train,text,39
842,unaligned,train,text,39
843,unaligned,train,text,39
844,unaligned,train,text,39
845,unaligned,train,text,39
846,unaligned,train,text,39
847,unaligned,train,text,39
848,unaligned,train,text,39
849,unaligned,train,text,39
850,unaligned,train,text,39
851,unaligned,train,text,39
852,unaligned,train,text,39
853,unaligned,train,text,39
854,unaligned,train,text,39
855,unaligned,train,text,39
856,unaligned,train,text,39
857,unaligned,train,text,39
858,unaligned,train,text,39
859,unaligned,train,text,39
860,unaligned,train,text,39
861,unaligned,train,text,39
862,unaligned,train,text,39
863,unaligned,train,text,39
864,unaligned,train,text,39
865,unaligned,train,text,39
866,unaligned,train,text,39
867,unaligned,train,text,39
868,unaligned,train,text,39
869,unaligned,train,text,39
870,unaligned,train,text,39
871,unaligned,train,text,39
872,unaligned,train,text,39
873,unaligned,train,text,39
874,unaligned,train,text,39
875,unaligned,train,text,39
876,unaligned,train,text,39
877,unaligned,train,text,39
878,unaligned,train,text,39
879,unaligned,train,text,39
880,unaligned,train,text,39
881,unaligned,train,text,39
882,unaligned,train,text,39
883,unaligned,train,text,39
884,unaligned,train,text,39
885,unaligned,train,text,39
886,unaligned,train,text,39
887,unaligned,train,text,39
888,unaligned,train,text,39
889,unaligned,train,text,39
890,unaligned,train,text,39
891,unaligned,train,text,39
892,unaligned,train,text,39
893,unaligned,train,text,39
894,unaligned,train,text,39
895,unaligned,train,text,39
896,unaligned,train,text,39
897,unaligned,train,text,39
898,unaligned,train,text,39
899,unaligned,train,text,39
900,unaligned,train,text,39
901,unaligned,train,text,39
902,unaligned,train,text,39
903,unaligned,train,text,39
904,unaligned,train,text,39
905,unaligned,train,text,39
906,unaligned,train,text,39
907,unaligned,train,text,39
908,unaligned,train,text,39
909,unaligned,train,text,39
910,unaligned,train,text,39
911,unaligned,train,text,39
912,unaligned,train,text,39
913,unaligned,train,text,39
914,unaligned,train,text,39
915,unaligned,train,text,39
916,unaligned,train,text,39
917,unaligned,train,text,39
918,unaligned,train,text,39
919,unaligned,train,text,39
920,unaligned,train,text,39
921,unaligned,train,text,39
922,unaligned,train,text,39
923,unaligned,train,text,39
924,unaligned,train,text,39
925,unaligned,train,text,39
926,unaligned,train,text,39
927,unaligned,train,text,39
928,unaligned,train,text,39
929,unaligned,train,text,39
930,unaligned,train,text,39
931,unaligned,train,text,39
932,unaligned,train,text,39
933,unaligned,train,text,39
934,unaligned,train,text,39
935,unaligned,train,text,39
936,unaligned,train,text,39
937,unaligned,train,text,39
938,unaligned,train,text,39
939,unaligned,train,text,39
940,unaligned,train,text,39
941,unaligned,train,text,39
942,unaligned,train,text,39
943,unaligned,train,text,39
944,unaligned,train,text,39
945,unaligned,train,text,39
946,unaligned,train,text,39
947,unaligned,train,text,39
948,unaligned,train,text,39
949,unaligned,train,text,39
950,unaligned,train,text,39
951,unaligned,train,text,39
952,unaligned,train,text,39
953,unaligned,train,text,39
954,unaligned,train,text,39
955,unaligned,train,text,39
956,unaligned,train,text,39
957,unaligned,train,text,39
958,unaligned,train,text,39
959,unaligned,train,text,39
960,unaligned,train,text,39
961,unaligned,train,text,39
962,unaligned,train,text,39
963,unaligned,train,text,39
964,unaligned,train,text,39
965,unaligned,train,text,39
966,unaligned,train,text,39
967,unaligned,train,text,39
968,unaligned,train,text,39
969,unaligned,train,text,39
970,unaligned,train,text,39
971,unaligned,train,text,39
972,unaligned,train,text,39
973,unaligned,train,text,39
974,unaligned,train,text,39
975,unaligned,train,text,39
976,unaligned,train,text,39
977,unaligned,train,text,39
978,unaligned,train,text,39
979,unaligned,train,text,39
980,unaligned,train,text,39
981,unaligned,train,text,39
982,unaligned,train,text,39
983,unaligned,train,text,39
984,unaligned,train,text,39
985,unaligned,train,text,39
986,unaligned,train,text,39
987,unaligned,train,text,39
988,unaligned,train,text,39
989,unaligned,train,text,39
990,unaligned,train,text,39
991,unaligned,train,text,39
992,unaligned,train,text,39
993,unaligned,train,text,39
994,unaligned,train,text,39
995,unaligned,train,text,39
996,unaligned,train,text,39
997,unaligned,train,text,39
998,unaligned,train,text,39
999,unaligned,train,text,39
1000,unaligned,train,text,39
1001,unaligned,train,text,39
1002,unaligned,train,text,39
1003,unaligned,train,text,39
1004,unaligned,train,text,39
1005,unaligned,train,text,39
1006,unaligned,train,text,39
1007,unaligned,train,text,39
1008,unaligned,train,text,39
1009,unaligned,train,text,39
1010,unaligned,train,text,39
1011,unaligned,train,text,39
1012,unaligned,train,text,39
1013,unaligned,train,text,39
1014,unaligned,train,text,39
1015,unaligned,train,text,39
1016,unaligned,train,text,39
1017,unaligned,train,text,39
1018,unaligned,train,text,39
1019,unaligned,train,text,39
1020,unaligned,train,text,39
1021,unaligned,train,text,39
1022,unaligned,train,text,39
1023,unaligned,train,text,39
1024,unaligned,train,text,39
1025,unaligned,train,text,39
1026,unaligned,train,text,39
1027,unaligned,train,text,39
1028,unaligned,train,text,39
1029,unaligned,train,text,39
1030,unaligned,train,text,39
1031,unaligned,train,text,39
1032,unaligned,train,text,39
1033,unaligned,train,text,39
1034,unaligned,train,text,39
1035,unaligned,train,text,39
1036,unaligned,train,text,39
1037,unaligned,train,text,39
1038,unaligned,train,text,39
1039,unaligned,train,text,39
1040,unaligned,train,text,39
1041,unaligned,train,text,39
1042,unaligned,train,text,39
1043,unaligned,train,text,39
1044,unaligned,train,text,39
1045,unaligned,train,text,39
1046,unaligned,train,text,39
1047,unaligned,train,text,39
1048,unaligned,train,text,39
1049,unaligned,train,text,39
1050,unaligned,train,text,39
1051,unaligned,train,text,39
1052,unaligned,train,text,39
1053,unaligned,train,text,39
1054,unaligned,train,text,39
1055,unaligned,train,text,39
1056,unaligned,train,text,39
1057,unaligned,train,text,39
1058,unaligned,train,text,39
1059,unaligned,train,text,39
1060,unaligned,train,text,39
1061,unaligned,train,text,39
1062,unaligned,train,text,39
1063,unaligned,train,text,39
1064,unaligned,train,text,39
1065,unaligned,train,text,39
1066,unaligned,train,text,39
1067,unaligned,train,text,39
1068,unaligned,train,text,39
1069,unaligned,train,text,39
1070,unaligned,train,text,39
1071,unaligned,train,text,39
1072,unaligned,train,text,39
1073,unaligned,train,text,39
1074,unaligned,train,text,39
1075,unaligned,train,text,39
1076,unaligned,train,text,39
1077,unaligned,train,text,39
1078,unaligned,train,text,39
1079,unaligned,train,text,39
1080,unaligned,train,text,39
1081,unaligned,train,text,39
1082,unaligned,train,text,39
1083,unaligned,train,text,39
1084,unaligned,train,text,39
1085,unaligned,train,text,39
1086,unaligned,train,text,39
1087,unaligned,train,text,39
1088,unaligned,train,text,39
1089,unaligned,train,text,39
1090,unaligned,train,text,39
1091,unaligned,train,text,39
1092,unaligned,train,text,39
1093,unaligned,train,text,39
1094,unaligned,train,text,39
1095,unaligned,train,text,39
1096,unaligned,train,text,39
1097,unaligned,train,text,39
1098,unaligned,train,text,39
1099,unaligned,train,text,39
1100,unaligned,train,text,39
1101,unaligned,train,text,39
1102,unaligned,train,text,39
1103,unaligned,train,text,39
1104,unaligned,train,text,39
1105,unaligned,train,text,39
1106,unaligned,train,text,39
1107,unaligned,train,text,39
1108,unaligned,train,text,39
1109,unaligned,train,text,39
1110,unaligned,train,text,39
1111,unaligned,train,text,39
1112,unaligned,train,text,39
1113,unaligned,train,text,39
1114,unaligned,train,text,39
1115,unaligned,train,text,39
1116,unaligned,train,text,39
1117,unaligned,train,text,39
1118,unaligned,train,text,39
1119,unaligned,train,text,39
1120,unaligned,train,text,39
1121,unaligned,train,text,39
1122,unaligned,train,text,39
1123,unaligned,train,text,39
1124,unaligned,train,text,39
1125,unaligned,train,text,39
1126,unaligned,train,text,39
1127,unaligned,train,text,39
1128,unaligned,train,text,39
1129,unaligned,train,text,39
1130,unaligned,train,text,39
1131,unaligned,train,text,39
1132,unaligned,train,text,39
1133,unaligned,train,text,39
1134,unaligned,train,text,39
1135,unaligned,train,text,39
1136,unaligned,train,text,39
1137,unaligned,train,text,39
1138,unaligned,train,text,39
1139,unaligned,train,text,39
1140,unaligned,train,text,39
1141,unaligned,train,text,39
1142,unaligned,train,text,39
1143,unaligned,train,text,39
1144,unaligned,train,text,39
1145,unaligned,train,text,39
1146,unaligned,train,text,39
1147,unaligned,train,text,39
1148,unaligned,train,text,39
1149,unaligned,train,text,39
1150,unaligned,train,text,39
1151,unaligned,train,text,39
1152,unaligned,train,text,39
1153,unaligned,train,text,39
1154,unaligned,train,text,39
1155,unaligned,train,text,39
1156,unaligned,train,text,39
1157,unaligned,train,text,39
1158,unaligned,train,text,39
1159,unaligned,train,text,39
1160,unaligned,train,text,39
1161,unaligned,train,text,39
1162,unaligned,train,text,39
1163,unaligned,train,text,39
1164,unaligned,train,text,39
1165,unaligned,train,text,39
1166,unaligned,train,text,39
1167,unaligned,train,text,39
1168,unaligned,train,text,39
1169,unaligned,train,text,39
1170,unaligned,train,text,39
1171,unaligned,train,text,39
1172,unaligned,train,text,39
1173,unaligned,train,text,39
1174,unaligned,train,text,39
1175,unaligned,train,text,39
1176,unaligned,train,text,39
1177,unaligned,train,text,39
1178,unaligned,train,text,39
1179,unaligned,train,text,39
1180,unaligned,train,text,39
1181,unaligned,train,text,39
1182,unaligned,train,text,39
1183,unaligned,train,text,39
1184,unaligned,train,text,39
1185,unaligned,train,text,39
1186,unaligned,train,text,39
1187,unaligned,train,text,39
1188,unaligned,train,text,39
1189,unaligned,train,text,39
1190,unaligned,train,text,39
1191,unaligned,train,text,39
1192,unaligned,train,text,39
1193,unaligned,train,text,39
1194,unaligned,train,text,39
1195,unaligned,train,text,39
1196,unaligned,train,text,39
1197,unaligned,train,text,39
1198,unaligned,train,text,39
1199,unaligned,train,text,39
1200,unaligned,train,text,39
1201,unaligned,train,text,39
1202,unaligned,train,text,39
1203,unaligned,train,text,39
1204,unaligned,train,text,39
1205,unaligned,train,text,39
1206,unaligned,train,text,39
1207,unaligned,train,text,39
1208,unaligned,train,text,39
1209,unaligned,train,text,39
1210,unaligned,train,text,39
1211,unaligned,train,text,39
1212,unaligned,train,text,39
1213,unaligned,train,text,39
1214,unaligned,train,text,39
1215,unaligned,train,text,39
1216,unaligned,train,text,39
1217,unaligned,train,text,39
1218,unaligned,train,text,39
1219,unaligned,train,text,39
1220,unaligned,train,text,39
1221,unaligned,train,text,39
1222,unaligned,train,text,39
1223,unaligned,train,text,39
1224,unaligned,train,text,39
1225,unaligned,train,text,39
1226,unaligned,train,text,39
1227,unaligned,train,text,39
1228,unaligned,train,text,39
1229,unaligned,train,text,39
1230,unaligned,train,text,39
1231,unaligned,train,text,39
1232,unaligned,train,text,39
1233,unaligned,train,text,39
1234,unaligned,train,text,39
1235,unaligned,train,text,39
1236,unaligned,train,text,39
1237,unaligned,train,text,39
1238,unaligned,train,text,39
1239,unaligned,train,text,39
1240,unaligned,train,text,39
1241,unaligned,train,text,39
1242,unaligned,train,text,39
1243,unaligned,train,text,39
1244,unaligned,train,text,39
1245,unaligned,train,text,39
1246,unaligned,train,text,39
1247,unaligned,train,text,39
1248,unaligned,train,text,39
1249,unaligned,train,text,39
1250,unaligned,train,text,39
1251,unaligned,train,text,39
1252,unaligned,train,text,39
1253,unaligned,train,text,39
1254,unaligned,train,text,39
1255,unaligned,train,text,39
1256,unaligned,train,text,39
1257,unaligned,train,text,39
1258,unaligned,train,text,39
1259,unaligned,train,text,39
1260,unaligned,train,text,39
1261,unaligned,train,text,39
1262,unaligned,train,text,39
1263,unaligned,train,text,39
1264,unaligned,train,text,39
1265,unaligned,train,text,39
1266,unaligned,train,text,39
1267,unaligned,train,text,39
1268,unaligned,train,text,39
1269,unaligned,train,text,39
1270,unaligned,train,text,39
1271,unaligned,train,text,39
1272,unaligned,train,text,39
1273,unaligned,train,text,39
1274,unaligned,train,text,39
1275,unaligned,train,text,39
1276,unaligned,train,text,39
1277,unaligned,train,text,39
1278,unaligned,train,text,39
1279,unaligned,train,text,39
1280,unaligned,train,text,39
1281,unaligned,train,text,39
1282,unaligned,train,text,39
1283,unaligned,train,text,39
1284,unaligned,train,text,39
1285,unaligned,train,text,39
1286,unaligned,train,text,39
1287,unaligned,train,text,39
1288,unaligned,train,text,39
1289,unaligned,train,text,39
1290,unaligned,train,text,39
1291,unaligned,train,text,39
1292,unaligned,train,text,39
1293,unaligned,train,text,39
1294,unaligned,train,text,39
1295,unaligned,train,text,39
1296,unaligned,train,text,39
1297,unaligned,train,text,39
1298,unaligned,train,text,39
1299,unaligned,train,text,39
1300,unaligned,train,text,39
1301,unaligned,train,text,39
1302,unaligned,train,text,39
1303,unaligned,train,text,39
1304,unaligned,train,text,39
1305,unaligned,train,text,39
1306,unaligned,train,text,39
1307,unaligned,train,text,39
1308,unaligned,train,text,39
1309,unaligned,train,text,39
1310,unaligned,train,text,39
1311,unaligned,train,text,39
1312,unaligned,train,text,39
1313,unaligned,train,text,39
1314,unaligned,train,text,39
1315,unaligned,train,text,39
1316,unaligned,train,text,39
1317,unaligned,train,text,39
1318,unaligned,train,text,39
1319,unaligned,train,text,39
1320,unaligned,train,text,39
1321,unaligned,train,text,39
1322,unaligned,train,text,39
1323,unaligned,train,text,39
1324,unaligned,train,text,39
1325,unaligned,train,text,39
1326,unaligned,train,text,39
1327,unaligned,train,text,39
1328,unaligned,train,text,39
1329,unaligned,train,text,39
1330,unaligned,train,text,39
1331,unaligned,train,text,39
1332,unaligned,train,text,39
1333,unaligned,train,text,39
1334,unaligned,train,text,39
1335,unaligned,train,text,39
1336,unaligned,train,text,39
1337,unaligned,train,text,39
1338,unaligned,train,text,39
1339,unaligned,train,text,39
1340,unaligned,train,text,39
1341,unaligned,train,text,39
1342,unaligned,train,text,39
1343,unaligned,train,text,39
1344,unaligned,train,text,39
1345,unaligned,train,text,39
1346,unaligned,train,text,39
1347,unaligned,train,text,39
1348,unaligned,train,text,39
1349,unaligned,train,text,39
1350,unaligned,train,text,39
1351,unaligned,train,text,39
1352,unaligned,train,text,39
1353,unaligned,train,text,39
1354,unaligned,train,text,39
1355,unaligned,train,text,39
1356,unaligned,train,text,39
1357,unaligned,train,text,39
1358,unaligned,train,text,39
1359,unaligned,train,text,39
1360,unaligned,train,text,39
1361,unaligned,train,text,39
1362,unaligned,train,text,39
1363,unaligned,train,text,39
1364,unaligned,train,text,39
1365,unaligned,train,text,39
1366,unaligned,train,text,39
1367,unaligned,train,text,39
1368,unaligned,train,audio,400
1369,unaligned,train,audio,400
1370,unaligned,train,audio,400
1371,unaligned,train,audio,400
1372,unaligned,train,audio,400
1373,unaligned,train,audio,400
1374,unaligned,train,audio,400
1375,unaligned,train,audio,400
1376,unaligned,train,audio,400
1377,unaligned,train,audio,400
1378,unaligned,train,audio,400
1379,unaligned,train,audio,400
1380,unaligned,train,audio,400
1381,unaligned,train,audio,400
1382,unaligned,train,audio,400
1383,unaligned,train,audio,400
1384,unaligned,train,audio,400
1385,unaligned,train,audio,400
1386,unaligned,train,audio,400
1387,unaligned,train,audio,400
1388,unaligned,train,audio,400
1389,unaligned,train,audio,400
1390,unaligned,train,audio,400
1391,unaligned,train,audio,400
1392,unaligned,train,audio,400
1393,unaligned,train,audio,400
1394,unaligned,train,audio,400
1395,unaligned,train,audio,400
1396,unaligned,train,audio,400
1397,unaligned,train,audio,400
1398,unaligned,train,audio,400
1399,unaligned,train,audio,400
1400,unaligned,train,audio,400
1401,unaligned,train,audio,400
1402,unaligned,train,audio,400
1403,unaligned,train,audio,400
1404,unaligned,train,audio,400
1405,unaligned,train,audio,400
1406,unaligned,train,audio,400
1407,unaligned,train,audio,400
1408,unaligned,train,audio,400
1409,unaligned,train,audio,400
1410,unaligned,train,audio,400
1411,unaligned,train,audio,400
1412,unaligned,train,audio,400
1413,unaligned,train,audio,400
1414,unaligned,train,audio,400
1415,unaligned,train,audio,400
1416,unaligned,train,audio,400
1417,unaligned,train,audio,400
1418,unaligned,train,audio,400
1419,unaligned,train,audio,400
1420,unaligned,train,audio,400
1421,unaligned,train,audio,400
1422,unaligned,train,audio,400
1423,unaligned,train,audio,400
1424,unaligned,train,audio,400
1425,unaligned,train,audio,400
1426,unaligned,train,audio,400
1427,unaligned,train,audio,400
1428,unaligned,train,audio,400
1429,unaligned,train,audio,400
1430,unaligned,train,audio,400
1431,unaligned,train,audio,400
1432,unaligned,train,audio,400
1433,unaligned,train,audio,400
1434,unaligned,train,audio,400
1435,unaligned,train,audio,400
1436,unaligned,train,audio,400
1437,unaligned,train,audio,400
1438,unaligned,train,audio,400
1439,unaligned,train,audio,400
1440,unaligned,train,audio,400
1441,unaligned,train,audio,400
1442,unaligned,train,audio,400
1443,unaligned,train,audio,400
1444,unaligned,train,audio,400
1445,unaligned,train,audio,400
1446,unaligned,train,audio,400
1447,unaligned,train,audio,400
1448,unaligned,train,audio,400
1449,unaligned,train,audio,400
1450,unaligned,train,audio,400
1451,unaligned,train,audio,400
1452,unaligned,train,audio,400
1453,unaligned,train,audio,400
1454,unaligned,train,audio,400
1455,unaligned,train,audio,400
1456,unaligned,train,audio,400
1457,unaligned,train,audio,400
1458,unaligned,train,audio,400
1459,unaligned,train,audio,400
1460,unaligned,train,audio,400
1461,unaligned,train,audio,400
1462,unaligned,train,audio,400
1463,unaligned,train,audio,400
1464,unaligned,train,audio,400
1465,unaligned,train,audio,400
1466,unaligned,train,audio,400
1467,unaligned,train,audio,400
1468,unaligned,train,audio,400
1469,unaligned,train,audio,400
1470,unaligned,train,audio,400
1471,unaligned,train,audio,400
1472,unaligned,train,audio,400
1473,unaligned,train,audio,400
1474,unaligned,train,audio,400
1475,unaligned,train,audio,400
1476,unaligned,train,audio,400
1477,unaligned,train,audio,400
1478,unaligned,train,audio,400
1479,unaligned,train,audio,400
1480,unaligned,train,audio,400
1481,unaligned,train,audio,400
1482,unaligned,train,audio,400
1483,unaligned,train,audio,400
1484,unaligned,train,audio,400
1485,unaligned,train,audio,400
1486,unaligned,train,audio,400
1487,unaligned,train,audio,400
1488,unaligned,train,audio,400
1489,unaligned,train,audio,400
1490,unaligned,train,audio,400
1491,unaligned,train,audio,400
1492,unaligned,train,audio,400
1493,unaligned,train,audio,400
1494,unaligned,train,audio,400
1495,unaligned,train,audio,400
1496,unaligned,train,audio,400
1497,unaligned,train,audio,400
1498,unaligned,train,audio,400
1499,unaligned,train,audio,400
1500,unaligned,train,audio,400
1501,unaligned,train,audio,400
1502,unaligned,train,audio,400
1503,unaligned,train,audio,400
1504,unaligned,train,audio,400
1505,unaligned,train,audio,400
1506,unaligned,train,audio,400
1507,unaligned,train,audio,400
1508,unaligned,train,audio,400
1509,unaligned,train,audio,400
1510,unaligned,train,audio,400
1511,unaligned,train,audio,400
1512,unaligned,train,audio,400
1513,unaligned,train,audio,400
1514,unaligned,train,audio,400
1515,unaligned,train,audio,400
1516,unaligned,train,audio,400
1517,unaligned,train,audio,400
1518,unaligned,train,audio,400
1519,unaligned,train,audio,400
1520,unaligned,train,audio,400
1521,unaligned,train,audio,400
1522,unaligned,train,audio,400
1523,unaligned,train,audio,400
1524,unaligned,train,audio,400
1525,unaligned,train,audio,400
1526,unaligned,train,audio,400
1527,unaligned,train,audio,400
1528,unaligned,train,audio,400
1529,unaligned,train,audio,400
1530,unaligned,train,audio,400
1531,unaligned,train,audio,400
1532,unaligned,train,audio,400
1533,unaligned,train,audio,400
1534,unaligned,train,audio,400
1535,unaligned,train,audio,400
1536,unaligned,train,audio,400
1537,unaligned,train,audio,400
1538,unaligned,train,audio,400
1539,unaligned,train,audio,400
1540,unaligned,train,audio,400
1541,unaligned,train,audio,400
1542,unaligned,train,audio,400
1543,unaligned,train,audio,400
1544,unaligned,train,audio,400
1545,unaligned,train,audio,400
1546,unaligned,train,audio,400
1547,unaligned,train,audio,400
1548,unaligned,train,audio,400
1549,unaligned,train,audio,400
1550,unaligned,train,audio,400
1551,unaligned,train,audio,400
1552,unaligned,train,audio,400
1553,unaligned,train,audio,400
1554,unaligned,train,audio,400
1555,unaligned,train,audio,400
1556,unaligned,train,audio,400
1557,unaligned,train,audio,400
1558,unaligned,train,audio,400
1559,unaligned,train,audio,400
1560,unaligned,train,audio,400
1561,unaligned,train,audio,400
1562,unaligned,train,audio,400
1563,unaligned,train,audio,400
1564,unaligned,train,audio,400
1565,unaligned,train,audio,400
1566,unaligned,train,audio,400
1567,unaligned,train,audio,400
1568,unaligned,train,audio,400
1569,unaligned,train,audio,400
1570,unaligned,train,audio,400
1571,unaligned,train,audio,400
1572,unaligned,train,audio,400
1573,unaligned,train,audio,400
1574,unaligned,train,audio,400
1575,unaligned,train,audio,400
1576,unaligned,train,audio,400
1577,unaligned,train,audio,400
1578,unaligned,train,audio,400
1579,unaligned,train,audio,400
1580,unaligned,train,audio,400
1581,unaligned,train,audio,400
1582,unaligned,train,audio,400
1583,unaligned,train,audio,400
1584,unaligned,train,audio,400
1585,unaligned,train,audio,400
1586,unaligned,train,audio,400
1587,unaligned,train,audio,400
1588,unaligned,train,audio,400
1589,unaligned,train,audio,400
1590,unaligned,train,audio,400
1591,unaligned,train,audio,400
1592,unaligned,train,audio,400
1593,unaligned,train,audio,400
1594,unaligned,train,audio,400
1595,unaligned,train,audio,400
1596,unaligned,train,audio,400
1597,unaligned,train,audio,400
1598,unaligned,train,audio,400
1599,unaligned,train,audio,400
1600,unaligned,train,audio,400
1601,unaligned,train,audio,400
1602,unaligned,train,audio,400
1603,unaligned,train,audio,400
1604,unaligned,train,audio,400
1605,unaligned,train,audio,400
1606,unaligned,train,audio,400
1607,unaligned,train,audio,400
1608,unaligned,train,audio,400
1609,unaligned,train,audio,400
1610,unaligned,train,audio,400
1611,unaligned,train,audio,400
1612,unaligned,train,audio,400
1613,unaligned,train,audio,400
1614,unaligned,train,audio,400
1615,unaligned,train,audio,400
1616,unaligned,train,audio,400
1617,unaligned,train,audio,400
1618,unaligned,train,audio,400
1619,unaligned,train,audio,400
1620,unaligned,train,audio,400
1621,unaligned,train,audio,400
1622,unaligned,train,audio,400
1623,unaligned,train,audio,400
1624,unaligned,train,audio,400
1625,unaligned,train,audio,400
1626,unaligned,train,audio,400
1627,unaligned,train,audio,400
1628,unaligned,train,audio,400
1629,unaligned,train,audio,400
1630,unaligned,train,audio,400
1631,unaligned,train,audio,400
1632,unaligned,train,audio,400
1633,unaligned,train,audio,400
1634,unaligned,train,audio,400
1635,unaligned,train,audio,400
1636,unaligned,train,audio,400
1637,unaligned,train,audio,400
1638,unaligned,train,audio,400
1639,unaligned,train,audio,400
1640,unaligned,train,audio,400
1641,unaligned,train,audio,400
1642,unaligned,train,audio,400
1643,unaligned,train,audio,400
1644,unaligned,train,audio,400
1645,unaligned,train,audio,400
1646,unaligned,train,audio,400
1647,unaligned,train,audio,400
1648,unaligned,train,audio,400
1649,unaligned,train,audio,400
1650,unaligned,train,audio,400
1651,unaligned,train,audio,400
1652,unaligned,train,audio,400
1653,unaligned,train,audio,400
1654,unaligned,train,audio,400
1655,unaligned,train,audio,400
1656,unaligned,train,audio,400
1657,unaligned,train,audio,400
1658,unaligned,train,audio,400
1659,unaligned,train,audio,400
1660,unaligned,train,audio,400
1661,unaligned,train,audio,400
1662,unaligned,train,audio,400
1663,unaligned,train,audio,400
1664,unaligned,train,audio,400
1665,unaligned,train,audio,400
1666,unaligned,train,audio,400
1667,unaligned,train,audio,400
1668,unaligned,train,audio,400
1669,unaligned,train,audio,400
1670,unaligned,train,audio,400
1671,unaligned,train,audio,400
1672,unaligned,train,audio,400
1673,unaligned,train,audio,400
1674,unaligned,train,audio,400
1675,unaligned,train,audio,400
1676,unaligned,train,audio,400
1677,unaligned,train,audio,400
1678,unaligned,train,audio,400
1679,unaligned,train,audio,400
1680,unaligned,train,audio,400
1681,unaligned,train,audio,400
1682,unaligned,train,audio,400
1683,unaligned,train,audio,400
1684,unaligned,train,audio,400
1685,unaligned,train,audio,400
1686,unaligned,train,audio,400
1687,unaligned,train,audio,400
1688,unaligned,train,audio,400
1689,unaligned,train,audio,400
1690,unaligned,train,audio,400
1691,unaligned,train,audio,400
1692,unaligned,train,audio,400
1693,unaligned,train,audio,400
1694,unaligned,train,audio,400
1695,unaligned,train,audio,400
1696,unaligned,train,audio,400
1697,unaligned,train,audio,400
1698,unaligned,train,audio,400
1699,unaligned,train,audio,400
1700,unaligned,train,audio,400
1701,unaligned,train,audio,400
1702,unaligned,train,audio,400
1703,unaligned,train,audio,400
1704,unaligned,train,audio,400
1705,unaligned,train,audio,400
1706,unaligned,train,audio,400
1707,unaligned,train,audio,400
1708,unaligned,train,audio,400
1709,unaligned,train,audio,400
1710,unaligned,train,audio,400
1711,unaligned,train,audio,400
1712,unaligned,train,audio,400
1713,unaligned,train,audio,400
1714,unaligned,train,audio,400
1715,unaligned,train,audio,400
1716,unaligned,train,audio,400
1717,unaligned,train,audio,400
1718,unaligned,train,audio,400
1719,unaligned,train,audio,400
1720,unaligned,train,audio,400
1721,unaligned,train,audio,400
1722,unaligned,train,audio,400
1723,unaligned,train,audio,400
1724,unaligned,train,audio,400
1725,unaligned,train,audio,400
1726,unaligned,train,audio,400
1727,unaligned,train,audio,400
1728,unaligned,train,audio,400
1729,unaligned,train,audio,400
1730,unaligned,train,audio,400
1731,unaligned,train,audio,400
1732,unaligned,train,audio,400
1733,unaligned,train,audio,400
1734,unaligned,train,audio,400
1735,unaligned,train,audio,400
1736,unaligned,train,audio,400
1737,unaligned,train,audio,400
1738,unaligned,train,audio,400
1739,unaligned,train,audio,400
1740,unaligned,train,audio,400
1741,unaligned,train,audio,400
1742,unaligned,train,audio,400
1743,unaligned,train,audio,400
1744,unaligned,train,audio,400
1745,unaligned,train,audio,400
1746,unaligned,train,audio,400
1747,unaligned,train,audio,400
1748,unaligned,train,audio,400
1749,unaligned,train,audio,400
1750,unaligned,train,audio,400
1751,unaligned,train,audio,400
1752,unaligned,train,audio,400
1753,unaligned,train,audio,400
1754,unaligned,train,audio,400
1755,unaligned,train,audio,400
1756,unaligned,train,audio,400
1757,unaligned,train,audio,400
1758,unaligned,train,audio,400
1759,unaligned,train,audio,400
1760,unaligned,train,audio,400
1761,unaligned,train,audio,400
1762,unaligned,train,audio,400
1763,unaligned,train,audio,400
1764,unaligned,train,audio,400
1765,unaligned,train,audio,400
1766,unaligned,train,audio,400
1767,unaligned,train,audio,400
1768,unaligned,train,audio,400
1769,unaligned,train,audio,400
1770,unaligned,train,audio,400
1771,unaligned,train,audio,400
1772,unaligned,train,audio,400
1773,unaligned,train,audio,400
1774,unaligned,train,audio,400
1775,unaligned,train,audio,400
1776,unaligned,train,audio,400
1777,unaligned,train,audio,400
1778,unaligned,train,audio,400
1779,unaligned,train,audio,400
1780,unaligned,train,audio,400
1781,unaligned,train,audio,400
1782,unaligned,train,audio,400
1783,unaligned,train,audio,400
1784,unaligned,train,audio,400
1785,unaligned,train,audio,400
1786,unaligned,train,audio,400
1787,unaligned,train,audio,400
1788,unaligned,train,audio,400
1789,unaligned,train,audio,400
1790,unaligned,train,audio,400
1791,unaligned,train,audio,400
1792,unaligned,train,audio,400
1793,unaligned,train,audio,400
1794,unaligned,train,audio,400
1795,unaligned,train,audio,400
1796,unaligned,train,audio,400
1797,unaligned,train,audio,400
1798,unaligned,train,audio,400
1799,unaligned,train,audio,400
1800,unaligned,train,audio,400
1801,unaligned,train,audio,400
1802,unaligned,train,audio,400
1803,unaligned,train,audio,400
1804,unaligned,train,audio,400
1805,unaligned,train,audio,400
1806,unaligned,train,audio,400
1807,unaligned,train,audio,400
1808,unaligned,train,audio,400
1809,unaligned,train,audio,400
1810,unaligned,train,audio,400
1811,unaligned,train,audio,400
1812,unaligned,train,audio,400
1813,unaligned,train,audio,400
1814,unaligned,train,audio,400
1815,unaligned,train,audio,400
1816,unaligned,train,audio,400
1817,unaligned,train,audio,400
1818,unaligned,train,audio,400
1819,unaligned,train,audio,400
1820,unaligned,train,audio,400
1821,unaligned,train,audio,400
1822,unaligned,train,audio,400
1823,unaligned,train,audio,400
1824,unaligned,train,audio,400
1825,unaligned,train,audio,400
1826,unaligned,train,audio,400
1827,unaligned,train,audio,400
1828,unaligned,train,audio,400
1829,unaligned,train,audio,400
1830,unaligned,train,audio,400
1831,unaligned,train,audio,400
1832,unaligned,train,audio,400
1833,unaligned,train,audio,400
1834,unaligned,train,audio,400
1835,unaligned,train,audio,400
1836,unaligned,train,audio,400
1837,unaligned,train,audio,400
1838,unaligned,train,audio,400
1839,unaligned,train,audio,400
1840,unaligned,train,audio,400
1841,unaligned,train,audio,400
1842,unaligned,train,audio,400
1843,unaligned,train,audio,400
1844,unaligned,train,audio,400
1845,unaligned,train,audio,400
1846,unaligned,train,audio,400
1847,unaligned,train,audio,400
1848,unaligned,train,audio,400
1849,unaligned,train,audio,400
1850,unaligned,train,audio,400
1851,unaligned,train,audio,400
1852,unaligned,train,audio,400
1853,unaligned,train,audio,400
1854,unaligned,train,audio,400
1855,unaligned,train,audio,400
1856,unaligned,train,audio,400
1857,unaligned,train,audio,400
1858,unaligned,train,audio,400
1859,unaligned,train,audio,400
1860,unaligned,train,audio,400
1861,unaligned,train,audio,400
1862,unaligned,train,audio,400
1863,unaligned,train,audio,400
1864,unaligned,train,audio,400
1865,unaligned,train,audio,400
1866,unaligned,train,audio,400
1867,unaligned,train,audio,400
1868,unaligned,train,audio,400
1869,unaligned,train,audio,400
1870,unaligned,train,audio,400
1871,unaligned,train,audio,400
1872,unaligned,train,audio,400
1873,unaligned,train,audio,400
1874,unaligned,train,audio,400
1875,unaligned,train,audio,400
1876,unaligned,train,audio,400
1877,unaligned,train,audio,400
1878,unaligned,train,audio,400
1879,unaligned,train,audio,400
1880,unaligned,train,audio,400
1881,unaligned,train,audio,400
1882,unaligned,train,audio,400
1883,unaligned,train,audio,400
1884,unaligned,train,audio,400
1885,unaligned,train,audio,400
1886,unaligned,train,audio,400
1887,unaligned,train,audio,400
1888,unaligned,train,audio,400
1889,unaligned,train,audio,400
1890,unaligned,train,audio,400
1891,unaligned,train,audio,400
1892,unaligned,train,audio,400
1893,unaligned,train,audio,400
1894,unaligned,train,audio,400
1895,unaligned,train,audio,400
1896,unaligned,train,audio,400
1897,unaligned,train,audio,400
1898,unaligned,train,audio,400
1899,unaligned,train,audio,400
1900,unaligned,train,audio,400
1901,unaligned,train,audio,400
1902,unaligned,train,audio,400
1903,unaligned,train,audio,400
1904,unaligned,train,audio,400
1905,unaligned,train,audio,400
1906,unaligned,train,audio,400
1907,unaligned,train,audio,400
1908,unaligned,train,audio,400
1909,unaligned,train,audio,400
1910,unaligned,train,audio,400
1911,unaligned,train,audio,400
1912,unaligned,train,audio,400
1913,unaligned,train,audio,400
1914,unaligned,train,audio,400
1915,unaligned,train,audio,400
1916,unaligned,train,audio,400
1917,unaligned,train,audio,400
1918,unaligned,train,audio,400
1919,unaligned,train,audio,400
1920,unaligned,train,audio,400
1921,unaligned,train,audio,400
1922,unaligned,train,audio,400
1923,unaligned,train,audio,400
1924,unaligned,train,audio,400
1925,unaligned,train,audio,400
1926,unaligned,train,audio,400
1927,unaligned,train,audio,400
1928,unaligned,train,audio,400
1929,unaligned,train,audio,400
1930,unaligned,train,audio,400
1931,unaligned,train,audio,400
1932,unaligned,train,audio,400
1933,unaligned,train,audio,400
1934,unaligned,train,audio,400
1935,unaligned,train,audio,400
1936,unaligned,train,audio,400
1937,unaligned,train,audio,400
1938,unaligned,train,audio,400
1939,unaligned,train,audio,400
1940,unaligned,train,audio,400
1941,unaligned,train,audio,400
1942,unaligned,train,audio,400
1943,unaligned,train,audio,400
1944,unaligned,train,audio,400
1945,unaligned,train,audio,400
1946,unaligned,train,audio,400
1947,unaligned,train,audio,400
1948,unaligned,train,audio,400
1949,unaligned,train,audio,400
1950,unaligned,train,audio,400
1951,unaligned,train,audio,400
1952,unaligned,train,audio,400
1953,unaligned,train,audio,400
1954,unaligned,train,audio,400
1955,unaligned,train,audio,400
1956,unaligned,train,audio,400
1957,unaligned,train,audio,400
1958,unaligned,train,audio,400
1959,unaligned,train,audio,400
1960,unaligned,train,audio,400
1961,unaligned,train,audio,400
1962,unaligned,train,audio,400
1963,unaligned,train,audio,400
1964,unaligned,train,audio,400
1965,unaligned,train,audio,400
1966,unaligned,train,audio,400
1967,unaligned,train,audio,400
1968,unaligned,train,audio,400
1969,unaligned,train,audio,400
1970,unaligned,train,audio,400
1971,unaligned,train,audio,400
1972,unaligned,train,audio,400
1973,unaligned,train,audio,400
1974,unaligned,train,audio,400
1975,unaligned,train,audio,400
1976,unaligned,train,audio,400
1977,unaligned,train,audio,400
1978,unaligned,train,audio,400
1979,unaligned,train,audio,400
1980,unaligned,train,audio,400
1981,unaligned,train,audio,400
1982,unaligned,train,audio,400
1983,unaligned,train,audio,400
1984,unaligned,train,audio,400
1985,unaligned,train,audio,400
1986,unaligned,train,audio,400
1987,unaligned,train,audio,400
1988,unaligned,train,audio,400
1989,unaligned,train,audio,400
1990,unaligned,train,audio,400
1991,unaligned,train,audio,400
1992,unaligned,train,audio,400
1993,unaligned,train,audio,400
1994,unaligned,train,audio,400
1995,unaligned,train,audio,400
1996,unaligned,train,audio,400
1997,unaligned,train,audio,400
1998,unaligned,train,audio,400
1999,unaligned,train,audio,400
2000,unaligned,train,audio,400
2001,unaligned,train,audio,400
2002,unaligned,train,audio,400
2003,unaligned,train,audio,400
2004,unaligned,train,audio,400
2005,unaligned,train,audio,400
2006,unaligned,train,audio,400
2007,unaligned,train,audio,400
2008,unaligned,train,audio,400
2009,unaligned,train,audio,400
2010,unaligned,train,audio,400
2011,unaligned,train,audio,400
2012,unaligned,train,audio,400
2013,unaligned,train,audio,400
2014,unaligned,train,audio,400
2015,unaligned,train,audio,400
2016,unaligned,train,audio,400
2017,unaligned,train,audio,400
2018,unaligned,train,audio,400
2019,unaligned,train,audio,400
2020,unaligned,train,audio,400
2021,unaligned,train,audio,400
2022,unaligned,train,audio,400
2023,unaligned,train,audio,400
2024,unaligned,train,audio,400
2025,unaligned,train,audio,400
2026,unaligned,train,audio,400
2027,unaligned,train,audio,400
2028,unaligned,train,audio,400
2029,unaligned,train,audio,400
2030,unaligned,train,audio,400
2031,unaligned,train,audio,400
2032,unaligned,train,audio,400
2033,unaligned,train,audio,400
2034,unaligned,train,audio,400
2035,unaligned,train,audio,400
2036,unaligned,train,audio,400
2037,unaligned,train,audio,400
2038,unaligned,train,audio,400
2039,unaligned,train,audio,400
2040,unaligned,train,audio,400
2041,unaligned,train,audio,400
2042,unaligned,train,audio,400
2043,unaligned,train,audio,400
2044,unaligned,train,audio,400
2045,unaligned,train,audio,400
2046,unaligned,train,audio,400
2047,unaligned,train,audio,400
2048,unaligned,train,audio,400
2049,unaligned,train,audio,400
2050,unaligned,train,audio,400
2051,unaligned,train,audio,400
2052,unaligned,train,audio,400
2053,unaligned,train,audio,400
2054,unaligned,train,audio,400
2055,unaligned,train,audio,400
2056,unaligned,train,audio,400
2057,unaligned,train,audio,400
2058,unaligned,train,audio,400
2059,unaligned,train,audio,400
2060,unaligned,train,audio,400
2061,unaligned,train,audio,400
2062,unaligned,train,audio,400
2063,unaligned,train,audio,400
2064,unaligned,train,audio,400
2065,unaligned,train,audio,400
2066,unaligned,train,audio,400
2067,unaligned,train,audio,400
2068,unaligned,train,audio,400
2069,unaligned,train,audio,400
2070,unaligned,train,audio,400
2071,unaligned,train,audio,400
2072,unaligned,train,audio,400
2073,unaligned,train,audio,400
2074,unaligned,train,audio,400
2075,unaligned,train,audio,400
2076,unaligned,train,audio,400
2077,unaligned,train,audio,400
2078,unaligned,train,audio,400
2079,unaligned,train,audio,400
2080,unaligned,train,audio,400
2081,unaligned,train,audio,400
2082,unaligned,train,audio,400
2083,unaligned,train,audio,400
2084,unaligned,train,audio,400
2085,unaligned,train,audio,400
2086,unaligned,train,audio,400
2087,unaligned,train,audio,400
2088,unaligned,train,audio,400
2089,unaligned,train,audio,400
2090,unaligned,train,audio,400
2091,unaligned,train,audio,400
2092,unaligned,train,audio,400
2093,unaligned,train,audio,400
2094,unaligned,train,audio,400
2095,unaligned,train,audio,400
2096,unaligned,train,audio,400
2097,unaligned,train,audio,400
2098,unaligned,train,audio,400
2099,unaligned,train,audio,400
2100,unaligned,train,audio,400
2101,unaligned,train,audio,400
2102,unaligned,train,audio,400
2103,unaligned,train,audio,400
2104,unaligned,train,audio,400
2105,unaligned,train,audio,400
2106,unaligned,train,audio,400
2107,unaligned,train,audio,400
2108,unaligned,train,audio,400
2109,unaligned,train,audio,400
2110,unaligned,train,audio,400
2111,unaligned,train,audio,400
2112,unaligned,train,audio,400
2113,unaligned,train,audio,400
2114,unaligned,train,audio,400
2115,unaligned,train,audio,400
2116,unaligned,train,audio,400
2117,unaligned,train,audio,400
2118,unaligned,train,audio,400
2119,unaligned,train,audio,400
2120,unaligned,train,audio,400
2121,unaligned,train,audio,400
2122,unaligned,train,audio,400
2123,unaligned,train,audio,400
2124,unaligned,train,audio,400
2125,unaligned,train,audio,400
2126,unaligned,train,audio,400
2127,unaligned,train,audio,400
2128,unaligned,train,audio,400
2129,unaligned,train,audio,400
2130,unaligned,train,audio,400
2131,unaligned,train,audio,400
2132,unaligned,train,audio,400
2133,unaligned,train,audio,400
2134,unaligned,train,audio,400
2135,unaligned,train,audio,400
2136,unaligned,train,audio,400
2137,unaligned,train,audio,400
2138,unaligned,train,audio,400
2139,unaligned,train,audio,400
2140,unaligned,train,audio,400
2141,unaligned,train,audio,400
2142,unaligned,train,audio,400
2143,unaligned,train,audio,400
2144,unaligned,train,audio,400
2145,unaligned,train,audio,400
2146,unaligned,train,audio,400
2147,unaligned,train,audio,400
2148,unaligned,train,audio,400
2149,unaligned,train,audio,400
2150,unaligned,train,audio,400
2151,unaligned,train,audio,400
2152,unaligned,train,audio,400
2153,unaligned,train,audio,400
2154,unaligned,train,audio,400
2155,unaligned,train,audio,400
2156,unaligned,train,audio,400
2157,unaligned,train,audio,400
2158,unaligned,train,audio,400
2159,unaligned,train,audio,400
2160,unaligned,train,audio,400
2161,unaligned,train,audio,400
2162,unaligned,train,audio,400
2163,unaligned,train,audio,400
2164,unaligned,train,audio,400
2165,unaligned,train,audio,400
2166,unaligned,train,audio,400
2167,unaligned,train,audio,400
2168,unaligned,train,audio,400
2169,unaligned,train,audio,400
2170,unaligned,train,audio,400
2171,unaligned,train,audio,400
2172,unaligned,train,audio,400
2173,unaligned,train,audio,400
2174,unaligned,train,audio,400
2175,unaligned,train,audio,400
2176,unaligned,train,audio,400
2177,unaligned,train,audio,400
2178,unaligned,train,audio,400
2179,unaligned,train,audio,400
2180,unaligned,train,audio,400
2181,unaligned,train,audio,400
2182,unaligned,train,audio,400
2183,unaligned,train,audio,400
2184,unaligned,train,audio,400
2185,unaligned,train,audio,400
2186,unaligned,train,audio,400
2187,unaligned,train,audio,400
2188,unaligned,train,audio,400
2189,unaligned,train,audio,400
2190,unaligned,train,audio,400
2191,unaligned,train,audio,400
2192,unaligned,train,audio,400
2193,unaligned,train,audio,400
2194,unaligned,train,audio,400
2195,unaligned,train,audio,400
2196,unaligned,train,audio,400
2197,unaligned,train,audio,400
2198,unaligned,train,audio,400
2199,unaligned,train,audio,400
2200,unaligned,train,audio,400
2201,unaligned,train,audio,400
2202,unaligned,train,audio,400
2203,unaligned,train,audio,400
2204,unaligned,train,audio,400
2205,unaligned,train,audio,400
2206,unaligned,train,audio,400
2207,unaligned,train,audio,400
2208,unaligned,train,audio,400
2209,unaligned,train,audio,400
2210,unaligned,train,audio,400
2211,unaligned,train,audio,400
2212,unaligned,train,audio,400
2213,unaligned,train,audio,400
2214,unaligned,train,audio,400
2215,unaligned,train,audio,400
2216,unaligned,train,audio,400
2217,unaligned,train,audio,400
2218,unaligned,train,audio,400
2219,unaligned,train,audio,400
2220,unaligned,train,audio,400
2221,unaligned,train,audio,400
2222,unaligned,train,audio,400
2223,unaligned,train,audio,400
2224,unaligned,train,audio,400
2225,unaligned,train,audio,400
2226,unaligned,train,audio,400
2227,unaligned,train,audio,400
2228,unaligned,train,audio,400
2229,unaligned,train,audio,400
2230,unaligned,train,audio,400
2231,unaligned,train,audio,400
2232,unaligned,train,audio,400
2233,unaligned,train,audio,400
2234,unaligned,train,audio,400
2235,unaligned,train,audio,400
2236,unaligned,train,audio,400
2237,unaligned,train,audio,400
2238,unaligned,train,audio,400
2239,unaligned,train,audio,400
2240,unaligned,train,audio,400
2241,unaligned,train,audio,400
2242,unaligned,train,audio,400
2243,unaligned,train,audio,400
2244,unaligned,train,audio,400
2245,unaligned,train,audio,400
2246,unaligned,train,audio,400
2247,unaligned,train,audio,400
2248,unaligned,train,audio,400
2249,unaligned,train,audio,400
2250,unaligned,train,audio,400
2251,unaligned,train,audio,400
2252,unaligned,train,audio,400
2253,unaligned,train,audio,400
2254,unaligned,train,audio,400
2255,unaligned,train,audio,400
2256,unaligned,train,audio,400
2257,unaligned,train,audio,400
2258,unaligned,train,audio,400
2259,unaligned,train,audio,400
2260,unaligned,train,audio,400
2261,unaligned,train,audio,400
2262,unaligned,train,audio,400
2263,unaligned,train,audio,400
2264,unaligned,train,audio,400
2265,unaligned,train,audio,400
2266,unaligned,train,audio,400
2267,unaligned,train,audio,400
2268,unaligned,train,audio,400
2269,unaligned,train,audio,400
2270,unaligned,train,audio,400
2271,unaligned,train,audio,400
2272,unaligned,train,audio,400
2273,unaligned,train,audio,400
2274,unaligned,train,audio,400
2275,unaligned,train,audio,400
2276,unaligned,train,audio,400
2277,unaligned,train,audio,400
2278,unaligned,train,audio,400
2279,unaligned,train,audio,400
2280,unaligned,train,audio,400
2281,unaligned,train,audio,400
2282,unaligned,train,audio,400
2283,unaligned,train,audio,400
2284,unaligned,train,audio,400
2285,unaligned,train,audio,400
2286,unaligned,train,audio,400
2287,unaligned,train,audio,400
2288,unaligned,train,audio,400
2289,unaligned,train,audio,400
2290,unaligned,train,audio,400
2291,unaligned,train,audio,400
2292,unaligned,train,audio,400
2293,unaligned,train,audio,400
2294,unaligned,train,audio,400
2295,unaligned,train,audio,400
2296,unaligned,train,audio,400
2297,unaligned,train,audio,400
2298,unaligned,train,audio,400
2299,unaligned,train,audio,400
2300,unaligned,train,audio,400
2301,unaligned,train,audio,400
2302,unaligned,train,audio,400
2303,unaligned,train,audio,400
2304,unaligned,train,audio,400
2305,unaligned,train,audio,400
2306,unaligned,train,audio,400
2307,unaligned,train,audio,400
2308,unaligned,train,audio,400
2309,unaligned,train,audio,400
2310,unaligned,train,audio,400
2311,unaligned,train,audio,400
2312,unaligned,train,audio,400
2313,unaligned,train,audio,400
2314,unaligned,train,audio,400
2315,unaligned,train,audio,400
2316,unaligned,train,audio,400
2317,unaligned,train,audio,400
2318,unaligned,train,audio,400
2319,unaligned,train,audio,400
2320,unaligned,train,audio,400
2321,unaligned,train,audio,400
2322,unaligned,train,audio,400
2323,unaligned,train,audio,400
2324,unaligned,train,audio,400
2325,unaligned,train,audio,400
2326,unaligned,train,audio,400
2327,unaligned,train,audio,400
2328,unaligned,train,audio,400
2329,unaligned,train,audio,400
2330,unaligned,train,audio,400
2331,unaligned,train,audio,400
2332,unaligned,train,audio,400
2333,unaligned,train,audio,400
2334,unaligned,train,audio,400
2335,unaligned,train,audio,400
2336,unaligned,train,audio,400
2337,unaligned,train,audio,400
2338,unaligned,train,audio,400
2339,unaligned,train,audio,400
2340,unaligned,train,audio,400
2341,unaligned,train,audio,400
2342,unaligned,train,audio,400
2343,unaligned,train,audio,400
2344,unaligned,train,audio,400
2345,unaligned,train,audio,400
2346,unaligned,train,audio,400
2347,unaligned,train,audio,400
2348,unaligned,train,audio,400
2349,unaligned,train,audio,400
2350,unaligned,train,audio,400
2351,unaligned,train,audio,400
2352,unaligned,train,audio,400
2353,unaligned,train,audio,400
2354,unaligned,train,audio,400
2355,unaligned,train,audio,400
2356,unaligned,train,audio,400
2357,unaligned,train,audio,400
2358,unaligned,train,audio,400
2359,unaligned,train,audio,400
2360,unaligned,train,audio,400
2361,unaligned,train,audio,400
2362,unaligned,train,audio,400
2363,unaligned,train,audio,400
2364,unaligned,train,audio,400
2365,unaligned,train,audio,400
2366,unaligned,train,audio,400
2367,unaligned,train,audio,400
2368,unaligned,train,audio,400
2369,unaligned,train,audio,400
2370,unaligned,train,audio,400
2371,unaligned,train,audio,400
2372,unaligned,train,audio,400
2373,unaligned,train,audio,400
2374,unaligned,train,audio,400
2375,unaligned,train,audio,400
2376,unaligned,train,audio,400
2377,unaligned,train,audio,400
2378,unaligned,train,audio,400
2379,unaligned,train,audio,400
2380,unaligned,train,audio,400
2381,unaligned,train,audio,400
2382,unaligned,train,audio,400
2383,unaligned,train,audio,400
2384,unaligned,train,audio,400
2385,unaligned,train,audio,400
2386,unaligned,train,audio,400
2387,unaligned,train,audio,400
2388,unaligned,train,audio,400
2389,unaligned,train,audio,400
2390,unaligned,train,audio,400
2391,unaligned,train,audio,400
2392,unaligned,train,audio,400
2393,unaligned,train,audio,400
2394,unaligned,train,audio,400
2395,unaligned,train,audio,400
2396,unaligned,train,audio,400
2397,unaligned,train,audio,400
2398,unaligned,train,audio,400
2399,unaligned,train,audio,400
2400,unaligned,train,audio,400
2401,unaligned,train,audio,400
2402,unaligned,train,audio,400
2403,unaligned,train,audio,400
2404,unaligned,train,audio,400
2405,unaligned,train,audio,400
2406,unaligned,train,audio,400
2407,unaligned,train,audio,400
2408,unaligned,train,audio,400
2409,unaligned,train,audio,400
2410,unaligned,train,audio,400
2411,unaligned,train,audio,400
2412,unaligned,train,audio,400
2413,unaligned,train,audio,400
2414,unaligned,train,audio,400
2415,unaligned,train,audio,400
2416,unaligned,train,audio,400
2417,unaligned,train,audio,400
2418,unaligned,train,audio,400
2419,unaligned,train,audio,400
2420,unaligned,train,audio,400
2421,unaligned,train,audio,400
2422,unaligned,train,audio,400
2423,unaligned,train,audio,400
2424,unaligned,train,audio,400
2425,unaligned,train,audio,400
2426,unaligned,train,audio,400
2427,unaligned,train,audio,400
2428,unaligned,train,audio,400
2429,unaligned,train,audio,400
2430,unaligned,train,audio,400
2431,unaligned,train,audio,400
2432,unaligned,train,audio,400
2433,unaligned,train,audio,400
2434,unaligned,train,audio,400
2435,unaligned,train,audio,400
2436,unaligned,train,audio,400
2437,unaligned,train,audio,400
2438,unaligned,train,audio,400
2439,unaligned,train,audio,400
2440,unaligned,train,audio,400
2441,unaligned,train,audio,400
2442,unaligned,train,audio,400
2443,unaligned,train,audio,400
2444,unaligned,train,audio,400
2445,unaligned,train,audio,400
2446,unaligned,train,audio,400
2447,unaligned,train,audio,400
2448,unaligned,train,audio,400
2449,unaligned,train,audio,400
2450,unaligned,train,audio,400
2451,unaligned,train,audio,400
2452,unaligned,train,audio,400
2453,unaligned,train,audio,400
2454,unaligned,train,audio,400
2455,unaligned,train,audio,400
2456,unaligned,train,audio,400
2457,unaligned,train,audio,400
2458,unaligned,train,audio,400
2459,unaligned,train,audio,400
2460,unaligned,train,audio,400
2461,unaligned,train,audio,400
2462,unaligned,train,audio,400
2463,unaligned,train,audio,400
2464,unaligned,train,audio,400
2465,unaligned,train,audio,400
2466,unaligned,train,audio,400
2467,unaligned,train,audio,400
2468,unaligned,train,audio,400
2469,unaligned,train,audio,400
2470,unaligned,train,audio,400
2471,unaligned,train,audio,400
2472,unaligned,train,audio,400
2473,unaligned,train,audio,400
2474,unaligned,train,audio,400
2475,unaligned,train,audio,400
2476,unaligned,train,audio,400
2477,unaligned,train,audio,400
2478,unaligned,train,audio,400
2479,unaligned,train,audio,400
2480,unaligned,train,audio,400
2481,unaligned,train,audio,400
2482,unaligned,train,audio,400
2483,unaligned,train,audio,400
2484,unaligned,train,audio,400
2485,unaligned,train,audio,400
2486,unaligned,train,audio,400
2487,unaligned,train,audio,400
2488,unaligned,train,audio,400
2489,unaligned,train,audio,400
2490,unaligned,train,audio,400
2491,unaligned,train,audio,400
2492,unaligned,train,audio,400
2493,unaligned,train,audio,400
2494,unaligned,train,audio,400
2495,unaligned,train,audio,400
2496,unaligned,train,audio,400
2497,unaligned,train,audio,400
2498,unaligned,train,audio,400
2499,unaligned,train,audio,400
2500,unaligned,train,audio,400
2501,unaligned,train,audio,400
2502,unaligned,train,audio,400
2503,unaligned,train,audio,400
2504,unaligned,train,audio,400
2505,unaligned,train,audio,400
2506,unaligned,train,audio,400
2507,unaligned,train,audio,400
2508,unaligned,train,audio,400
2509,unaligned,train,audio,400
2510,unaligned,train,audio,400
2511,unaligned,train,audio,400
2512,unaligned,train,audio,400
2513,unaligned,train,audio,400
2514,unaligned,train,audio,400
2515,unaligned,train,audio,400
2516,unaligned,train,audio,400
2517,unaligned,train,audio,400
2518,unaligned,train,audio,400
2519,unaligned,train,audio,400
2520,unaligned,train,audio,400
2521,unaligned,train,audio,400
2522,unaligned,train,audio,400
2523,unaligned,train,audio,400
2524,unaligned,train,audio,400
2525,unaligned,train,audio,400
2526,unaligned,train,audio,400
2527,unaligned,train,audio,400
2528,unaligned,train,audio,400
2529,unaligned,train,audio,400
2530,unaligned,train,audio,400
2531,unaligned,train,audio,400
2532,unaligned,train,audio,400
2533,unaligned,train,audio,400
2534,unaligned,train,audio,400
2535,unaligned,train,audio,400
2536,unaligned,train,audio,400
2537,unaligned,train,audio,400
2538,unaligned,train,audio,400
2539,unaligned,train,audio,400
2540,unaligned,train,audio,400
2541,unaligned,train,audio,400
2542,unaligned,train,audio,400
2543,unaligned,train,audio,400
2544,unaligned,train,audio,400
2545,unaligned,train,audio,400
2546,unaligned,train,audio,400
2547,unaligned,train,audio,400
2548,unaligned,train,audio,400
2549,unaligned,train,audio,400
2550,unaligned,train,audio,400
2551,unaligned,train,audio,400
2552,unaligned,train,audio,400
2553,unaligned,train,audio,400
2554,unaligned,train,audio,400
2555,unaligned,train,audio,400
2556,unaligned,train,audio,400
2557,unaligned,train,audio,400
2558,unaligned,train,audio,400
2559,unaligned,train,audio,400
2560,unaligned,train,audio,400
2561,unaligned,train,audio,400
2562,unaligned,train,audio,400
2563,unaligned,train,audio,400
2564,unaligned,train,audio,400
2565,unaligned,train,audio,400
2566,unaligned,train,audio,400
2567,unaligned,train,audio,400
2568,unaligned,train,audio,400
2569,unaligned,train,audio,400
2570,unaligned,train,audio,400
2571,unaligned,train,audio,400
2572,unaligned,train,audio,400
2573,unaligned,train,audio,400
2574,unaligned,train,audio,400
2575,unaligned,train,audio,400
2576,unaligned,train,audio,400
2577,unaligned,train,audio,400
2578,unaligned,train,audio,400
2579,unaligned,train,audio,400
2580,unaligned,train,audio,400
2581,unaligned,train,audio,400
2582,unaligned,train,audio,400
2583,unaligned,train,audio,400
2584,unaligned,train,audio,400
2585,unaligned,train,audio,400
2586,unaligned,train,audio,400
2587,unaligned,train,audio,400
2588,unaligned,train,audio,400
2589,unaligned,train,audio,400
2590,unaligned,train,audio,400
2591,unaligned,train,audio,400
2592,unaligned,train,audio,400
2593,unaligned,train,audio,400
2594,unaligned,train,audio,400
2595,unaligned,train,audio,400
2596,unaligned,train,audio,400
2597,unaligned,train,audio,400
2598,unaligned,train,audio,400
2599,unaligned,train,audio,400
2600,unaligned,train,audio,400
2601,unaligned,train,audio,400
2602,unaligned,train,audio,400
2603,unaligned,train,audio,400
2604,unaligned,train,audio,400
2605,unaligned,train,audio,400
2606,unaligned,train,audio,400
2607,unaligned,train,audio,400
2608,unaligned,train,audio,400
2609,unaligned,train,audio,400
2610,unaligned,train,audio,400
2611,unaligned,train,audio,400
2612,unaligned,train,audio,400
2613,unaligned,train,audio,400
2614,unaligned,train,audio,400
2615,unaligned,train,audio,400
2616,unaligned,train,audio,400
2617,unaligned,train,audio,400
2618,unaligned,train,audio,400
2619,unaligned,train,audio,400
2620,unaligned,train,audio,400
2621,unaligned,train,audio,400
2622,unaligned,train,audio,400
2623,unaligned,train,audio,400
2624,unaligned,train,audio,400
2625,unaligned,train,audio,400
2626,unaligned,train,audio,400
2627,unaligned,train,audio,400
2628,unaligned,train,audio,400
2629,unaligned,train,audio,400
2630,unaligned,train,audio,400
2631,unaligned,train,audio,400
2632,unaligned,train,audio,400
2633,unaligned,train,audio,400
2634,unaligned,train,audio,400
2635,unaligned,train,audio,400
2636,unaligned,train,audio,400
2637,unaligned,train,audio,400
2638,unaligned,train,audio,400
2639,unaligned,train,audio,400
2640,unaligned,train,audio,400
2641,unaligned,train,audio,400
2642,unaligned,train,audio,400
2643,unaligned,train,audio,400
2644,unaligned,train,audio,400
2645,unaligned,train,audio,400
2646,unaligned,train,audio,400
2647,unaligned,train,audio,400
2648,unaligned,train,audio,400
2649,unaligned,train,audio,400
2650,unaligned,train,audio,400
2651,unaligned,train,audio,400
2652,unaligned,train,audio,400
2653,unaligned,train,audio,400
2654,unaligned,train,audio,400
2655,unaligned,train,audio,400
2656,unaligned,train,audio,400
2657,unaligned,train,audio,400
2658,unaligned,train,audio,400
2659,unaligned,train,audio,400
2660,unaligned,train,audio,400
2661,unaligned,train,audio,400
2662,unaligned,train,audio,400
2663,unaligned,train,audio,400
2664,unaligned,train,audio,400
2665,unaligned,train,audio,400
2666,unaligned,train,audio,400
2667,unaligned,train,audio,400
2668,unaligned,train,audio,400
2669,unaligned,train,audio,400
2670,unaligned,train,audio,400
2671,unaligned,train,audio,400
2672,unaligned,train,audio,400
2673,unaligned,train,audio,400
2674,unaligned,train,audio,400
2675,unaligned,train,audio,400
2676,unaligned,train,audio,400
2677,unaligned,train,audio,400
2678,unaligned,train,audio,400
2679,unaligned,train,audio,400
2680,unaligned,train,audio,400
2681,unaligned,train,audio,400
2682,unaligned,train,audio,400
2683,unaligned,train,audio,400
2684,unaligned,train,audio,400
2685,unaligned,train,audio,400
2686,unaligned,train,audio,400
2687,unaligned,train,audio,400
2688,unaligned,train,audio,400
2689,unaligned,train,audio,400
2690,unaligned,train,audio,400
2691,unaligned,train,audio,400
2692,unaligned,train,audio,400
2693,unaligned,train,audio,400
2694,unaligned,train,audio,400
2695,unaligned,train,audio,400
2696,unaligned,train,audio,400
2697,unaligned,train,audio,400
2698,unaligned,train,audio,400
2699,unaligned,train,audio,400
2700,unaligned,train,audio,400
2701,unaligned,train,audio,400
2702,unaligned,train,audio,400
2703,unaligned,train,audio,400
2704,unaligned,train,audio,400
2705,unaligned,train,audio,400
2706,unaligned,train,audio,400
2707,unaligned,train,audio,400
2708,unaligned,train,audio,400
2709,unaligned,train,audio,400
2710,unaligned,train,audio,400
2711,unaligned,train,audio,400
2712,unaligned,train,audio,400
2713,unaligned,train,audio,400
2714,unaligned,train,audio,400
2715,unaligned,train,audio,400
2716,unaligned,train,audio,400
2717,unaligned,train,audio,400
2718,unaligned,train,audio,400
2719,unaligned,train,audio,400
2720,unaligned,train,audio,400
2721,unaligned,train,audio,400
2722,unaligned,train,audio,400
2723,unaligned,train,audio,400
2724,unaligned,train,audio,400
2725,unaligned,train,audio,400
2726,unaligned,train,audio,400
2727,unaligned,train,audio,400
2728,unaligned,train,audio,400
2729,unaligned,train,audio,400
2730,unaligned,train,audio,400
2731,unaligned,train,audio,400
2732,unaligned,train,audio,400
2733,unaligned,train,audio,400
2734,unaligned,train,audio,400
2735,unaligned,train,audio,400
2736,unaligned,train,visual,55
2737,unaligned,train,visual,55
2738,unaligned,train,visual,55
2739,unaligned,train,visual,55
2740,unaligned,train,visual,55
2741,unaligned,train,visual,55
2742,unaligned,train,visual,55
2743,unaligned,train,visual,55
2744,unaligned,train,visual,55
2745,unaligned,train,visual,55
2746,unaligned,train,visual,55
2747,unaligned,train,visual,55
2748,unaligned,train,visual,55
2749,unaligned,train,visual,55
2750,unaligned,train,visual,55
2751,unaligned,train,visual,55
2752,unaligned,train,visual,55
2753,unaligned,train,visual,55
2754,unaligned,train,visual,55
2755,unaligned,train,visual,55
2756,unaligned,train,visual,55
2757,unaligned,train,visual,55
2758,unaligned,train,visual,55
2759,unaligned,train,visual,55
2760,unaligned,train,visual,55
2761,unaligned,train,visual,55
2762,unaligned,train,visual,55
2763,unaligned,train,visual,55
2764,unaligned,train,visual,55
2765,unaligned,train,visual,55
2766,unaligned,train,visual,55
2767,unaligned,train,visual,55
2768,unaligned,train,visual,55
2769,unaligned,train,visual,55
2770,unaligned,train,visual,55
2771,unaligned,train,visual,55
2772,unaligned,train,visual,55
2773,unaligned,train,visual,55
2774,unaligned,train,visual,55
2775,unaligned,train,visual,55
2776,unaligned,train,visual,55
2777,unaligned,train,visual,55
2778,unaligned,train,visual,55
2779,unaligned,train,visual,55
2780,unaligned,train,visual,55
2781,unaligned,train,visual,55
2782,unaligned,train,visual,55
2783,unaligned,train,visual,55
2784,unaligned,train,visual,55
2785,unaligned,train,visual,55
2786,unaligned,train,visual,55
2787,unaligned,train,visual,55
2788,unaligned,train,visual,55
2789,unaligned,train,visual,55
2790,unaligned,train,visual,55
2791,unaligned,train,visual,55
2792,unaligned,train,visual,55
2793,unaligned,train,visual,55
2794,unaligned,train,visual,55
2795,unaligned,train,visual,55
2796,unaligned,train,visual,55
2797,unaligned,train,visual,55
2798,unaligned,train,visual,55
2799,unaligned,train,visual,55
2800,unaligned,train,visual,55
2801,unaligned,train,visual,55
2802,unaligned,train,visual,55
2803,unaligned,train,visual,55
2804,unaligned,train,visual,55
2805,unaligned,train,visual,55
2806,unaligned,train,visual,55
2807,unaligned,train,visual,55
2808,unaligned,train,visual,55
2809,unaligned,train,visual,55
2810,unaligned,train,visual,55
2811,unaligned,train,visual,55
2812,unaligned,train,visual,55
2813,unaligned,train,visual,55
2814,unaligned,train,visual,55
2815,unaligned,train,visual,55
2816,unaligned,train,visual,55
2817,unaligned,train,visual,55
2818,unaligned,train,visual,55
2819,unaligned,train,visual,55
2820,unaligned,train,visual,55
2821,unaligned,train,visual,55
2822,unaligned,train,visual,55
2823,unaligned,train,visual,55
2824,unaligned,train,visual,55
2825,unaligned,train,visual,55
2826,unaligned,train,visual,55
2827,unaligned,train,visual,55
2828,unaligned,train,visual,55
2829,unaligned,train,visual,55
2830,unaligned,train,visual,55
2831,unaligned,train,visual,55
2832,unaligned,train,visual,55
2833,unaligned,train,visual,55
2834,unaligned,train,visual,55
2835,unaligned,train,visual,55
2836,unaligned,train,visual,55
2837,unaligned,train,visual,55
2838,unaligned,train,visual,55
2839,unaligned,train,visual,55
2840,unaligned,train,visual,55
2841,unaligned,train,visual,55
2842,unaligned,train,visual,55
2843,unaligned,train,visual,55
2844,unaligned,train,visual,55
2845,unaligned,train,visual,55
2846,unaligned,train,visual,55
2847,unaligned,train,visual,55
2848,unaligned,train,visual,55
2849,unaligned,train,visual,55
2850,unaligned,train,visual,55
2851,unaligned,train,visual,55
2852,unaligned,train,visual,55
2853,unaligned,train,visual,55
2854,unaligned,train,visual,55
2855,unaligned,train,visual,55
2856,unaligned,train,visual,55
2857,unaligned,train,visual,55
2858,unaligned,train,visual,55
2859,unaligned,train,visual,55
2860,unaligned,train,visual,55
2861,unaligned,train,visual,55
2862,unaligned,train,visual,55
2863,unaligned,train,visual,55
2864,unaligned,train,visual,55
2865,unaligned,train,visual,55
2866,unaligned,train,visual,55
2867,unaligned,train,visual,55
2868,unaligned,train,visual,55
2869,unaligned,train,visual,55
2870,unaligned,train,visual,55
2871,unaligned,train,visual,55
2872,unaligned,train,visual,55
2873,unaligned,train,visual,55
2874,unaligned,train,visual,55
2875,unaligned,train,visual,55
2876,unaligned,train,visual,55
2877,unaligned,train,visual,55
2878,unaligned,train,visual,55
2879,unaligned,train,visual,55
2880,unaligned,train,visual,55
2881,unaligned,train,visual,55
2882,unaligned,train,visual,55
2883,unaligned,train,visual,55
2884,unaligned,train,visual,55
2885,unaligned,train,visual,55
2886,unaligned,train,visual,55
2887,unaligned,train,visual,55
2888,unaligned,train,visual,55
2889,unaligned,train,visual,55
2890,unaligned,train,visual,55
2891,unaligned,train,visual,55
2892,unaligned,train,visual,55
2893,unaligned,train,visual,55
2894,unaligned,train,visual,55
2895,unaligned,train,visual,55
2896,unaligned,train,visual,55
2897,unaligned,train,visual,55
2898,unaligned,train,visual,55
2899,unaligned,train,visual,55
2900,unaligned,train,visual,55
2901,unaligned,train,visual,55
2902,unaligned,train,visual,55
2903,unaligned,train,visual,55
2904,unaligned,train,visual,55
2905,unaligned,train,visual,55
2906,unaligned,train,visual,55
2907,unaligned,train,visual,55
2908,unaligned,train,visual,55
2909,unaligned,train,visual,55
2910,unaligned,train,visual,55
2911,unaligned,train,visual,55
2912,unaligned,train,visual,55
2913,unaligned,train,visual,55
2914,unaligned,train,visual,55
2915,unaligned,train,visual,55
2916,unaligned,train,visual,55
2917,unaligned,train,visual,55
2918,unaligned,train,visual,55
2919,unaligned,train,visual,55
2920,unaligned,train,visual,55
2921,unaligned,train,visual,55
2922,unaligned,train,visual,55
2923,unaligned,train,visual,55
2924,unaligned,train,visual,55
2925,unaligned,train,visual,55
2926,unaligned,train,visual,55
2927,unaligned,train,visual,55
2928,unaligned,train,visual,55
2929,unaligned,train,visual,55
2930,unaligned,train,visual,55
2931,unaligned,train,visual,55
2932,unaligned,train,visual,55
2933,unaligned,train,visual,55
2934,unaligned,train,visual,55
2935,unaligned,train,visual,55
2936,unaligned,train,visual,55
2937,unaligned,train,visual,55
2938,unaligned,train,visual,55
2939,unaligned,train,visual,55
2940,unaligned,train,visual,55
2941,unaligned,train,visual,55
2942,unaligned,train,visual,55
2943,unaligned,train,visual,55
2944,unaligned,train,visual,55
2945,unaligned,train,visual,55
2946,unaligned,train,visual,55
2947,unaligned,train,visual,55
2948,unaligned,train,visual,55
2949,unaligned,train,visual,55
2950,unaligned,train,visual,55
2951,unaligned,train,visual,55
2952,unaligned,train,visual,55
2953,unaligned,train,visual,55
2954,unaligned,train,visual,55
2955,unaligned,train,visual,55
2956,unaligned,train,visual,55
2957,unaligned,train,visual,55
2958,unaligned,train,visual,55
2959,unaligned,train,visual,55
2960,unaligned,train,visual,55
2961,unaligned,train,visual,55
2962,unaligned,train,visual,55
2963,unaligned,train,visual,55
2964,unaligned,train,visual,55
2965,unaligned,train,visual,55
2966,unaligned,train,visual,55
2967,unaligned,train,visual,55
2968,unaligned,train,visual,55
2969,unaligned,train,visual,55
2970,unaligned,train,visual,55
2971,unaligned,train,visual,55
2972,unaligned,train,visual,55
2973,unaligned,train,visual,55
2974,unaligned,train,visual,55
2975,unaligned,train,visual,55
2976,unaligned,train,visual,55
2977,unaligned,train,visual,55
2978,unaligned,train,visual,55
2979,unaligned,train,visual,55
2980,unaligned,train,visual,55
2981,unaligned,train,visual,55
2982,unaligned,train,visual,55
2983,unaligned,train,visual,55
2984,unaligned,train,visual,55
2985,unaligned,train,visual,55
2986,unaligned,train,visual,55
2987,unaligned,train,visual,55
2988,unaligned,train,visual,55
2989,unaligned,train,visual,55
2990,unaligned,train,visual,55
2991,unaligned,train,visual,55
2992,unaligned,train,visual,55
2993,unaligned,train,visual,55
2994,unaligned,train,visual,55
2995,unaligned,train,visual,55
2996,unaligned,train,visual,55
2997,unaligned,train,visual,55
2998,unaligned,train,visual,55
2999,unaligned,train,visual,55
3000,unaligned,train,visual,55
3001,unaligned,train,visual,55
3002,unaligned,train,visual,55
3003,unaligned,train,visual,55
3004,unaligned,train,visual,55
3005,unaligned,train,visual,55
3006,unaligned,train,visual,55
3007,unaligned,train,visual,55
3008,unaligned,train,visual,55
3009,unaligned,train,visual,55
3010,unaligned,train,visual,55
3011,unaligned,train,visual,55
3012,unaligned,train,visual,55
3013,unaligned,train,visual,55
3014,unaligned,train,visual,55
3015,unaligned,train,visual,55
3016,unaligned,train,visual,55
3017,unaligned,train,visual,55
3018,unaligned,train,visual,55
3019,unaligned,train,visual,55
3020,unaligned,train,visual,55
3021,unaligned,train,visual,55
3022,unaligned,train,visual,55
3023,unaligned,train,visual,55
3024,unaligned,train,visual,55
3025,unaligned,train,visual,55
3026,unaligned,train,visual,55
3027,unaligned,train,visual,55
3028,unaligned,train,visual,55
3029,unaligned,train,visual,55
3030,unaligned,train,visual,55
3031,unaligned,train,visual,55
3032,unaligned,train,visual,55
3033,unaligned,train,visual,55
3034,unaligned,train,visual,55
3035,unaligned,train,visual,55
3036,unaligned,train,visual,55
3037,unaligned,train,visual,55
3038,unaligned,train,visual,55
3039,unaligned,train,visual,55
3040,unaligned,train,visual,55
3041,unaligned,train,visual,55
3042,unaligned,train,visual,55
3043,unaligned,train,visual,55
3044,unaligned,train,visual,55
3045,unaligned,train,visual,55
3046,unaligned,train,visual,55
3047,unaligned,train,visual,55
3048,unaligned,train,visual,55
3049,unaligned,train,visual,55
3050,unaligned,train,visual,55
3051,unaligned,train,visual,55
3052,unaligned,train,visual,55
3053,unaligned,train,visual,55
3054,unaligned,train,visual,55
3055,unaligned,train,visual,55
3056,unaligned,train,visual,55
3057,unaligned,train,visual,55
3058,unaligned,train,visual,55
3059,unaligned,train,visual,55
3060,unaligned,train,visual,55
3061,unaligned,train,visual,55
3062,unaligned,train,visual,55
3063,unaligned,train,visual,55
3064,unaligned,train,visual,55
3065,unaligned,train,visual,55
3066,unaligned,train,visual,55
3067,unaligned,train,visual,55
3068,unaligned,train,visual,55
3069,unaligned,train,visual,55
3070,unaligned,train,visual,55
3071,unaligned,train,visual,55
3072,unaligned,train,visual,55
3073,unaligned,train,visual,55
3074,unaligned,train,visual,55
3075,unaligned,train,visual,55
3076,unaligned,train,visual,55
3077,unaligned,train,visual,55
3078,unaligned,train,visual,55
3079,unaligned,train,visual,55
3080,unaligned,train,visual,55
3081,unaligned,train,visual,55
3082,unaligned,train,visual,55
3083,unaligned,train,visual,55
3084,unaligned,train,visual,55
3085,unaligned,train,visual,55
3086,unaligned,train,visual,55
3087,unaligned,train,visual,55
3088,unaligned,train,visual,55
3089,unaligned,train,visual,55
3090,unaligned,train,visual,55
3091,unaligned,train,visual,55
3092,unaligned,train,visual,55
3093,unaligned,train,visual,55
3094,unaligned,train,visual,55
3095,unaligned,train,visual,55
3096,unaligned,train,visual,55
3097,unaligned,train,visual,55
3098,unaligned,train,visual,55
3099,unaligned,train,visual,55
3100,unaligned,train,visual,55
3101,unaligned,train,visual,55
3102,unaligned,train,visual,55
3103,unaligned,train,visual,55
3104,unaligned,train,visual,55
3105,unaligned,train,visual,55
3106,unaligned,train,visual,55
3107,unaligned,train,visual,55
3108,unaligned,train,visual,55
3109,unaligned,train,visual,55
3110,unaligned,train,visual,55
3111,unaligned,train,visual,55
3112,unaligned,train,visual,55
3113,unaligned,train,visual,55
3114,unaligned,train,visual,55
3115,unaligned,train,visual,55
3116,unaligned,train,visual,55
3117,unaligned,train,visual,55
3118,unaligned,train,visual,55
3119,unaligned,train,visual,55
3120,unaligned,train,visual,55
3121,unaligned,train,visual,55
3122,unaligned,train,visual,55
3123,unaligned,train,visual,55
3124,unaligned,train,visual,55
3125,unaligned,train,visual,55
3126,unaligned,train,visual,55
3127,unaligned,train,visual,55
3128,unaligned,train,visual,55
3129,unaligned,train,visual,55
3130,unaligned,train,visual,55
3131,unaligned,train,visual,55
3132,unaligned,train,visual,55
3133,unaligned,train,visual,55
3134,unaligned,train,visual,55
3135,unaligned,train,visual,55
3136,unaligned,train,visual,55
3137,unaligned,train,visual,55
3138,unaligned,train,visual,55
3139,unaligned,train,visual,55
3140,unaligned,train,visual,55
3141,unaligned,train,visual,55
3142,unaligned,train,visual,55
3143,unaligned,train,visual,55
3144,unaligned,train,visual,55
3145,unaligned,train,visual,55
3146,unaligned,train,visual,55
3147,unaligned,train,visual,55
3148,unaligned,train,visual,55
3149,unaligned,train,visual,55
3150,unaligned,train,visual,55
3151,unaligned,train,visual,55
3152,unaligned,train,visual,55
3153,unaligned,train,visual,55
3154,unaligned,train,visual,55
3155,unaligned,train,visual,55
3156,unaligned,train,visual,55
3157,unaligned,train,visual,55
3158,unaligned,train,visual,55
3159,unaligned,train,visual,55
3160,unaligned,train,visual,55
3161,unaligned,train,visual,55
3162,unaligned,train,visual,55
3163,unaligned,train,visual,55
3164,unaligned,train,visual,55
3165,unaligned,train,visual,55
3166,unaligned,train,visual,55
3167,unaligned,train,visual,55
3168,unaligned,train,visual,55
3169,unaligned,train,visual,55
3170,unaligned,train,visual,55
3171,unaligned,train,visual,55
3172,unaligned,train,visual,55
3173,unaligned,train,visual,55
3174,unaligned,train,visual,55
3175,unaligned,train,visual,55
3176,unaligned,train,visual,55
3177,unaligned,train,visual,55
3178,unaligned,train,visual,55
3179,unaligned,train,visual,55
3180,unaligned,train,visual,55
3181,unaligned,train,visual,55
3182,unaligned,train,visual,55
3183,unaligned,train,visual,55
3184,unaligned,train,visual,55
3185,unaligned,train,visual,55
3186,unaligned,train,visual,55
3187,unaligned,train,visual,55
3188,unaligned,train,visual,55
3189,unaligned,train,visual,55
3190,unaligned,train,visual,55
3191,unaligned,train,visual,55
3192,unaligned,train,visual,55
3193,unaligned,train,visual,55
3194,unaligned,train,visual,55
3195,unaligned,train,visual,55
3196,unaligned,train,visual,55
3197,unaligned,train,visual,55
3198,unaligned,train,visual,55
3199,unaligned,train,visual,55
3200,unaligned,train,visual,55
3201,unaligned,train,visual,55
3202,unaligned,train,visual,55
3203,unaligned,train,visual,55
3204,unaligned,train,visual,55
3205,unaligned,train,visual,55
3206,unaligned,train,visual,55
3207,unaligned,train,visual,55
3208,unaligned,train,visual,55
3209,unaligned,train,visual,55
3210,unaligned,train,visual,55
3211,unaligned,train,visual,55
3212,unaligned,train,visual,55
3213,unaligned,train,visual,55
3214,unaligned,train,visual,55
3215,unaligned,train,visual,55
3216,unaligned,train,visual,55
3217,unaligned,train,visual,55
3218,unaligned,train,visual,55
3219,unaligned,train,visual,55
3220,unaligned,train,visual,55
3221,unaligned,train,visual,55
3222,unaligned,train,visual,55
3223,unaligned,train,visual,55
3224,unaligned,train,visual,55
3225,unaligned,train,visual,55
3226,unaligned,train,visual,55
3227,unaligned,train,visual,55
3228,unaligned,train,visual,55
3229,unaligned,train,visual,55
3230,unaligned,train,visual,55
3231,unaligned,train,visual,55
3232,unaligned,train,visual,55
3233,unaligned,train,visual,55
3234,unaligned,train,visual,55
3235,unaligned,train,visual,55
3236,unaligned,train,visual,55
3237,unaligned,train,visual,55
3238,unaligned,train,visual,55
3239,unaligned,train,visual,55
3240,unaligned,train,visual,55
3241,unaligned,train,visual,55
3242,unaligned,train,visual,55
3243,unaligned,train,visual,55
3244,unaligned,train,visual,55
3245,unaligned,train,visual,55
3246,unaligned,train,visual,55
3247,unaligned,train,visual,55
3248,unaligned,train,visual,55
3249,unaligned,train,visual,55
3250,unaligned,train,visual,55
3251,unaligned,train,visual,55
3252,unaligned,train,visual,55
3253,unaligned,train,visual,55
3254,unaligned,train,visual,55
3255,unaligned,train,visual,55
3256,unaligned,train,visual,55
3257,unaligned,train,visual,55
3258,unaligned,train,visual,55
3259,unaligned,train,visual,55
3260,unaligned,train,visual,55
3261,unaligned,train,visual,55
3262,unaligned,train,visual,55
3263,unaligned,train,visual,55
3264,unaligned,train,visual,55
3265,unaligned,train,visual,55
3266,unaligned,train,visual,55
3267,unaligned,train,visual,55
3268,unaligned,train,visual,55
3269,unaligned,train,visual,55
3270,unaligned,train,visual,55
3271,unaligned,train,visual,55
3272,unaligned,train,visual,55
3273,unaligned,train,visual,55
3274,unaligned,train,visual,55
3275,unaligned,train,visual,55
3276,unaligned,train,visual,55
3277,unaligned,train,visual,55
3278,unaligned,train,visual,55
3279,unaligned,train,visual,55
3280,unaligned,train,visual,55
3281,unaligned,train,visual,55
3282,unaligned,train,visual,55
3283,unaligned,train,visual,55
3284,unaligned,train,visual,55
3285,unaligned,train,visual,55
3286,unaligned,train,visual,55
3287,unaligned,train,visual,55
3288,unaligned,train,visual,55
3289,unaligned,train,visual,55
3290,unaligned,train,visual,55
3291,unaligned,train,visual,55
3292,unaligned,train,visual,55
3293,unaligned,train,visual,55
3294,unaligned,train,visual,55
3295,unaligned,train,visual,55
3296,unaligned,train,visual,55
3297,unaligned,train,visual,55
3298,unaligned,train,visual,55
3299,unaligned,train,visual,55
3300,unaligned,train,visual,55
3301,unaligned,train,visual,55
3302,unaligned,train,visual,55
3303,unaligned,train,visual,55
3304,unaligned,train,visual,55
3305,unaligned,train,visual,55
3306,unaligned,train,visual,55
3307,unaligned,train,visual,55
3308,unaligned,train,visual,55
3309,unaligned,train,visual,55
3310,unaligned,train,visual,55
3311,unaligned,train,visual,55
3312,unaligned,train,visual,55
3313,unaligned,train,visual,55
3314,unaligned,train,visual,55
3315,unaligned,train,visual,55
3316,unaligned,train,visual,55
3317,unaligned,train,visual,55
3318,unaligned,train,visual,55
3319,unaligned,train,visual,55
3320,unaligned,train,visual,55
3321,unaligned,train,visual,55
3322,unaligned,train,visual,55
3323,unaligned,train,visual,55
3324,unaligned,train,visual,55
3325,unaligned,train,visual,55
3326,unaligned,train,visual,55
3327,unaligned,train,visual,55
3328,unaligned,train,visual,55
3329,unaligned,train,visual,55
3330,unaligned,train,visual,55
3331,unaligned,train,visual,55
3332,unaligned,train,visual,55
3333,unaligned,train,visual,55
3334,unaligned,train,visual,55
3335,unaligned,train,visual,55
3336,unaligned,train,visual,55
3337,unaligned,train,visual,55
3338,unaligned,train,visual,55
3339,unaligned,train,visual,55
3340,unaligned,train,visual,55
3341,unaligned,train,visual,55
3342,unaligned,train,visual,55
3343,unaligned,train,visual,55
3344,unaligned,train,visual,55
3345,unaligned,train,visual,55
3346,unaligned,train,visual,55
3347,unaligned,train,visual,55
3348,unaligned,train,visual,55
3349,unaligned,train,visual,55
3350,unaligned,train,visual,55
3351,unaligned,train,visual,55
3352,unaligned,train,visual,55
3353,unaligned,train,visual,55
3354,unaligned,train,visual,55
3355,unaligned,train,visual,55
3356,unaligned,train,visual,55
3357,unaligned,train,visual,55
3358,unaligned,train,visual,55
3359,unaligned,train,visual,55
3360,unaligned,train,visual,55
3361,unaligned,train,visual,55
3362,unaligned,train,visual,55
3363,unaligned,train,visual,55
3364,unaligned,train,visual,55
3365,unaligned,train,visual,55
3366,unaligned,train,visual,55
3367,unaligned,train,visual,55
3368,unaligned,train,visual,55
3369,unaligned,train,visual,55
3370,unaligned,train,visual,55
3371,unaligned,train,visual,55
3372,unaligned,train,visual,55
3373,unaligned,train,visual,55
3374,unaligned,train,visual,55
3375,unaligned,train,visual,55
3376,unaligned,train,visual,55
3377,unaligned,train,visual,55
3378,unaligned,train,visual,55
3379,unaligned,train,visual,55
3380,unaligned,train,visual,55
3381,unaligned,train,visual,55
3382,unaligned,train,visual,55
3383,unaligned,train,visual,55
3384,unaligned,train,visual,55
3385,unaligned,train,visual,55
3386,unaligned,train,visual,55
3387,unaligned,train,visual,55
3388,unaligned,train,visual,55
3389,unaligned,train,visual,55
3390,unaligned,train,visual,55
3391,unaligned,train,visual,55
3392,unaligned,train,visual,55
3393,unaligned,train,visual,55
3394,unaligned,train,visual,55
3395,unaligned,train,visual,55
3396,unaligned,train,visual,55
3397,unaligned,train,visual,55
3398,unaligned,train,visual,55
3399,unaligned,train,visual,55
3400,unaligned,train,visual,55
3401,unaligned,train,visual,55
3402,unaligned,train,visual,55
3403,unaligned,train,visual,55
3404,unaligned,train,visual,55
3405,unaligned,train,visual,55
3406,unaligned,train,visual,55
3407,unaligned,train,visual,55
3408,unaligned,train,visual,55
3409,unaligned,train,visual,55
3410,unaligned,train,visual,55
3411,unaligned,train,visual,55
3412,unaligned,train,visual,55
3413,unaligned,train,visual,55
3414,unaligned,train,visual,55
3415,unaligned,train,visual,55
3416,unaligned,train,visual,55
3417,unaligned,train,visual,55
3418,unaligned,train,visual,55
3419,unaligned,train,visual,55
3420,unaligned,train,visual,55
3421,unaligned,train,visual,55
3422,unaligned,train,visual,55
3423,unaligned,train,visual,55
3424,unaligned,train,visual,55
3425,unaligned,train,visual,55
3426,unaligned,train,visual,55
3427,unaligned,train,visual,55
3428,unaligned,train,visual,55
3429,unaligned,train,visual,55
3430,unaligned,train,visual,55
3431,unaligned,train,visual,55
3432,unaligned,train,visual,55
3433,unaligned,train,visual,55
3434,unaligned,train,visual,55
3435,unaligned,train,visual,55
3436,unaligned,train,visual,55
3437,unaligned,train,visual,55
3438,unaligned,train,visual,55
3439,unaligned,train,visual,55
3440,unaligned,train,visual,55
3441,unaligned,train,visual,55
3442,unaligned,train,visual,55
3443,unaligned,train,visual,55
3444,unaligned,train,visual,55
3445,unaligned,train,visual,55
3446,unaligned,train,visual,55
3447,unaligned,train,visual,55
3448,unaligned,train,visual,55
3449,unaligned,train,visual,55
3450,unaligned,train,visual,55
3451,unaligned,train,visual,55
3452,unaligned,train,visual,55
3453,unaligned,train,visual,55
3454,unaligned,train,visual,55
3455,unaligned,train,visual,55
3456,unaligned,train,visual,55
3457,unaligned,train,visual,55
3458,unaligned,train,visual,55
3459,unaligned,train,visual,55
3460,unaligned,train,visual,55
3461,unaligned,train,visual,55
3462,unaligned,train,visual,55
3463,unaligned,train,visual,55
3464,unaligned,train,visual,55
3465,unaligned,train,visual,55
3466,unaligned,train,visual,55
3467,unaligned,train,visual,55
3468,unaligned,train,visual,55
3469,unaligned,train,visual,55
3470,unaligned,train,visual,55
3471,unaligned,train,visual,55
3472,unaligned,train,visual,55
3473,unaligned,train,visual,55
3474,unaligned,train,visual,55
3475,unaligned,train,visual,55
3476,unaligned,train,visual,55
3477,unaligned,train,visual,55
3478,unaligned,train,visual,55
3479,unaligned,train,visual,55
3480,unaligned,train,visual,55
3481,unaligned,train,visual,55
3482,unaligned,train,visual,55
3483,unaligned,train,visual,55
3484,unaligned,train,visual,55
3485,unaligned,train,visual,55
3486,unaligned,train,visual,55
3487,unaligned,train,visual,55
3488,unaligned,train,visual,55
3489,unaligned,train,visual,55
3490,unaligned,train,visual,55
3491,unaligned,train,visual,55
3492,unaligned,train,visual,55
3493,unaligned,train,visual,55
3494,unaligned,train,visual,55
3495,unaligned,train,visual,55
3496,unaligned,train,visual,55
3497,unaligned,train,visual,55
3498,unaligned,train,visual,55
3499,unaligned,train,visual,55
3500,unaligned,train,visual,55
3501,unaligned,train,visual,55
3502,unaligned,train,visual,55
3503,unaligned,train,visual,55
3504,unaligned,train,visual,55
3505,unaligned,train,visual,55
3506,unaligned,train,visual,55
3507,unaligned,train,visual,55
3508,unaligned,train,visual,55
3509,unaligned,train,visual,55
3510,unaligned,train,visual,55
3511,unaligned,train,visual,55
3512,unaligned,train,visual,55
3513,unaligned,train,visual,55
3514,unaligned,train,visual,55
3515,unaligned,train,visual,55
3516,unaligned,train,visual,55
3517,unaligned,train,visual,55
3518,unaligned,train,visual,55
3519,unaligned,train,visual,55
3520,unaligned,train,visual,55
3521,unaligned,train,visual,55
3522,unaligned,train,visual,55
3523,unaligned,train,visual,55
3524,unaligned,train,visual,55
3525,unaligned,train,visual,55
3526,unaligned,train,visual,55
3527,unaligned,train,visual,55
3528,unaligned,train,visual,55
3529,unaligned,train,visual,55
3530,unaligned,train,visual,55
3531,unaligned,train,visual,55
3532,unaligned,train,visual,55
3533,unaligned,train,visual,55
3534,unaligned,train,visual,55
3535,unaligned,train,visual,55
3536,unaligned,train,visual,55
3537,unaligned,train,visual,55
3538,unaligned,train,visual,55
3539,unaligned,train,visual,55
3540,unaligned,train,visual,55
3541,unaligned,train,visual,55
3542,unaligned,train,visual,55
3543,unaligned,train,visual,55
3544,unaligned,train,visual,55
3545,unaligned,train,visual,55
3546,unaligned,train,visual,55
3547,unaligned,train,visual,55
3548,unaligned,train,visual,55
3549,unaligned,train,visual,55
3550,unaligned,train,visual,55
3551,unaligned,train,visual,55
3552,unaligned,train,visual,55
3553,unaligned,train,visual,55
3554,unaligned,train,visual,55
3555,unaligned,train,visual,55
3556,unaligned,train,visual,55
3557,unaligned,train,visual,55
3558,unaligned,train,visual,55
3559,unaligned,train,visual,55
3560,unaligned,train,visual,55
3561,unaligned,train,visual,55
3562,unaligned,train,visual,55
3563,unaligned,train,visual,55
3564,unaligned,train,visual,55
3565,unaligned,train,visual,55
3566,unaligned,train,visual,55
3567,unaligned,train,visual,55
3568,unaligned,train,visual,55
3569,unaligned,train,visual,55
3570,unaligned,train,visual,55
3571,unaligned,train,visual,55
3572,unaligned,train,visual,55
3573,unaligned,train,visual,55
3574,unaligned,train,visual,55
3575,unaligned,train,visual,55
3576,unaligned,train,visual,55
3577,unaligned,train,visual,55
3578,unaligned,train,visual,55
3579,unaligned,train,visual,55
3580,unaligned,train,visual,55
3581,unaligned,train,visual,55
3582,unaligned,train,visual,55
3583,unaligned,train,visual,55
3584,unaligned,train,visual,55
3585,unaligned,train,visual,55
3586,unaligned,train,visual,55
3587,unaligned,train,visual,55
3588,unaligned,train,visual,55
3589,unaligned,train,visual,55
3590,unaligned,train,visual,55
3591,unaligned,train,visual,55
3592,unaligned,train,visual,55
3593,unaligned,train,visual,55
3594,unaligned,train,visual,55
3595,unaligned,train,visual,55
3596,unaligned,train,visual,55
3597,unaligned,train,visual,55
3598,unaligned,train,visual,55
3599,unaligned,train,visual,55
3600,unaligned,train,visual,55
3601,unaligned,train,visual,55
3602,unaligned,train,visual,55
3603,unaligned,train,visual,55
3604,unaligned,train,visual,55
3605,unaligned,train,visual,55
3606,unaligned,train,visual,55
3607,unaligned,train,visual,55
3608,unaligned,train,visual,55
3609,unaligned,train,visual,55
3610,unaligned,train,visual,55
3611,unaligned,train,visual,55
3612,unaligned,train,visual,55
3613,unaligned,train,visual,55
3614,unaligned,train,visual,55
3615,unaligned,train,visual,55
3616,unaligned,train,visual,55
3617,unaligned,train,visual,55
3618,unaligned,train,visual,55
3619,unaligned,train,visual,55
3620,unaligned,train,visual,55
3621,unaligned,train,visual,55
3622,unaligned,train,visual,55
3623,unaligned,train,visual,55
3624,unaligned,train,visual,55
3625,unaligned,train,visual,55
3626,unaligned,train,visual,55
3627,unaligned,train,visual,55
3628,unaligned,train,visual,55
3629,unaligned,train,visual,55
3630,unaligned,train,visual,55
3631,unaligned,train,visual,55
3632,unaligned,train,visual,55
3633,unaligned,train,visual,55
3634,unaligned,train,visual,55
3635,unaligned,train,visual,55
3636,unaligned,train,visual,55
3637,unaligned,train,visual,55
3638,unaligned,train,visual,55
3639,unaligned,train,visual,55
3640,unaligned,train,visual,55
3641,unaligned,train,visual,55
3642,unaligned,train,visual,55
3643,unaligned,train,visual,55
3644,unaligned,train,visual,55
3645,unaligned,train,visual,55
3646,unaligned,train,visual,55
3647,unaligned,train,visual,55
3648,unaligned,train,visual,55
3649,unaligned,train,visual,55
3650,unaligned,train,visual,55
3651,unaligned,train,visual,55
3652,unaligned,train,visual,55
3653,unaligned,train,visual,55
3654,unaligned,train,visual,55
3655,unaligned,train,visual,55
3656,unaligned,train,visual,55
3657,unaligned,train,visual,55
3658,unaligned,train,visual,55
3659,unaligned,train,visual,55
3660,unaligned,train,visual,55
3661,unaligned,train,visual,55
3662,unaligned,train,visual,55
3663,unaligned,train,visual,55
3664,unaligned,train,visual,55
3665,unaligned,train,visual,55
3666,unaligned,train,visual,55
3667,unaligned,train,visual,55
3668,unaligned,train,visual,55
3669,unaligned,train,visual,55
3670,unaligned,train,visual,55
3671,unaligned,train,visual,55
3672,unaligned,train,visual,55
3673,unaligned,train,visual,55
3674,unaligned,train,visual,55
3675,unaligned,train,visual,55
3676,unaligned,train,visual,55
3677,unaligned,train,visual,55
3678,unaligned,train,visual,55
3679,unaligned,train,visual,55
3680,unaligned,train,visual,55
3681,unaligned,train,visual,55
3682,unaligned,train,visual,55
3683,unaligned,train,visual,55
3684,unaligned,train,visual,55
3685,unaligned,train,visual,55
3686,unaligned,train,visual,55
3687,unaligned,train,visual,55
3688,unaligned,train,visual,55
3689,unaligned,train,visual,55
3690,unaligned,train,visual,55
3691,unaligned,train,visual,55
3692,unaligned,train,visual,55
3693,unaligned,train,visual,55
3694,unaligned,train,visual,55
3695,unaligned,train,visual,55
3696,unaligned,train,visual,55
3697,unaligned,train,visual,55
3698,unaligned,train,visual,55
3699,unaligned,train,visual,55
3700,unaligned,train,visual,55
3701,unaligned,train,visual,55
3702,unaligned,train,visual,55
3703,unaligned,train,visual,55
3704,unaligned,train,visual,55
3705,unaligned,train,visual,55
3706,unaligned,train,visual,55
3707,unaligned,train,visual,55
3708,unaligned,train,visual,55
3709,unaligned,train,visual,55
3710,unaligned,train,visual,55
3711,unaligned,train,visual,55
3712,unaligned,train,visual,55
3713,unaligned,train,visual,55
3714,unaligned,train,visual,55
3715,unaligned,train,visual,55
3716,unaligned,train,visual,55
3717,unaligned,train,visual,55
3718,unaligned,train,visual,55
3719,unaligned,train,visual,55
3720,unaligned,train,visual,55
3721,unaligned,train,visual,55
3722,unaligned,train,visual,55
3723,unaligned,train,visual,55
3724,unaligned,train,visual,55
3725,unaligned,train,visual,55
3726,unaligned,train,visual,55
3727,unaligned,train,visual,55
3728,unaligned,train,visual,55
3729,unaligned,train,visual,55
3730,unaligned,train,visual,55
3731,unaligned,train,visual,55
3732,unaligned,train,visual,55
3733,unaligned,train,visual,55
3734,unaligned,train,visual,55
3735,unaligned,train,visual,55
3736,unaligned,train,visual,55
3737,unaligned,train,visual,55
3738,unaligned,train,visual,55
3739,unaligned,train,visual,55
3740,unaligned,train,visual,55
3741,unaligned,train,visual,55
3742,unaligned,train,visual,55
3743,unaligned,train,visual,55
3744,unaligned,train,visual,55
3745,unaligned,train,visual,55
3746,unaligned,train,visual,55
3747,unaligned,train,visual,55
3748,unaligned,train,visual,55
3749,unaligned,train,visual,55
3750,unaligned,train,visual,55
3751,unaligned,train,visual,55
3752,unaligned,train,visual,55
3753,unaligned,train,visual,55
3754,unaligned,train,visual,55
3755,unaligned,train,visual,55
3756,unaligned,train,visual,55
3757,unaligned,train,visual,55
3758,unaligned,train,visual,55
3759,unaligned,train,visual,55
3760,unaligned,train,visual,55
3761,unaligned,train,visual,55
3762,unaligned,train,visual,55
3763,unaligned,train,visual,55
3764,unaligned,train,visual,55
3765,unaligned,train,visual,55
3766,unaligned,train,visual,55
3767,unaligned,train,visual,55
3768,unaligned,train,visual,55
3769,unaligned,train,visual,55
3770,unaligned,train,visual,55
3771,unaligned,train,visual,55
3772,unaligned,train,visual,55
3773,unaligned,train,visual,55
3774,unaligned,train,visual,55
3775,unaligned,train,visual,55
3776,unaligned,train,visual,55
3777,unaligned,train,visual,55
3778,unaligned,train,visual,55
3779,unaligned,train,visual,55
3780,unaligned,train,visual,55
3781,unaligned,train,visual,55
3782,unaligned,train,visual,55
3783,unaligned,train,visual,55
3784,unaligned,train,visual,55
3785,unaligned,train,visual,55
3786,unaligned,train,visual,55
3787,unaligned,train,visual,55
3788,unaligned,train,visual,55
3789,unaligned,train,visual,55
3790,unaligned,train,visual,55
3791,unaligned,train,visual,55
3792,unaligned,train,visual,55
3793,unaligned,train,visual,55
3794,unaligned,train,visual,55
3795,unaligned,train,visual,55
3796,unaligned,train,visual,55
3797,unaligned,train,visual,55
3798,unaligned,train,visual,55
3799,unaligned,train,visual,55
3800,unaligned,train,visual,55
3801,unaligned,train,visual,55
3802,unaligned,train,visual,55
3803,unaligned,train,visual,55
3804,unaligned,train,visual,55
3805,unaligned,train,visual,55
3806,unaligned,train,visual,55
3807,unaligned,train,visual,55
3808,unaligned,train,visual,55
3809,unaligned,train,visual,55
3810,unaligned,train,visual,55
3811,unaligned,train,visual,55
3812,unaligned,train,visual,55
3813,unaligned,train,visual,55
3814,unaligned,train,visual,55
3815,unaligned,train,visual,55
3816,unaligned,train,visual,55
3817,unaligned,train,visual,55
3818,unaligned,train,visual,55
3819,unaligned,train,visual,55
3820,unaligned,train,visual,55
3821,unaligned,train,visual,55
3822,unaligned,train,visual,55
3823,unaligned,train,visual,55
3824,unaligned,train,visual,55
3825,unaligned,train,visual,55
3826,unaligned,train,visual,55
3827,unaligned,train,visual,55
3828,unaligned,train,visual,55
3829,unaligned,train,visual,55
3830,unaligned,train,visual,55
3831,unaligned,train,visual,55
3832,unaligned,train,visual,55
3833,unaligned,train,visual,55
3834,unaligned,train,visual,55
3835,unaligned,train,visual,55
3836,unaligned,train,visual,55
3837,unaligned,train,visual,55
3838,unaligned,train,visual,55
3839,unaligned,train,visual,55
3840,unaligned,train,visual,55
3841,unaligned,train,visual,55
3842,unaligned,train,visual,55
3843,unaligned,train,visual,55
3844,unaligned,train,visual,55
3845,unaligned,train,visual,55
3846,unaligned,train,visual,55
3847,unaligned,train,visual,55
3848,unaligned,train,visual,55
3849,unaligned,train,visual,55
3850,unaligned,train,visual,55
3851,unaligned,train,visual,55
3852,unaligned,train,visual,55
3853,unaligned,train,visual,55
3854,unaligned,train,visual,55
3855,unaligned,train,visual,55
3856,unaligned,train,visual,55
3857,unaligned,train,visual,55
3858,unaligned,train,visual,55
3859,unaligned,train,visual,55
3860,unaligned,train,visual,55
3861,unaligned,train,visual,55
3862,unaligned,train,visual,55
3863,unaligned,train,visual,55
3864,unaligned,train,visual,55
3865,unaligned,train,visual,55
3866,unaligned,train,visual,55
3867,unaligned,train,visual,55
3868,unaligned,train,visual,55
3869,unaligned,train,visual,55
3870,unaligned,train,visual,55
3871,unaligned,train,visual,55
3872,unaligned,train,visual,55
3873,unaligned,train,visual,55
3874,unaligned,train,visual,55
3875,unaligned,train,visual,55
3876,unaligned,train,visual,55
3877,unaligned,train,visual,55
3878,unaligned,train,visual,55
3879,unaligned,train,visual,55
3880,unaligned,train,visual,55
3881,unaligned,train,visual,55
3882,unaligned,train,visual,55
3883,unaligned,train,visual,55
3884,unaligned,train,visual,55
3885,unaligned,train,visual,55
3886,unaligned,train,visual,55
3887,unaligned,train,visual,55
3888,unaligned,train,visual,55
3889,unaligned,train,visual,55
3890,unaligned,train,visual,55
3891,unaligned,train,visual,55
3892,unaligned,train,visual,55
3893,unaligned,train,visual,55
3894,unaligned,train,visual,55
3895,unaligned,train,visual,55
3896,unaligned,train,visual,55
3897,unaligned,train,visual,55
3898,unaligned,train,visual,55
3899,unaligned,train,visual,55
3900,unaligned,train,visual,55
3901,unaligned,train,visual,55
3902,unaligned,train,visual,55
3903,unaligned,train,visual,55
3904,unaligned,train,visual,55
3905,unaligned,train,visual,55
3906,unaligned,train,visual,55
3907,unaligned,train,visual,55
3908,unaligned,train,visual,55
3909,unaligned,train,visual,55
3910,unaligned,train,visual,55
3911,unaligned,train,visual,55
3912,unaligned,train,visual,55
3913,unaligned,train,visual,55
3914,unaligned,train,visual,55
3915,unaligned,train,visual,55
3916,unaligned,train,visual,55
3917,unaligned,train,visual,55
3918,unaligned,train,visual,55
3919,unaligned,train,visual,55
3920,unaligned,train,visual,55
3921,unaligned,train,visual,55
3922,unaligned,train,visual,55
3923,unaligned,train,visual,55
3924,unaligned,train,visual,55
3925,unaligned,train,visual,55
3926,unaligned,train,visual,55
3927,unaligned,train,visual,55
3928,unaligned,train,visual,55
3929,unaligned,train,visual,55
3930,unaligned,train,visual,55
3931,unaligned,train,visual,55
3932,unaligned,train,visual,55
3933,unaligned,train,visual,55
3934,unaligned,train,visual,55
3935,unaligned,train,visual,55
3936,unaligned,train,visual,55
3937,unaligned,train,visual,55
3938,unaligned,train,visual,55
3939,unaligned,train,visual,55
3940,unaligned,train,visual,55
3941,unaligned,train,visual,55
3942,unaligned,train,visual,55
3943,unaligned,train,visual,55
3944,unaligned,train,visual,55
3945,unaligned,train,visual,55
3946,unaligned,train,visual,55
3947,unaligned,train,visual,55
3948,unaligned,train,visual,55
3949,unaligned,train,visual,55
3950,unaligned,train,visual,55
3951,unaligned,train,visual,55
3952,unaligned,train,visual,55
3953,unaligned,train,visual,55
3954,unaligned,train,visual,55
3955,unaligned,train,visual,55
3956,unaligned,train,visual,55
3957,unaligned,train,visual,55
3958,unaligned,train,visual,55
3959,unaligned,train,visual,55
3960,unaligned,train,visual,55
3961,unaligned,train,visual,55
3962,unaligned,train,visual,55
3963,unaligned,train,visual,55
3964,unaligned,train,visual,55
3965,unaligned,train,visual,55
3966,unaligned,train,visual,55
3967,unaligned,train,visual,55
3968,unaligned,train,visual,55
3969,unaligned,train,visual,55
3970,unaligned,train,visual,55
3971,unaligned,train,visual,55
3972,unaligned,train,visual,55
3973,unaligned,train,visual,55
3974,unaligned,train,visual,55
3975,unaligned,train,visual,55
3976,unaligned,train,visual,55
3977,unaligned,train,visual,55
3978,unaligned,train,visual,55
3979,unaligned,train,visual,55
3980,unaligned,train,visual,55
3981,unaligned,train,visual,55
3982,unaligned,train,visual,55
3983,unaligned,train,visual,55
3984,unaligned,train,visual,55
3985,unaligned,train,visual,55
3986,unaligned,train,visual,55
3987,unaligned,train,visual,55
3988,unaligned,train,visual,55
3989,unaligned,train,visual,55
3990,unaligned,train,visual,55
3991,unaligned,train,visual,55
3992,unaligned,train,visual,55
3993,unaligned,train,visual,55
3994,unaligned,train,visual,55
3995,unaligned,train,visual,55
3996,unaligned,train,visual,55
3997,unaligned,train,visual,55
3998,unaligned,train,visual,55
3999,unaligned,train,visual,55
4000,unaligned,train,visual,55
4001,unaligned,train,visual,55
4002,unaligned,train,visual,55
4003,unaligned,train,visual,55
4004,unaligned,train,visual,55
4005,unaligned,train,visual,55
4006,unaligned,train,visual,55
4007,unaligned,train,visual,55
4008,unaligned,train,visual,55
4009,unaligned,train,visual,55
4010,unaligned,train,visual,55
4011,unaligned,train,visual,55
4012,unaligned,train,visual,55
4013,unaligned,train,visual,55
4014,unaligned,train,visual,55
4015,unaligned,train,visual,55
4016,unaligned,train,visual,55
4017,unaligned,train,visual,55
4018,unaligned,train,visual,55
4019,unaligned,train,visual,55
4020,unaligned,train,visual,55
4021,unaligned,train,visual,55
4022,unaligned,train,visual,55
4023,unaligned,train,visual,55
4024,unaligned,train,visual,55
4025,unaligned,train,visual,55
4026,unaligned,train,visual,55
4027,unaligned,train,visual,55
4028,unaligned,train,visual,55
4029,unaligned,train,visual,55
4030,unaligned,train,visual,55
4031,unaligned,train,visual,55
4032,unaligned,train,visual,55
4033,unaligned,train,visual,55
4034,unaligned,train,visual,55
4035,unaligned,train,visual,55
4036,unaligned,train,visual,55
4037,unaligned,train,visual,55
4038,unaligned,train,visual,55
4039,unaligned,train,visual,55
4040,unaligned,train,visual,55
4041,unaligned,train,visual,55
4042,unaligned,train,visual,55
4043,unaligned,train,visual,55
4044,unaligned,train,visual,55
4045,unaligned,train,visual,55
4046,unaligned,train,visual,55
4047,unaligned,train,visual,55
4048,unaligned,train,visual,55
4049,unaligned,train,visual,55
4050,unaligned,train,visual,55
4051,unaligned,train,visual,55
4052,unaligned,train,visual,55
4053,unaligned,train,visual,55
4054,unaligned,train,visual,55
4055,unaligned,train,visual,55
4056,unaligned,train,visual,55
4057,unaligned,train,visual,55
4058,unaligned,train,visual,55
4059,unaligned,train,visual,55
4060,unaligned,train,visual,55
4061,unaligned,train,visual,55
4062,unaligned,train,visual,55
4063,unaligned,train,visual,55
4064,unaligned,train,visual,55
4065,unaligned,train,visual,55
4066,unaligned,train,visual,55
4067,unaligned,train,visual,55
4068,unaligned,train,visual,55
4069,unaligned,train,visual,55
4070,unaligned,train,visual,55
4071,unaligned,train,visual,55
4072,unaligned,train,visual,55
4073,unaligned,train,visual,55
4074,unaligned,train,visual,55
4075,unaligned,train,visual,55
4076,unaligned,train,visual,55
4077,unaligned,train,visual,55
4078,unaligned,train,visual,55
4079,unaligned,train,visual,55
4080,unaligned,train,visual,55
4081,unaligned,train,visual,55
4082,unaligned,train,visual,55
4083,unaligned,train,visual,55
4084,unaligned,train,visual,55
4085,unaligned,train,visual,55
4086,unaligned,train,visual,55
4087,unaligned,train,visual,55
4088,unaligned,train,visual,55
4089,unaligned,train,visual,55
4090,unaligned,train,visual,55
4091,unaligned,train,visual,55
4092,unaligned,train,visual,55
4093,unaligned,train,visual,55
4094,unaligned,train,visual,55
4095,unaligned,train,visual,55
4096,unaligned,train,visual,55
4097,unaligned,train,visual,55
4098,unaligned,train,visual,55
4099,unaligned,train,visual,55
4100,unaligned,train,visual,55
4101,unaligned,train,visual,55
4102,unaligned,train,visual,55
4103,unaligned,train,visual,55
4104,unaligned,valid,text,39
4105,unaligned,valid,text,39
4106,unaligned,valid,text,39
4107,unaligned,valid,text,39
4108,unaligned,valid,text,39
4109,unaligned,valid,text,39
4110,unaligned,valid,text,39
4111,unaligned,valid,text,39
4112,unaligned,valid,text,39
4113,unaligned,valid,text,39
4114,unaligned,valid,text,39
4115,unaligned,valid,text,39
4116,unaligned,valid,text,39
4117,unaligned,valid,text,39
4118,unaligned,valid,text,39
4119,unaligned,valid,text,39
4120,unaligned,valid,text,39
4121,unaligned,valid,text,39
4122,unaligned,valid,text,39
4123,unaligned,valid,text,39
4124,unaligned,valid,text,39
4125,unaligned,valid,text,39
4126,unaligned,valid,text,39
4127,unaligned,valid,text,39
4128,unaligned,valid,text,39
4129,unaligned,valid,text,39
4130,unaligned,valid,text,39
4131,unaligned,valid,text,39
4132,unaligned,valid,text,39
4133,unaligned,valid,text,39
4134,unaligned,valid,text,39
4135,unaligned,valid,text,39
4136,unaligned,valid,text,39
4137,unaligned,valid,text,39
4138,unaligned,valid,text,39
4139,unaligned,valid,text,39
4140,unaligned,valid,text,39
4141,unaligned,valid,text,39
4142,unaligned,valid,text,39
4143,unaligned,valid,text,39
4144,unaligned,valid,text,39
4145,unaligned,valid,text,39
4146,unaligned,valid,text,39
4147,unaligned,valid,text,39
4148,unaligned,valid,text,39
4149,unaligned,valid,text,39
4150,unaligned,valid,text,39
4151,unaligned,valid,text,39
4152,unaligned,valid,text,39
4153,unaligned,valid,text,39
4154,unaligned,valid,text,39
4155,unaligned,valid,text,39
4156,unaligned,valid,text,39
4157,unaligned,valid,text,39
4158,unaligned,valid,text,39
4159,unaligned,valid,text,39
4160,unaligned,valid,text,39
4161,unaligned,valid,text,39
4162,unaligned,valid,text,39
4163,unaligned,valid,text,39
4164,unaligned,valid,text,39
4165,unaligned,valid,text,39
4166,unaligned,valid,text,39
4167,unaligned,valid,text,39
4168,unaligned,valid,text,39
4169,unaligned,valid,text,39
4170,unaligned,valid,text,39
4171,unaligned,valid,text,39
4172,unaligned,valid,text,39
4173,unaligned,valid,text,39
4174,unaligned,valid,text,39
4175,unaligned,valid,text,39
4176,unaligned,valid,text,39
4177,unaligned,valid,text,39
4178,unaligned,valid,text,39
4179,unaligned,valid,text,39
4180,unaligned,valid,text,39
4181,unaligned,valid,text,39
4182,unaligned,valid,text,39
4183,unaligned,valid,text,39
4184,unaligned,valid,text,39
4185,unaligned,valid,text,39
4186,unaligned,valid,text,39
4187,unaligned,valid,text,39
4188,unaligned,valid,text,39
4189,unaligned,valid,text,39
4190,unaligned,valid,text,39
4191,unaligned,valid,text,39
4192,unaligned,valid,text,39
4193,unaligned,valid,text,39
4194,unaligned,valid,text,39
4195,unaligned,valid,text,39
4196,unaligned,valid,text,39
4197,unaligned,valid,text,39
4198,unaligned,valid,text,39
4199,unaligned,valid,text,39
4200,unaligned,valid,text,39
4201,unaligned,valid,text,39
4202,unaligned,valid,text,39
4203,unaligned,valid,text,39
4204,unaligned,valid,text,39
4205,unaligned,valid,text,39
4206,unaligned,valid,text,39
4207,unaligned,valid,text,39
4208,unaligned,valid,text,39
4209,unaligned,valid,text,39
4210,unaligned,valid,text,39
4211,unaligned,valid,text,39
4212,unaligned,valid,text,39
4213,unaligned,valid,text,39
4214,unaligned,valid,text,39
4215,unaligned,valid,text,39
4216,unaligned,valid,text,39
4217,unaligned,valid,text,39
4218,unaligned,valid,text,39
4219,unaligned,valid,text,39
4220,unaligned,valid,text,39
4221,unaligned,valid,text,39
4222,unaligned,valid,text,39
4223,unaligned,valid,text,39
4224,unaligned,valid,text,39
4225,unaligned,valid,text,39
4226,unaligned,valid,text,39
4227,unaligned,valid,text,39
4228,unaligned,valid,text,39
4229,unaligned,valid,text,39
4230,unaligned,valid,text,39
4231,unaligned,valid,text,39
4232,unaligned,valid,text,39
4233,unaligned,valid,text,39
4234,unaligned,valid,text,39
4235,unaligned,valid,text,39
4236,unaligned,valid,text,39
4237,unaligned,valid,text,39
4238,unaligned,valid,text,39
4239,unaligned,valid,text,39
4240,unaligned,valid,text,39
4241,unaligned,valid,text,39
4242,unaligned,valid,text,39
4243,unaligned,valid,text,39
4244,unaligned,valid,text,39
4245,unaligned,valid,text,39
4246,unaligned,valid,text,39
4247,unaligned,valid,text,39
4248,unaligned,valid,text,39
4249,unaligned,valid,text,39
4250,unaligned,valid,text,39
4251,unaligned,valid,text,39
4252,unaligned,valid,text,39
4253,unaligned,valid,text,39
4254,unaligned,valid,text,39
4255,unaligned,valid,text,39
4256,unaligned,valid,text,39
4257,unaligned,valid,text,39
4258,unaligned,valid,text,39
4259,unaligned,valid,text,39
4260,unaligned,valid,text,39
4261,unaligned,valid,text,39
4262,unaligned,valid,text,39
4263,unaligned,valid,text,39
4264,unaligned,valid,text,39
4265,unaligned,valid,text,39
4266,unaligned,valid,text,39
4267,unaligned,valid,text,39
4268,unaligned,valid,text,39
4269,unaligned,valid,text,39
4270,unaligned,valid,text,39
4271,unaligned,valid,text,39
4272,unaligned,valid,text,39
4273,unaligned,valid,text,39
4274,unaligned,valid,text,39
4275,unaligned,valid,text,39
4276,unaligned,valid,text,39
4277,unaligned,valid,text,39
4278,unaligned,valid,text,39
4279,unaligned,valid,text,39
4280,unaligned,valid,text,39
4281,unaligned,valid,text,39
4282,unaligned,valid,text,39
4283,unaligned,valid,text,39
4284,unaligned,valid,text,39
4285,unaligned,valid,text,39
4286,unaligned,valid,text,39
4287,unaligned,valid,text,39
4288,unaligned,valid,text,39
4289,unaligned,valid,text,39
4290,unaligned,valid,text,39
4291,unaligned,valid,text,39
4292,unaligned,valid,text,39
4293,unaligned,valid,text,39
4294,unaligned,valid,text,39
4295,unaligned,valid,text,39
4296,unaligned,valid,text,39
4297,unaligned,valid,text,39
4298,unaligned,valid,text,39
4299,unaligned,valid,text,39
4300,unaligned,valid,text,39
4301,unaligned,valid,text,39
4302,unaligned,valid,text,39
4303,unaligned,valid,text,39
4304,unaligned,valid,text,39
4305,unaligned,valid,text,39
4306,unaligned,valid,text,39
4307,unaligned,valid,text,39
4308,unaligned,valid,text,39
4309,unaligned,valid,text,39
4310,unaligned,valid,text,39
4311,unaligned,valid,text,39
4312,unaligned,valid,text,39
4313,unaligned,valid,text,39
4314,unaligned,valid,text,39
4315,unaligned,valid,text,39
4316,unaligned,valid,text,39
4317,unaligned,valid,text,39
4318,unaligned,valid,text,39
4319,unaligned,valid,text,39
4320,unaligned,valid,text,39
4321,unaligned,valid,text,39
4322,unaligned,valid,text,39
4323,unaligned,valid,text,39
4324,unaligned,valid,text,39
4325,unaligned,valid,text,39
4326,unaligned,valid,text,39
4327,unaligned,valid,text,39
4328,unaligned,valid,text,39
4329,unaligned,valid,text,39
4330,unaligned,valid,text,39
4331,unaligned,valid,text,39
4332,unaligned,valid,text,39
4333,unaligned,valid,text,39
4334,unaligned,valid,text,39
4335,unaligned,valid,text,39
4336,unaligned,valid,text,39
4337,unaligned,valid,text,39
4338,unaligned,valid,text,39
4339,unaligned,valid,text,39
4340,unaligned,valid,text,39
4341,unaligned,valid,text,39
4342,unaligned,valid,text,39
4343,unaligned,valid,text,39
4344,unaligned,valid,text,39
4345,unaligned,valid,text,39
4346,unaligned,valid,text,39
4347,unaligned,valid,text,39
4348,unaligned,valid,text,39
4349,unaligned,valid,text,39
4350,unaligned,valid,text,39
4351,unaligned,valid,text,39
4352,unaligned,valid,text,39
4353,unaligned,valid,text,39
4354,unaligned,valid,text,39
4355,unaligned,valid,text,39
4356,unaligned,valid,text,39
4357,unaligned,valid,text,39
4358,unaligned,valid,text,39
4359,unaligned,valid,text,39
4360,unaligned,valid,text,39
4361,unaligned,valid,text,39
4362,unaligned,valid,text,39
4363,unaligned,valid,text,39
4364,unaligned,valid,text,39
4365,unaligned,valid,text,39
4366,unaligned,valid,text,39
4367,unaligned,valid,text,39
4368,unaligned,valid,text,39
4369,unaligned,valid,text,39
4370,unaligned,valid,text,39
4371,unaligned,valid,text,39
4372,unaligned,valid,text,39
4373,unaligned,valid,text,39
4374,unaligned,valid,text,39
4375,unaligned,valid,text,39
4376,unaligned,valid,text,39
4377,unaligned,valid,text,39
4378,unaligned,valid,text,39
4379,unaligned,valid,text,39
4380,unaligned,valid,text,39
4381,unaligned,valid,text,39
4382,unaligned,valid,text,39
4383,unaligned,valid,text,39
4384,unaligned,valid,text,39
4385,unaligned,valid,text,39
4386,unaligned,valid,text,39
4387,unaligned,valid,text,39
4388,unaligned,valid,text,39
4389,unaligned,valid,text,39
4390,unaligned,valid,text,39
4391,unaligned,valid,text,39
4392,unaligned,valid,text,39
4393,unaligned,valid,text,39
4394,unaligned,valid,text,39
4395,unaligned,valid,text,39
4396,unaligned,valid,text,39
4397,unaligned,valid,text,39
4398,unaligned,valid,text,39
4399,unaligned,valid,text,39
4400,unaligned,valid,text,39
4401,unaligned,valid,text,39
4402,unaligned,valid,text,39
4403,unaligned,valid,text,39
4404,unaligned,valid,text,39
4405,unaligned,valid,text,39
4406,unaligned,valid,text,39
4407,unaligned,valid,text,39
4408,unaligned,valid,text,39
4409,unaligned,valid,text,39
4410,unaligned,valid,text,39
4411,unaligned,valid,text,39
4412,unaligned,valid,text,39
4413,unaligned,valid,text,39
4414,unaligned,valid,text,39
4415,unaligned,valid,text,39
4416,unaligned,valid,text,39
4417,unaligned,valid,text,39
4418,unaligned,valid,text,39
4419,unaligned,valid,text,39
4420,unaligned,valid,text,39
4421,unaligned,valid,text,39
4422,unaligned,valid,text,39
4423,unaligned,valid,text,39
4424,unaligned,valid,text,39
4425,unaligned,valid,text,39
4426,unaligned,valid,text,39
4427,unaligned,valid,text,39
4428,unaligned,valid,text,39
4429,unaligned,valid,text,39
4430,unaligned,valid,text,39
4431,unaligned,valid,text,39
4432,unaligned,valid,text,39
4433,unaligned,valid,text,39
4434,unaligned,valid,text,39
4435,unaligned,valid,text,39
4436,unaligned,valid,text,39
4437,unaligned,valid,text,39
4438,unaligned,valid,text,39
4439,unaligned,valid,text,39
4440,unaligned,valid,text,39
4441,unaligned,valid,text,39
4442,unaligned,valid,text,39
4443,unaligned,valid,text,39
4444,unaligned,valid,text,39
4445,unaligned,valid,text,39
4446,unaligned,valid,text,39
4447,unaligned,valid,text,39
4448,unaligned,valid,text,39
4449,unaligned,valid,text,39
4450,unaligned,valid,text,39
4451,unaligned,valid,text,39
4452,unaligned,valid,text,39
4453,unaligned,valid,text,39
4454,unaligned,valid,text,39
4455,unaligned,valid,text,39
4456,unaligned,valid,text,39
4457,unaligned,valid,text,39
4458,unaligned,valid,text,39
4459,unaligned,valid,text,39
4460,unaligned,valid,text,39
4461,unaligned,valid,text,39
4462,unaligned,valid,text,39
4463,unaligned,valid,text,39
4464,unaligned,valid,text,39
4465,unaligned,valid,text,39
4466,unaligned,valid,text,39
4467,unaligned,valid,text,39
4468,unaligned,valid,text,39
4469,unaligned,valid,text,39
4470,unaligned,valid,text,39
4471,unaligned,valid,text,39
4472,unaligned,valid,text,39
4473,unaligned,valid,text,39
4474,unaligned,valid,text,39
4475,unaligned,valid,text,39
4476,unaligned,valid,text,39
4477,unaligned,valid,text,39
4478,unaligned,valid,text,39
4479,unaligned,valid,text,39
4480,unaligned,valid,text,39
4481,unaligned,valid,text,39
4482,unaligned,valid,text,39
4483,unaligned,valid,text,39
4484,unaligned,valid,text,39
4485,unaligned,valid,text,39
4486,unaligned,valid,text,39
4487,unaligned,valid,text,39
4488,unaligned,valid,text,39
4489,unaligned,valid,text,39
4490,unaligned,valid,text,39
4491,unaligned,valid,text,39
4492,unaligned,valid,text,39
4493,unaligned,valid,text,39
4494,unaligned,valid,text,39
4495,unaligned,valid,text,39
4496,unaligned,valid,text,39
4497,unaligned,valid,text,39
4498,unaligned,valid,text,39
4499,unaligned,valid,text,39
4500,unaligned,valid,text,39
4501,unaligned,valid,text,39
4502,unaligned,valid,text,39
4503,unaligned,valid,text,39
4504,unaligned,valid,text,39
4505,unaligned,valid,text,39
4506,unaligned,valid,text,39
4507,unaligned,valid,text,39
4508,unaligned,valid,text,39
4509,unaligned,valid,text,39
4510,unaligned,valid,text,39
4511,unaligned,valid,text,39
4512,unaligned,valid,text,39
4513,unaligned,valid,text,39
4514,unaligned,valid,text,39
4515,unaligned,valid,text,39
4516,unaligned,valid,text,39
4517,unaligned,valid,text,39
4518,unaligned,valid,text,39
4519,unaligned,valid,text,39
4520,unaligned,valid,text,39
4521,unaligned,valid,text,39
4522,unaligned,valid,text,39
4523,unaligned,valid,text,39
4524,unaligned,valid,text,39
4525,unaligned,valid,text,39
4526,unaligned,valid,text,39
4527,unaligned,valid,text,39
4528,unaligned,valid,text,39
4529,unaligned,valid,text,39
4530,unaligned,valid,text,39
4531,unaligned,valid,text,39
4532,unaligned,valid,text,39
4533,unaligned,valid,text,39
4534,unaligned,valid,text,39
4535,unaligned,valid,text,39
4536,unaligned,valid,text,39
4537,unaligned,valid,text,39
4538,unaligned,valid,text,39
4539,unaligned,valid,text,39
4540,unaligned,valid,text,39
4541,unaligned,valid,text,39
4542,unaligned,valid,text,39
4543,unaligned,valid,text,39
4544,unaligned,valid,text,39
4545,unaligned,valid,text,39
4546,unaligned,valid,text,39
4547,unaligned,valid,text,39
4548,unaligned,valid,text,39
4549,unaligned,valid,text,39
4550,unaligned,valid,text,39
4551,unaligned,valid,text,39
4552,unaligned,valid,text,39
4553,unaligned,valid,text,39
4554,unaligned,valid,text,39
4555,unaligned,valid,text,39
4556,unaligned,valid,text,39
4557,unaligned,valid,text,39
4558,unaligned,valid,text,39
4559,unaligned,valid,text,39
4560,unaligned,valid,audio,400
4561,unaligned,valid,audio,400
4562,unaligned,valid,audio,400
4563,unaligned,valid,audio,400
4564,unaligned,valid,audio,400
4565,unaligned,valid,audio,400
4566,unaligned,valid,audio,400
4567,unaligned,valid,audio,400
4568,unaligned,valid,audio,400
4569,unaligned,valid,audio,400
4570,unaligned,valid,audio,400
4571,unaligned,valid,audio,400
4572,unaligned,valid,audio,400
4573,unaligned,valid,audio,400
4574,unaligned,valid,audio,400
4575,unaligned,valid,audio,400
4576,unaligned,valid,audio,400
4577,unaligned,valid,audio,400
4578,unaligned,valid,audio,400
4579,unaligned,valid,audio,400
4580,unaligned,valid,audio,400
4581,unaligned,valid,audio,400
4582,unaligned,valid,audio,400
4583,unaligned,valid,audio,400
4584,unaligned,valid,audio,400
4585,unaligned,valid,audio,400
4586,unaligned,valid,audio,400
4587,unaligned,valid,audio,400
4588,unaligned,valid,audio,400
4589,unaligned,valid,audio,400
4590,unaligned,valid,audio,400
4591,unaligned,valid,audio,400
4592,unaligned,valid,audio,400
4593,unaligned,valid,audio,400
4594,unaligned,valid,audio,400
4595,unaligned,valid,audio,400
4596,unaligned,valid,audio,400
4597,unaligned,valid,audio,400
4598,unaligned,valid,audio,400
4599,unaligned,valid,audio,400
4600,unaligned,valid,audio,400
4601,unaligned,valid,audio,400
4602,unaligned,valid,audio,400
4603,unaligned,valid,audio,400
4604,unaligned,valid,audio,400
4605,unaligned,valid,audio,400
4606,unaligned,valid,audio,400
4607,unaligned,valid,audio,400
4608,unaligned,valid,audio,400
4609,unaligned,valid,audio,400
4610,unaligned,valid,audio,400
4611,unaligned,valid,audio,400
4612,unaligned,valid,audio,400
4613,unaligned,valid,audio,400
4614,unaligned,valid,audio,400
4615,unaligned,valid,audio,400
4616,unaligned,valid,audio,400
4617,unaligned,valid,audio,400
4618,unaligned,valid,audio,400
4619,unaligned,valid,audio,400
4620,unaligned,valid,audio,400
4621,unaligned,valid,audio,400
4622,unaligned,valid,audio,400
4623,unaligned,valid,audio,400
4624,unaligned,valid,audio,400
4625,unaligned,valid,audio,400
4626,unaligned,valid,audio,400
4627,unaligned,valid,audio,400
4628,unaligned,valid,audio,400
4629,unaligned,valid,audio,400
4630,unaligned,valid,audio,400
4631,unaligned,valid,audio,400
4632,unaligned,valid,audio,400
4633,unaligned,valid,audio,400
4634,unaligned,valid,audio,400
4635,unaligned,valid,audio,400
4636,unaligned,valid,audio,400
4637,unaligned,valid,audio,400
4638,unaligned,valid,audio,400
4639,unaligned,valid,audio,400
4640,unaligned,valid,audio,400
4641,unaligned,valid,audio,400
4642,unaligned,valid,audio,400
4643,unaligned,valid,audio,400
4644,unaligned,valid,audio,400
4645,unaligned,valid,audio,400
4646,unaligned,valid,audio,400
4647,unaligned,valid,audio,400
4648,unaligned,valid,audio,400
4649,unaligned,valid,audio,400
4650,unaligned,valid,audio,400
4651,unaligned,valid,audio,400
4652,unaligned,valid,audio,400
4653,unaligned,valid,audio,400
4654,unaligned,valid,audio,400
4655,unaligned,valid,audio,400
4656,unaligned,valid,audio,400
4657,unaligned,valid,audio,400
4658,unaligned,valid,audio,400
4659,unaligned,valid,audio,400
4660,unaligned,valid,audio,400
4661,unaligned,valid,audio,400
4662,unaligned,valid,audio,400
4663,unaligned,valid,audio,400
4664,unaligned,valid,audio,400
4665,unaligned,valid,audio,400
4666,unaligned,valid,audio,400
4667,unaligned,valid,audio,400
4668,unaligned,valid,audio,400
4669,unaligned,valid,audio,400
4670,unaligned,valid,audio,400
4671,unaligned,valid,audio,400
4672,unaligned,valid,audio,400
4673,unaligned,valid,audio,400
4674,unaligned,valid,audio,400
4675,unaligned,valid,audio,400
4676,unaligned,valid,audio,400
4677,unaligned,valid,audio,400
4678,unaligned,valid,audio,400
4679,unaligned,valid,audio,400
4680,unaligned,valid,audio,400
4681,unaligned,valid,audio,400
4682,unaligned,valid,audio,400
4683,unaligned,valid,audio,400
4684,unaligned,valid,audio,400
4685,unaligned,valid,audio,400
4686,unaligned,valid,audio,400
4687,unaligned,valid,audio,400
4688,unaligned,valid,audio,400
4689,unaligned,valid,audio,400
4690,unaligned,valid,audio,400
4691,unaligned,valid,audio,400
4692,unaligned,valid,audio,400
4693,unaligned,valid,audio,400
4694,unaligned,valid,audio,400
4695,unaligned,valid,audio,400
4696,unaligned,valid,audio,400
4697,unaligned,valid,audio,400
4698,unaligned,valid,audio,400
4699,unaligned,valid,audio,400
4700,unaligned,valid,audio,400
4701,unaligned,valid,audio,400
4702,unaligned,valid,audio,400
4703,unaligned,valid,audio,400
4704,unaligned,valid,audio,400
4705,unaligned,valid,audio,400
4706,unaligned,valid,audio,400
4707,unaligned,valid,audio,400
4708,unaligned,valid,audio,400
4709,unaligned,valid,audio,400
4710,unaligned,valid,audio,400
4711,unaligned,valid,audio,400
4712,unaligned,valid,audio,400
4713,unaligned,valid,audio,400
4714,unaligned,valid,audio,400
4715,unaligned,valid,audio,400
4716,unaligned,valid,audio,400
4717,unaligned,valid,audio,400
4718,unaligned,valid,audio,400
4719,unaligned,valid,audio,400
4720,unaligned,valid,audio,400
4721,unaligned,valid,audio,400
4722,unaligned,valid,audio,400
4723,unaligned,valid,audio,400
4724,unaligned,valid,audio,400
4725,unaligned,valid,audio,400
4726,unaligned,valid,audio,400
4727,unaligned,valid,audio,400
4728,unaligned,valid,audio,400
4729,unaligned,valid,audio,400
4730,unaligned,valid,audio,400
4731,unaligned,valid,audio,400
4732,unaligned,valid,audio,400
4733,unaligned,valid,audio,400
4734,unaligned,valid,audio,400
4735,unaligned,valid,audio,400
4736,unaligned,valid,audio,400
4737,unaligned,valid,audio,400
4738,unaligned,valid,audio,400
4739,unaligned,valid,audio,400
4740,unaligned,valid,audio,400
4741,unaligned,valid,audio,400
4742,unaligned,valid,audio,400
4743,unaligned,valid,audio,400
4744,unaligned,valid,audio,400
4745,unaligned,valid,audio,400
4746,unaligned,valid,audio,400
4747,unaligned,valid,audio,400
4748,unaligned,valid,audio,400
4749,unaligned,valid,audio,400
4750,unaligned,valid,audio,400
4751,unaligned,valid,audio,400
4752,unaligned,valid,audio,400
4753,unaligned,valid,audio,400
4754,unaligned,valid,audio,400
4755,unaligned,valid,audio,400
4756,unaligned,valid,audio,400
4757,unaligned,valid,audio,400
4758,unaligned,valid,audio,400
4759,unaligned,valid,audio,400
4760,unaligned,valid,audio,400
4761,unaligned,valid,audio,400
4762,unaligned,valid,audio,400
4763,unaligned,valid,audio,400
4764,unaligned,valid,audio,400
4765,unaligned,valid,audio,400
4766,unaligned,valid,audio,400
4767,unaligned,valid,audio,400
4768,unaligned,valid,audio,400
4769,unaligned,valid,audio,400
4770,unaligned,valid,audio,400
4771,unaligned,valid,audio,400
4772,unaligned,valid,audio,400
4773,unaligned,valid,audio,400
4774,unaligned,valid,audio,400
4775,unaligned,valid,audio,400
4776,unaligned,valid,audio,400
4777,unaligned,valid,audio,400
4778,unaligned,valid,audio,400
4779,unaligned,valid,audio,400
4780,unaligned,valid,audio,400
4781,unaligned,valid,audio,400
4782,unaligned,valid,audio,400
4783,unaligned,valid,audio,400
4784,unaligned,valid,audio,400
4785,unaligned,valid,audio,400
4786,unaligned,valid,audio,400
4787,unaligned,valid,audio,400
4788,unaligned,valid,audio,400
4789,unaligned,valid,audio,400
4790,unaligned,valid,audio,400
4791,unaligned,valid,audio,400
4792,unaligned,valid,audio,400
4793,unaligned,valid,audio,400
4794,unaligned,valid,audio,400
4795,unaligned,valid,audio,400
4796,unaligned,valid,audio,400
4797,unaligned,valid,audio,400
4798,unaligned,valid,audio,400
4799,unaligned,valid,audio,400
4800,unaligned,valid,audio,400
4801,unaligned,valid,audio,400
4802,unaligned,valid,audio,400
4803,unaligned,valid,audio,400
4804,unaligned,valid,audio,400
4805,unaligned,valid,audio,400
4806,unaligned,valid,audio,400
4807,unaligned,valid,audio,400
4808,unaligned,valid,audio,400
4809,unaligned,valid,audio,400
4810,unaligned,valid,audio,400
4811,unaligned,valid,audio,400
4812,unaligned,valid,audio,400
4813,unaligned,valid,audio,400
4814,unaligned,valid,audio,400
4815,unaligned,valid,audio,400
4816,unaligned,valid,audio,400
4817,unaligned,valid,audio,400
4818,unaligned,valid,audio,400
4819,unaligned,valid,audio,400
4820,unaligned,valid,audio,400
4821,unaligned,valid,audio,400
4822,unaligned,valid,audio,400
4823,unaligned,valid,audio,400
4824,unaligned,valid,audio,400
4825,unaligned,valid,audio,400
4826,unaligned,valid,audio,400
4827,unaligned,valid,audio,400
4828,unaligned,valid,audio,400
4829,unaligned,valid,audio,400
4830,unaligned,valid,audio,400
4831,unaligned,valid,audio,400
4832,unaligned,valid,audio,400
4833,unaligned,valid,audio,400
4834,unaligned,valid,audio,400
4835,unaligned,valid,audio,400
4836,unaligned,valid,audio,400
4837,unaligned,valid,audio,400
4838,unaligned,valid,audio,400
4839,unaligned,valid,audio,400
4840,unaligned,valid,audio,400
4841,unaligned,valid,audio,400
4842,unaligned,valid,audio,400
4843,unaligned,valid,audio,400
4844,unaligned,valid,audio,400
4845,unaligned,valid,audio,400
4846,unaligned,valid,audio,400
4847,unaligned,valid,audio,400
4848,unaligned,valid,audio,400
4849,unaligned,valid,audio,400
4850,unaligned,valid,audio,400
4851,unaligned,valid,audio,400
4852,unaligned,valid,audio,400
4853,unaligned,valid,audio,400
4854,unaligned,valid,audio,400
4855,unaligned,valid,audio,400
4856,unaligned,valid,audio,400
4857,unaligned,valid,audio,400
4858,unaligned,valid,audio,400
4859,unaligned,valid,audio,400
4860,unaligned,valid,audio,400
4861,unaligned,valid,audio,400
4862,unaligned,valid,audio,400
4863,unaligned,valid,audio,400
4864,unaligned,valid,audio,400
4865,unaligned,valid,audio,400
4866,unaligned,valid,audio,400
4867,unaligned,valid,audio,400
4868,unaligned,valid,audio,400
4869,unaligned,valid,audio,400
4870,unaligned,valid,audio,400
4871,unaligned,valid,audio,400
4872,unaligned,valid,audio,400
4873,unaligned,valid,audio,400
4874,unaligned,valid,audio,400
4875,unaligned,valid,audio,400
4876,unaligned,valid,audio,400
4877,unaligned,valid,audio,400
4878,unaligned,valid,audio,400
4879,unaligned,valid,audio,400
4880,unaligned,valid,audio,400
4881,unaligned,valid,audio,400
4882,unaligned,valid,audio,400
4883,unaligned,valid,audio,400
4884,unaligned,valid,audio,400
4885,unaligned,valid,audio,400
4886,unaligned,valid,audio,400
4887,unaligned,valid,audio,400
4888,unaligned,valid,audio,400
4889,unaligned,valid,audio,400
4890,unaligned,valid,audio,400
4891,unaligned,valid,audio,400
4892,unaligned,valid,audio,400
4893,unaligned,valid,audio,400
4894,unaligned,valid,audio,400
4895,unaligned,valid,audio,400
4896,unaligned,valid,audio,400
4897,unaligned,valid,audio,400
4898,unaligned,valid,audio,400
4899,unaligned,valid,audio,400
4900,unaligned,valid,audio,400
4901,unaligned,valid,audio,400
4902,unaligned,valid,audio,400
4903,unaligned,valid,audio,400
4904,unaligned,valid,audio,400
4905,unaligned,valid,audio,400
4906,unaligned,valid,audio,400
4907,unaligned,valid,audio,400
4908,unaligned,valid,audio,400
4909,unaligned,valid,audio,400
4910,unaligned,valid,audio,400
4911,unaligned,valid,audio,400
4912,unaligned,valid,audio,400
4913,unaligned,valid,audio,400
4914,unaligned,valid,audio,400
4915,unaligned,valid,audio,400
4916,unaligned,valid,audio,400
4917,unaligned,valid,audio,400
4918,unaligned,valid,audio,400
4919,unaligned,valid,audio,400
4920,unaligned,valid,audio,400
4921,unaligned,valid,audio,400
4922,unaligned,valid,audio,400
4923,unaligned,valid,audio,400
4924,unaligned,valid,audio,400
4925,unaligned,valid,audio,400
4926,unaligned,valid,audio,400
4927,unaligned,valid,audio,400
4928,unaligned,valid,audio,400
4929,unaligned,valid,audio,400
4930,unaligned,valid,audio,400
4931,unaligned,valid,audio,400
4932,unaligned,valid,audio,400
4933,unaligned,valid,audio,400
4934,unaligned,valid,audio,400
4935,unaligned,valid,audio,400
4936,unaligned,valid,audio,400
4937,unaligned,valid,audio,400
4938,unaligned,valid,audio,400
4939,unaligned,valid,audio,400
4940,unaligned,valid,audio,400
4941,unaligned,valid,audio,400
4942,unaligned,valid,audio,400
4943,unaligned,valid,audio,400
4944,unaligned,valid,audio,400
4945,unaligned,valid,audio,400
4946,unaligned,valid,audio,400
4947,unaligned,valid,audio,400
4948,unaligned,valid,audio,400
4949,unaligned,valid,audio,400
4950,unaligned,valid,audio,400
4951,unaligned,valid,audio,400
4952,unaligned,valid,audio,400
4953,unaligned,valid,audio,400
4954,unaligned,valid,audio,400
4955,unaligned,valid,audio,400
4956,unaligned,valid,audio,400
4957,unaligned,valid,audio,400
4958,unaligned,valid,audio,400
4959,unaligned,valid,audio,400
4960,unaligned,valid,audio,400
4961,unaligned,valid,audio,400
4962,unaligned,valid,audio,400
4963,unaligned,valid,audio,400
4964,unaligned,valid,audio,400
4965,unaligned,valid,audio,400
4966,unaligned,valid,audio,400
4967,unaligned,valid,audio,400
4968,unaligned,valid,audio,400
4969,unaligned,valid,audio,400
4970,unaligned,valid,audio,400
4971,unaligned,valid,audio,400
4972,unaligned,valid,audio,400
4973,unaligned,valid,audio,400
4974,unaligned,valid,audio,400
4975,unaligned,valid,audio,400
4976,unaligned,valid,audio,400
4977,unaligned,valid,audio,400
4978,unaligned,valid,audio,400
4979,unaligned,valid,audio,400
4980,unaligned,valid,audio,400
4981,unaligned,valid,audio,400
4982,unaligned,valid,audio,400
4983,unaligned,valid,audio,400
4984,unaligned,valid,audio,400
4985,unaligned,valid,audio,400
4986,unaligned,valid,audio,400
4987,unaligned,valid,audio,400
4988,unaligned,valid,audio,400
4989,unaligned,valid,audio,400
4990,unaligned,valid,audio,400
4991,unaligned,valid,audio,400
4992,unaligned,valid,audio,400
4993,unaligned,valid,audio,400
4994,unaligned,valid,audio,400
4995,unaligned,valid,audio,400
4996,unaligned,valid,audio,400
4997,unaligned,valid,audio,400
4998,unaligned,valid,audio,400
4999,unaligned,valid,audio,400
5000,unaligned,valid,audio,400
5001,unaligned,valid,audio,400
5002,unaligned,valid,audio,400
5003,unaligned,valid,audio,400
5004,unaligned,valid,audio,400
5005,unaligned,valid,audio,400
5006,unaligned,valid,audio,400
5007,unaligned,valid,audio,400
5008,unaligned,valid,audio,400
5009,unaligned,valid,audio,400
5010,unaligned,valid,audio,400
5011,unaligned,valid,audio,400
5012,unaligned,valid,audio,400
5013,unaligned,valid,audio,400
5014,unaligned,valid,audio,400
5015,unaligned,valid,audio,400
5016,unaligned,valid,visual,55
5017,unaligned,valid,visual,55
5018,unaligned,valid,visual,55
5019,unaligned,valid,visual,55
5020,unaligned,valid,visual,55
5021,unaligned,valid,visual,55
5022,unaligned,valid,visual,55
5023,unaligned,valid,visual,55
5024,unaligned,valid,visual,55
5025,unaligned,valid,visual,55
5026,unaligned,valid,visual,55
5027,unaligned,valid,visual,55
5028,unaligned,valid,visual,55
5029,unaligned,valid,visual,55
5030,unaligned,valid,visual,55
5031,unaligned,valid,visual,55
5032,unaligned,valid,visual,55
5033,unaligned,valid,visual,55
5034,unaligned,valid,visual,55
5035,unaligned,valid,visual,55
5036,unaligned,valid,visual,55
5037,unaligned,valid,visual,55
5038,unaligned,valid,visual,55
5039,unaligned,valid,visual,55
5040,unaligned,valid,visual,55
5041,unaligned,valid,visual,55
5042,unaligned,valid,visual,55
5043,unaligned,valid,visual,55
5044,unaligned,valid,visual,55
5045,unaligned,valid,visual,55
5046,unaligned,valid,visual,55
5047,unaligned,valid,visual,55
5048,unaligned,valid,visual,55
5049,unaligned,valid,visual,55
5050,unaligned,valid,visual,55
5051,unaligned,valid,visual,55
5052,unaligned,valid,visual,55
5053,unaligned,valid,visual,55
5054,unaligned,valid,visual,55
5055,unaligned,valid,visual,55
5056,unaligned,valid,visual,55
5057,unaligned,valid,visual,55
5058,unaligned,valid,visual,55
5059,unaligned,valid,visual,55
5060,unaligned,valid,visual,55
5061,unaligned,valid,visual,55
5062,unaligned,valid,visual,55
5063,unaligned,valid,visual,55
5064,unaligned,valid,visual,55
5065,unaligned,valid,visual,55
5066,unaligned,valid,visual,55
5067,unaligned,valid,visual,55
5068,unaligned,valid,visual,55
5069,unaligned,valid,visual,55
5070,unaligned,valid,visual,55
5071,unaligned,valid,visual,55
5072,unaligned,valid,visual,55
5073,unaligned,valid,visual,55
5074,unaligned,valid,visual,55
5075,unaligned,valid,visual,55
5076,unaligned,valid,visual,55
5077,unaligned,valid,visual,55
5078,unaligned,valid,visual,55
5079,unaligned,valid,visual,55
5080,unaligned,valid,visual,55
5081,unaligned,valid,visual,55
5082,unaligned,valid,visual,55
5083,unaligned,valid,visual,55
5084,unaligned,valid,visual,55
5085,unaligned,valid,visual,55
5086,unaligned,valid,visual,55
5087,unaligned,valid,visual,55
5088,unaligned,valid,visual,55
5089,unaligned,valid,visual,55
5090,unaligned,valid,visual,55
5091,unaligned,valid,visual,55
5092,unaligned,valid,visual,55
5093,unaligned,valid,visual,55
5094,unaligned,valid,visual,55
5095,unaligned,valid,visual,55
5096,unaligned,valid,visual,55
5097,unaligned,valid,visual,55
5098,unaligned,valid,visual,55
5099,unaligned,valid,visual,55
5100,unaligned,valid,visual,55
5101,unaligned,valid,visual,55
5102,unaligned,valid,visual,55
5103,unaligned,valid,visual,55
5104,unaligned,valid,visual,55
5105,unaligned,valid,visual,55
5106,unaligned,valid,visual,55
5107,unaligned,valid,visual,55
5108,unaligned,valid,visual,55
5109,unaligned,valid,visual,55
5110,unaligned,valid,visual,55
5111,unaligned,valid,visual,55
5112,unaligned,valid,visual,55
5113,unaligned,valid,visual,55
5114,unaligned,valid,visual,55
5115,unaligned,valid,visual,55
5116,unaligned,valid,visual,55
5117,unaligned,valid,visual,55
5118,unaligned,valid,visual,55
5119,unaligned,valid,visual,55
5120,unaligned,valid,visual,55
5121,unaligned,valid,visual,55
5122,unaligned,valid,visual,55
5123,unaligned,valid,visual,55
5124,unaligned,valid,visual,55
5125,unaligned,valid,visual,55
5126,unaligned,valid,visual,55
5127,unaligned,valid,visual,55
5128,unaligned,valid,visual,55
5129,unaligned,valid,visual,55
5130,unaligned,valid,visual,55
5131,unaligned,valid,visual,55
5132,unaligned,valid,visual,55
5133,unaligned,valid,visual,55
5134,unaligned,valid,visual,55
5135,unaligned,valid,visual,55
5136,unaligned,valid,visual,55
5137,unaligned,valid,visual,55
5138,unaligned,valid,visual,55
5139,unaligned,valid,visual,55
5140,unaligned,valid,visual,55
5141,unaligned,valid,visual,55
5142,unaligned,valid,visual,55
5143,unaligned,valid,visual,55
5144,unaligned,valid,visual,55
5145,unaligned,valid,visual,55
5146,unaligned,valid,visual,55
5147,unaligned,valid,visual,55
5148,unaligned,valid,visual,55
5149,unaligned,valid,visual,55
5150,unaligned,valid,visual,55
5151,unaligned,valid,visual,55
5152,unaligned,valid,visual,55
5153,unaligned,valid,visual,55
5154,unaligned,valid,visual,55
5155,unaligned,valid,visual,55
5156,unaligned,valid,visual,55
5157,unaligned,valid,visual,55
5158,unaligned,valid,visual,55
5159,unaligned,valid,visual,55
5160,unaligned,valid,visual,55
5161,unaligned,valid,visual,55
5162,unaligned,valid,visual,55
5163,unaligned,valid,visual,55
5164,unaligned,valid,visual,55
5165,unaligned,valid,visual,55
5166,unaligned,valid,visual,55
5167,unaligned,valid,visual,55
5168,unaligned,valid,visual,55
5169,unaligned,valid,visual,55
5170,unaligned,valid,visual,55
5171,unaligned,valid,visual,55
5172,unaligned,valid,visual,55
5173,unaligned,valid,visual,55
5174,unaligned,valid,visual,55
5175,unaligned,valid,visual,55
5176,unaligned,valid,visual,55
5177,unaligned,valid,visual,55
5178,unaligned,valid,visual,55
5179,unaligned,valid,visual,55
5180,unaligned,valid,visual,55
5181,unaligned,valid,visual,55
5182,unaligned,valid,visual,55
5183,unaligned,valid,visual,55
5184,unaligned,valid,visual,55
5185,unaligned,valid,visual,55
5186,unaligned,valid,visual,55
5187,unaligned,valid,visual,55
5188,unaligned,valid,visual,55
5189,unaligned,valid,visual,55
5190,unaligned,valid,visual,55
5191,unaligned,valid,visual,55
5192,unaligned,valid,visual,55
5193,unaligned,valid,visual,55
5194,unaligned,valid,visual,55
5195,unaligned,valid,visual,55
5196,unaligned,valid,visual,55
5197,unaligned,valid,visual,55
5198,unaligned,valid,visual,55
5199,unaligned,valid,visual,55
5200,unaligned,valid,visual,55
5201,unaligned,valid,visual,55
5202,unaligned,valid,visual,55
5203,unaligned,valid,visual,55
5204,unaligned,valid,visual,55
5205,unaligned,valid,visual,55
5206,unaligned,valid,visual,55
5207,unaligned,valid,visual,55
5208,unaligned,valid,visual,55
5209,unaligned,valid,visual,55
5210,unaligned,valid,visual,55
5211,unaligned,valid,visual,55
5212,unaligned,valid,visual,55
5213,unaligned,valid,visual,55
5214,unaligned,valid,visual,55
5215,unaligned,valid,visual,55
5216,unaligned,valid,visual,55
5217,unaligned,valid,visual,55
5218,unaligned,valid,visual,55
5219,unaligned,valid,visual,55
5220,unaligned,valid,visual,55
5221,unaligned,valid,visual,55
5222,unaligned,valid,visual,55
5223,unaligned,valid,visual,55
5224,unaligned,valid,visual,55
5225,unaligned,valid,visual,55
5226,unaligned,valid,visual,55
5227,unaligned,valid,visual,55
5228,unaligned,valid,visual,55
5229,unaligned,valid,visual,55
5230,unaligned,valid,visual,55
5231,unaligned,valid,visual,55
5232,unaligned,valid,visual,55
5233,unaligned,valid,visual,55
5234,unaligned,valid,visual,55
5235,unaligned,valid,visual,55
5236,unaligned,valid,visual,55
5237,unaligned,valid,visual,55
5238,unaligned,valid,visual,55
5239,unaligned,valid,visual,55
5240,unaligned,valid,visual,55
5241,unaligned,valid,visual,55
5242,unaligned,valid,visual,55
5243,unaligned,valid,visual,55
5244,unaligned,valid,visual,55
5245,unaligned,valid,visual,55
5246,unaligned,valid,visual,55
5247,unaligned,valid,visual,55
5248,unaligned,valid,visual,55
5249,unaligned,valid,visual,55
5250,unaligned,valid,visual,55
5251,unaligned,valid,visual,55
5252,unaligned,valid,visual,55
5253,unaligned,valid,visual,55
5254,unaligned,valid,visual,55
5255,unaligned,valid,visual,55
5256,unaligned,valid,visual,55
5257,unaligned,valid,visual,55
5258,unaligned,valid,visual,55
5259,unaligned,valid,visual,55
5260,unaligned,valid,visual,55
5261,unaligned,valid,visual,55
5262,unaligned,valid,visual,55
5263,unaligned,valid,visual,55
5264,unaligned,valid,visual,55
5265,unaligned,valid,visual,55
5266,unaligned,valid,visual,55
5267,unaligned,valid,visual,55
5268,unaligned,valid,visual,55
5269,unaligned,valid,visual,55
5270,unaligned,valid,visual,55
5271,unaligned,valid,visual,55
5272,unaligned,valid,visual,55
5273,unaligned,valid,visual,55
5274,unaligned,valid,visual,55
5275,unaligned,valid,visual,55
5276,unaligned,valid,visual,55
5277,unaligned,valid,visual,55
5278,unaligned,valid,visual,55
5279,unaligned,valid,visual,55
5280,unaligned,valid,visual,55
5281,unaligned,valid,visual,55
5282,unaligned,valid,visual,55
5283,unaligned,valid,visual,55
5284,unaligned,valid,visual,55
5285,unaligned,valid,visual,55
5286,unaligned,valid,visual,55
5287,unaligned,valid,visual,55
5288,unaligned,valid,visual,55
5289,unaligned,valid,visual,55
5290,unaligned,valid,visual,55
5291,unaligned,valid,visual,55
5292,unaligned,valid,visual,55
5293,unaligned,valid,visual,55
5294,unaligned,valid,visual,55
5295,unaligned,valid,visual,55
5296,unaligned,valid,visual,55
5297,unaligned,valid,visual,55
5298,unaligned,valid,visual,55
5299,unaligned,valid,visual,55
5300,unaligned,valid,visual,55
5301,unaligned,valid,visual,55
5302,unaligned,valid,visual,55
5303,unaligned,valid,visual,55
5304,unaligned,valid,visual,55
5305,unaligned,valid,visual,55
5306,unaligned,valid,visual,55
5307,unaligned,valid,visual,55
5308,unaligned,valid,visual,55
5309,unaligned,valid,visual,55
5310,unaligned,valid,visual,55
5311,unaligned,valid,visual,55
5312,unaligned,valid,visual,55
5313,unaligned,valid,visual,55
5314,unaligned,valid,visual,55
5315,unaligned,valid,visual,55
5316,unaligned,valid,visual,55
5317,unaligned,valid,visual,55
5318,unaligned,valid,visual,55
5319,unaligned,valid,visual,55
5320,unaligned,valid,visual,55
5321,unaligned,valid,visual,55
5322,unaligned,valid,visual,55
5323,unaligned,valid,visual,55
5324,unaligned,valid,visual,55
5325,unaligned,valid,visual,55
5326,unaligned,valid,visual,55
5327,unaligned,valid,visual,55
5328,unaligned,valid,visual,55
5329,unaligned,valid,visual,55
5330,unaligned,valid,visual,55
5331,unaligned,valid,visual,55
5332,unaligned,valid,visual,55
5333,unaligned,valid,visual,55
5334,unaligned,valid,visual,55
5335,unaligned,valid,visual,55
5336,unaligned,valid,visual,55
5337,unaligned,valid,visual,55
5338,unaligned,valid,visual,55
5339,unaligned,valid,visual,55
5340,unaligned,valid,visual,55
5341,unaligned,valid,visual,55
5342,unaligned,valid,visual,55
5343,unaligned,valid,visual,55
5344,unaligned,valid,visual,55
5345,unaligned,valid,visual,55
5346,unaligned,valid,visual,55
5347,unaligned,valid,visual,55
5348,unaligned,valid,visual,55
5349,unaligned,valid,visual,55
5350,unaligned,valid,visual,55
5351,unaligned,valid,visual,55
5352,unaligned,valid,visual,55
5353,unaligned,valid,visual,55
5354,unaligned,valid,visual,55
5355,unaligned,valid,visual,55
5356,unaligned,valid,visual,55
5357,unaligned,valid,visual,55
5358,unaligned,valid,visual,55
5359,unaligned,valid,visual,55
5360,unaligned,valid,visual,55
5361,unaligned,valid,visual,55
5362,unaligned,valid,visual,55
5363,unaligned,valid,visual,55
5364,unaligned,valid,visual,55
5365,unaligned,valid,visual,55
5366,unaligned,valid,visual,55
5367,unaligned,valid,visual,55
5368,unaligned,valid,visual,55
5369,unaligned,valid,visual,55
5370,unaligned,valid,visual,55
5371,unaligned,valid,visual,55
5372,unaligned,valid,visual,55
5373,unaligned,valid,visual,55
5374,unaligned,valid,visual,55
5375,unaligned,valid,visual,55
5376,unaligned,valid,visual,55
5377,unaligned,valid,visual,55
5378,unaligned,valid,visual,55
5379,unaligned,valid,visual,55
5380,unaligned,valid,visual,55
5381,unaligned,valid,visual,55
5382,unaligned,valid,visual,55
5383,unaligned,valid,visual,55
5384,unaligned,valid,visual,55
5385,unaligned,valid,visual,55
5386,unaligned,valid,visual,55
5387,unaligned,valid,visual,55
5388,unaligned,valid,visual,55
5389,unaligned,valid,visual,55
5390,unaligned,valid,visual,55
5391,unaligned,valid,visual,55
5392,unaligned,valid,visual,55
5393,unaligned,valid,visual,55
5394,unaligned,valid,visual,55
5395,unaligned,valid,visual,55
5396,unaligned,valid,visual,55
5397,unaligned,valid,visual,55
5398,unaligned,valid,visual,55
5399,unaligned,valid,visual,55
5400,unaligned,valid,visual,55
5401,unaligned,valid,visual,55
5402,unaligned,valid,visual,55
5403,unaligned,valid,visual,55
5404,unaligned,valid,visual,55
5405,unaligned,valid,visual,55
5406,unaligned,valid,visual,55
5407,unaligned,valid,visual,55
5408,unaligned,valid,visual,55
5409,unaligned,valid,visual,55
5410,unaligned,valid,visual,55
5411,unaligned,valid,visual,55
5412,unaligned,valid,visual,55
5413,unaligned,valid,visual,55
5414,unaligned,valid,visual,55
5415,unaligned,valid,visual,55
5416,unaligned,valid,visual,55
5417,unaligned,valid,visual,55
5418,unaligned,valid,visual,55
5419,unaligned,valid,visual,55
5420,unaligned,valid,visual,55
5421,unaligned,valid,visual,55
5422,unaligned,valid,visual,55
5423,unaligned,valid,visual,55
5424,unaligned,valid,visual,55
5425,unaligned,valid,visual,55
5426,unaligned,valid,visual,55
5427,unaligned,valid,visual,55
5428,unaligned,valid,visual,55
5429,unaligned,valid,visual,55
5430,unaligned,valid,visual,55
5431,unaligned,valid,visual,55
5432,unaligned,valid,visual,55
5433,unaligned,valid,visual,55
5434,unaligned,valid,visual,55
5435,unaligned,valid,visual,55
5436,unaligned,valid,visual,55
5437,unaligned,valid,visual,55
5438,unaligned,valid,visual,55
5439,unaligned,valid,visual,55
5440,unaligned,valid,visual,55
5441,unaligned,valid,visual,55
5442,unaligned,valid,visual,55
5443,unaligned,valid,visual,55
5444,unaligned,valid,visual,55
5445,unaligned,valid,visual,55
5446,unaligned,valid,visual,55
5447,unaligned,valid,visual,55
5448,unaligned,valid,visual,55
5449,unaligned,valid,visual,55
5450,unaligned,valid,visual,55
5451,unaligned,valid,visual,55
5452,unaligned,valid,visual,55
5453,unaligned,valid,visual,55
5454,unaligned,valid,visual,55
5455,unaligned,valid,visual,55
5456,unaligned,valid,visual,55
5457,unaligned,valid,visual,55
5458,unaligned,valid,visual,55
5459,unaligned,valid,visual,55
5460,unaligned,valid,visual,55
5461,unaligned,valid,visual,55
5462,unaligned,valid,visual,55
5463,unaligned,valid,visual,55
5464,unaligned,valid,visual,55
5465,unaligned,valid,visual,55
5466,unaligned,valid,visual,55
5467,unaligned,valid,visual,55
5468,unaligned,valid,visual,55
5469,unaligned,valid,visual,55
5470,unaligned,valid,visual,55
5471,unaligned,valid,visual,55
5472,unaligned,test,text,39
5473,unaligned,test,text,39
5474,unaligned,test,text,39
5475,unaligned,test,text,39
5476,unaligned,test,text,39
5477,unaligned,test,text,39
5478,unaligned,test,text,39
5479,unaligned,test,text,39
5480,unaligned,test,text,39
5481,unaligned,test,text,39
5482,unaligned,test,text,39
5483,unaligned,test,text,39
5484,unaligned,test,text,39
5485,unaligned,test,text,39
5486,unaligned,test,text,39
5487,unaligned,test,text,39
5488,unaligned,test,text,39
5489,unaligned,test,text,39
5490,unaligned,test,text,39
5491,unaligned,test,text,39
5492,unaligned,test,text,39
5493,unaligned,test,text,39
5494,unaligned,test,text,39
5495,unaligned,test,text,39
5496,unaligned,test,text,39
5497,unaligned,test,text,39
5498,unaligned,test,text,39
5499,unaligned,test,text,39
5500,unaligned,test,text,39
5501,unaligned,test,text,39
5502,unaligned,test,text,39
5503,unaligned,test,text,39
5504,unaligned,test,text,39
5505,unaligned,test,text,39
5506,unaligned,test,text,39
5507,unaligned,test,text,39
5508,unaligned,test,text,39
5509,unaligned,test,text,39
5510,unaligned,test,text,39
5511,unaligned,test,text,39
5512,unaligned,test,text,39
5513,unaligned,test,text,39
5514,unaligned,test,text,39
5515,unaligned,test,text,39
5516,unaligned,test,text,39
5517,unaligned,test,text,39
5518,unaligned,test,text,39
5519,unaligned,test,text,39
5520,unaligned,test,text,39
5521,unaligned,test,text,39
5522,unaligned,test,text,39
5523,unaligned,test,text,39
5524,unaligned,test,text,39
5525,unaligned,test,text,39
5526,unaligned,test,text,39
5527,unaligned,test,text,39
5528,unaligned,test,text,39
5529,unaligned,test,text,39
5530,unaligned,test,text,39
5531,unaligned,test,text,39
5532,unaligned,test,text,39
5533,unaligned,test,text,39
5534,unaligned,test,text,39
5535,unaligned,test,text,39
5536,unaligned,test,text,39
5537,unaligned,test,text,39
5538,unaligned,test,text,39
5539,unaligned,test,text,39
5540,unaligned,test,text,39
5541,unaligned,test,text,39
5542,unaligned,test,text,39
5543,unaligned,test,text,39
5544,unaligned,test,text,39
5545,unaligned,test,text,39
5546,unaligned,test,text,39
5547,unaligned,test,text,39
5548,unaligned,test,text,39
5549,unaligned,test,text,39
5550,unaligned,test,text,39
5551,unaligned,test,text,39
5552,unaligned,test,text,39
5553,unaligned,test,text,39
5554,unaligned,test,text,39
5555,unaligned,test,text,39
5556,unaligned,test,text,39
5557,unaligned,test,text,39
5558,unaligned,test,text,39
5559,unaligned,test,text,39
5560,unaligned,test,text,39
5561,unaligned,test,text,39
5562,unaligned,test,text,39
5563,unaligned,test,text,39
5564,unaligned,test,text,39
5565,unaligned,test,text,39
5566,unaligned,test,text,39
5567,unaligned,test,text,39
5568,unaligned,test,text,39
5569,unaligned,test,text,39
5570,unaligned,test,text,39
5571,unaligned,test,text,39
5572,unaligned,test,text,39
5573,unaligned,test,text,39
5574,unaligned,test,text,39
5575,unaligned,test,text,39
5576,unaligned,test,text,39
5577,unaligned,test,text,39
5578,unaligned,test,text,39
5579,unaligned,test,text,39
5580,unaligned,test,text,39
5581,unaligned,test,text,39
5582,unaligned,test,text,39
5583,unaligned,test,text,39
5584,unaligned,test,text,39
5585,unaligned,test,text,39
5586,unaligned,test,text,39
5587,unaligned,test,text,39
5588,unaligned,test,text,39
5589,unaligned,test,text,39
5590,unaligned,test,text,39
5591,unaligned,test,text,39
5592,unaligned,test,text,39
5593,unaligned,test,text,39
5594,unaligned,test,text,39
5595,unaligned,test,text,39
5596,unaligned,test,text,39
5597,unaligned,test,text,39
5598,unaligned,test,text,39
5599,unaligned,test,text,39
5600,unaligned,test,text,39
5601,unaligned,test,text,39
5602,unaligned,test,text,39
5603,unaligned,test,text,39
5604,unaligned,test,text,39
5605,unaligned,test,text,39
5606,unaligned,test,text,39
5607,unaligned,test,text,39
5608,unaligned,test,text,39
5609,unaligned,test,text,39
5610,unaligned,test,text,39
5611,unaligned,test,text,39
5612,unaligned,test,text,39
5613,unaligned,test,text,39
5614,unaligned,test,text,39
5615,unaligned,test,text,39
5616,unaligned,test,text,39
5617,unaligned,test,text,39
5618,unaligned,test,text,39
5619,unaligned,test,text,39
5620,unaligned,test,text,39
5621,unaligned,test,text,39
5622,unaligned,test,text,39
5623,unaligned,test,text,39
5624,unaligned,test,text,39
5625,unaligned,test,text,39
5626,unaligned,test,text,39
5627,unaligned,test,text,39
5628,unaligned,test,text,39
5629,unaligned,test,text,39
5630,unaligned,test,text,39
5631,unaligned,test,text,39
5632,unaligned,test,text,39
5633,unaligned,test,text,39
5634,unaligned,test,text,39
5635,unaligned,test,text,39
5636,unaligned,test,text,39
5637,unaligned,test,text,39
5638,unaligned,test,text,39
5639,unaligned,test,text,39
5640,unaligned,test,text,39
5641,unaligned,test,text,39
5642,unaligned,test,text,39
5643,unaligned,test,text,39
5644,unaligned,test,text,39
5645,unaligned,test,text,39
5646,unaligned,test,text,39
5647,unaligned,test,text,39
5648,unaligned,test,text,39
5649,unaligned,test,text,39
5650,unaligned,test,text,39
5651,unaligned,test,text,39
5652,unaligned,test,text,39
5653,unaligned,test,text,39
5654,unaligned,test,text,39
5655,unaligned,test,text,39
5656,unaligned,test,text,39
5657,unaligned,test,text,39
5658,unaligned,test,text,39
5659,unaligned,test,text,39
5660,unaligned,test,text,39
5661,unaligned,test,text,39
5662,unaligned,test,text,39
5663,unaligned,test,text,39
5664,unaligned,test,text,39
5665,unaligned,test,text,39
5666,unaligned,test,text,39
5667,unaligned,test,text,39
5668,unaligned,test,text,39
5669,unaligned,test,text,39
5670,unaligned,test,text,39
5671,unaligned,test,text,39
5672,unaligned,test,text,39
5673,unaligned,test,text,39
5674,unaligned,test,text,39
5675,unaligned,test,text,39
5676,unaligned,test,text,39
5677,unaligned,test,text,39
5678,unaligned,test,text,39
5679,unaligned,test,text,39
5680,unaligned,test,text,39
5681,unaligned,test,text,39
5682,unaligned,test,text,39
5683,unaligned,test,text,39
5684,unaligned,test,text,39
5685,unaligned,test,text,39
5686,unaligned,test,text,39
5687,unaligned,test,text,39
5688,unaligned,test,text,39
5689,unaligned,test,text,39
5690,unaligned,test,text,39
5691,unaligned,test,text,39
5692,unaligned,test,text,39
5693,unaligned,test,text,39
5694,unaligned,test,text,39
5695,unaligned,test,text,39
5696,unaligned,test,text,39
5697,unaligned,test,text,39
5698,unaligned,test,text,39
5699,unaligned,test,text,39
5700,unaligned,test,text,39
5701,unaligned,test,text,39
5702,unaligned,test,text,39
5703,unaligned,test,text,39
5704,unaligned,test,text,39
5705,unaligned,test,text,39
5706,unaligned,test,text,39
5707,unaligned,test,text,39
5708,unaligned,test,text,39
5709,unaligned,test,text,39
5710,unaligned,test,text,39
5711,unaligned,test,text,39
5712,unaligned,test,text,39
5713,unaligned,test,text,39
5714,unaligned,test,text,39
5715,unaligned,test,text,39
5716,unaligned,test,text,39
5717,unaligned,test,text,39
5718,unaligned,test,text,39
5719,unaligned,test,text,39
5720,unaligned,test,text,39
5721,unaligned,test,text,39
5722,unaligned,test,text,39
5723,unaligned,test,text,39
5724,unaligned,test,text,39
5725,unaligned,test,text,39
5726,unaligned,test,text,39
5727,unaligned,test,text,39
5728,unaligned,test,text,39
5729,unaligned,test,text,39
5730,unaligned,test,text,39
5731,unaligned,test,text,39
5732,unaligned,test,text,39
5733,unaligned,test,text,39
5734,unaligned,test,text,39
5735,unaligned,test,text,39
5736,unaligned,test,text,39
5737,unaligned,test,text,39
5738,unaligned,test,text,39
5739,unaligned,test,text,39
5740,unaligned,test,text,39
5741,unaligned,test,text,39
5742,unaligned,test,text,39
5743,unaligned,test,text,39
5744,unaligned,test,text,39
5745,unaligned,test,text,39
5746,unaligned,test,text,39
5747,unaligned,test,text,39
5748,unaligned,test,text,39
5749,unaligned,test,text,39
5750,unaligned,test,text,39
5751,unaligned,test,text,39
5752,unaligned,test,text,39
5753,unaligned,test,text,39
5754,unaligned,test,text,39
5755,unaligned,test,text,39
5756,unaligned,test,text,39
5757,unaligned,test,text,39
5758,unaligned,test,text,39
5759,unaligned,test,text,39
5760,unaligned,test,text,39
5761,unaligned,test,text,39
5762,unaligned,test,text,39
5763,unaligned,test,text,39
5764,unaligned,test,text,39
5765,unaligned,test,text,39
5766,unaligned,test,text,39
5767,unaligned,test,text,39
5768,unaligned,test,text,39
5769,unaligned,test,text,39
5770,unaligned,test,text,39
5771,unaligned,test,text,39
5772,unaligned,test,text,39
5773,unaligned,test,text,39
5774,unaligned,test,text,39
5775,unaligned,test,text,39
5776,unaligned,test,text,39
5777,unaligned,test,text,39
5778,unaligned,test,text,39
5779,unaligned,test,text,39
5780,unaligned,test,text,39
5781,unaligned,test,text,39
5782,unaligned,test,text,39
5783,unaligned,test,text,39
5784,unaligned,test,text,39
5785,unaligned,test,text,39
5786,unaligned,test,text,39
5787,unaligned,test,text,39
5788,unaligned,test,text,39
5789,unaligned,test,text,39
5790,unaligned,test,text,39
5791,unaligned,test,text,39
5792,unaligned,test,text,39
5793,unaligned,test,text,39
5794,unaligned,test,text,39
5795,unaligned,test,text,39
5796,unaligned,test,text,39
5797,unaligned,test,text,39
5798,unaligned,test,text,39
5799,unaligned,test,text,39
5800,unaligned,test,text,39
5801,unaligned,test,text,39
5802,unaligned,test,text,39
5803,unaligned,test,text,39
5804,unaligned,test,text,39
5805,unaligned,test,text,39
5806,unaligned,test,text,39
5807,unaligned,test,text,39
5808,unaligned,test,text,39
5809,unaligned,test,text,39
5810,unaligned,test,text,39
5811,unaligned,test,text,39
5812,unaligned,test,text,39
5813,unaligned,test,text,39
5814,unaligned,test,text,39
5815,unaligned,test,text,39
5816,unaligned,test,text,39
5817,unaligned,test,text,39
5818,unaligned,test,text,39
5819,unaligned,test,text,39
5820,unaligned,test,text,39
5821,unaligned,test,text,39
5822,unaligned,test,text,39
5823,unaligned,test,text,39
5824,unaligned,test,text,39
5825,unaligned,test,text,39
5826,unaligned,test,text,39
5827,unaligned,test,text,39
5828,unaligned,test,text,39
5829,unaligned,test,text,39
5830,unaligned,test,text,39
5831,unaligned,test,text,39
5832,unaligned,test,text,39
5833,unaligned,test,text,39
5834,unaligned,test,text,39
5835,unaligned,test,text,39
5836,unaligned,test,text,39
5837,unaligned,test,text,39
5838,unaligned,test,text,39
5839,unaligned,test,text,39
5840,unaligned,test,text,39
5841,unaligned,test,text,39
5842,unaligned,test,text,39
5843,unaligned,test,text,39
5844,unaligned,test,text,39
5845,unaligned,test,text,39
5846,unaligned,test,text,39
5847,unaligned,test,text,39
5848,unaligned,test,text,39
5849,unaligned,test,text,39
5850,unaligned,test,text,39
5851,unaligned,test,text,39
5852,unaligned,test,text,39
5853,unaligned,test,text,39
5854,unaligned,test,text,39
5855,unaligned,test,text,39
5856,unaligned,test,text,39
5857,unaligned,test,text,39
5858,unaligned,test,text,39
5859,unaligned,test,text,39
5860,unaligned,test,text,39
5861,unaligned,test,text,39
5862,unaligned,test,text,39
5863,unaligned,test,text,39
5864,unaligned,test,text,39
5865,unaligned,test,text,39
5866,unaligned,test,text,39
5867,unaligned,test,text,39
5868,unaligned,test,text,39
5869,unaligned,test,text,39
5870,unaligned,test,text,39
5871,unaligned,test,text,39
5872,unaligned,test,text,39
5873,unaligned,test,text,39
5874,unaligned,test,text,39
5875,unaligned,test,text,39
5876,unaligned,test,text,39
5877,unaligned,test,text,39
5878,unaligned,test,text,39
5879,unaligned,test,text,39
5880,unaligned,test,text,39
5881,unaligned,test,text,39
5882,unaligned,test,text,39
5883,unaligned,test,text,39
5884,unaligned,test,text,39
5885,unaligned,test,text,39
5886,unaligned,test,text,39
5887,unaligned,test,text,39
5888,unaligned,test,text,39
5889,unaligned,test,text,39
5890,unaligned,test,text,39
5891,unaligned,test,text,39
5892,unaligned,test,text,39
5893,unaligned,test,text,39
5894,unaligned,test,text,39
5895,unaligned,test,text,39
5896,unaligned,test,text,39
5897,unaligned,test,text,39
5898,unaligned,test,text,39
5899,unaligned,test,text,39
5900,unaligned,test,text,39
5901,unaligned,test,text,39
5902,unaligned,test,text,39
5903,unaligned,test,text,39
5904,unaligned,test,text,39
5905,unaligned,test,text,39
5906,unaligned,test,text,39
5907,unaligned,test,text,39
5908,unaligned,test,text,39
5909,unaligned,test,text,39
5910,unaligned,test,text,39
5911,unaligned,test,text,39
5912,unaligned,test,text,39
5913,unaligned,test,text,39
5914,unaligned,test,text,39
5915,unaligned,test,text,39
5916,unaligned,test,text,39
5917,unaligned,test,text,39
5918,unaligned,test,text,39
5919,unaligned,test,text,39
5920,unaligned,test,text,39
5921,unaligned,test,text,39
5922,unaligned,test,text,39
5923,unaligned,test,text,39
5924,unaligned,test,text,39
5925,unaligned,test,text,39
5926,unaligned,test,text,39
5927,unaligned,test,text,39
5928,unaligned,test,text,39
5929,unaligned,test,audio,400
5930,unaligned,test,audio,400
5931,unaligned,test,audio,400
5932,unaligned,test,audio,400
5933,unaligned,test,audio,400
5934,unaligned,test,audio,400
5935,unaligned,test,audio,400
5936,unaligned,test,audio,400
5937,unaligned,test,audio,400
5938,unaligned,test,audio,400
5939,unaligned,test,audio,400
5940,unaligned,test,audio,400
5941,unaligned,test,audio,400
5942,unaligned,test,audio,400
5943,unaligned,test,audio,400
5944,unaligned,test,audio,400
5945,unaligned,test,audio,400
5946,unaligned,test,audio,400
5947,unaligned,test,audio,400
5948,unaligned,test,audio,400
5949,unaligned,test,audio,400
5950,unaligned,test,audio,400
5951,unaligned,test,audio,400
5952,unaligned,test,audio,400
5953,unaligned,test,audio,400
5954,unaligned,test,audio,400
5955,unaligned,test,audio,400
5956,unaligned,test,audio,400
5957,unaligned,test,audio,400
5958,unaligned,test,audio,400
5959,unaligned,test,audio,400
5960,unaligned,test,audio,400
5961,unaligned,test,audio,400
5962,unaligned,test,audio,400
5963,unaligned,test,audio,400
5964,unaligned,test,audio,400
5965,unaligned,test,audio,400
5966,unaligned,test,audio,400
5967,unaligned,test,audio,400
5968,unaligned,test,audio,400
5969,unaligned,test,audio,400
5970,unaligned,test,audio,400
5971,unaligned,test,audio,400
5972,unaligned,test,audio,400
5973,unaligned,test,audio,400
5974,unaligned,test,audio,400
5975,unaligned,test,audio,400
5976,unaligned,test,audio,400
5977,unaligned,test,audio,400
5978,unaligned,test,audio,400
5979,unaligned,test,audio,400
5980,unaligned,test,audio,400
5981,unaligned,test,audio,400
5982,unaligned,test,audio,400
5983,unaligned,test,audio,400
5984,unaligned,test,audio,400
5985,unaligned,test,audio,400
5986,unaligned,test,audio,400
5987,unaligned,test,audio,400
5988,unaligned,test,audio,400
5989,unaligned,test,audio,400
5990,unaligned,test,audio,400
5991,unaligned,test,audio,400
5992,unaligned,test,audio,400
5993,unaligned,test,audio,400
5994,unaligned,test,audio,400
5995,unaligned,test,audio,400
5996,unaligned,test,audio,400
5997,unaligned,test,audio,400
5998,unaligned,test,audio,400
5999,unaligned,test,audio,400
6000,unaligned,test,audio,400
6001,unaligned,test,audio,400
6002,unaligned,test,audio,400
6003,unaligned,test,audio,400
6004,unaligned,test,audio,400
6005,unaligned,test,audio,400
6006,unaligned,test,audio,400
6007,unaligned,test,audio,400
6008,unaligned,test,audio,400
6009,unaligned,test,audio,400
6010,unaligned,test,audio,400
6011,unaligned,test,audio,400
6012,unaligned,test,audio,400
6013,unaligned,test,audio,400
6014,unaligned,test,audio,400
6015,unaligned,test,audio,400
6016,unaligned,test,audio,400
6017,unaligned,test,audio,400
6018,unaligned,test,audio,400
6019,unaligned,test,audio,400
6020,unaligned,test,audio,400
6021,unaligned,test,audio,400
6022,unaligned,test,audio,400
6023,unaligned,test,audio,400
6024,unaligned,test,audio,400
6025,unaligned,test,audio,400
6026,unaligned,test,audio,400
6027,unaligned,test,audio,400
6028,unaligned,test,audio,400
6029,unaligned,test,audio,400
6030,unaligned,test,audio,400
6031,unaligned,test,audio,400
6032,unaligned,test,audio,400
6033,unaligned,test,audio,400
6034,unaligned,test,audio,400
6035,unaligned,test,audio,400
6036,unaligned,test,audio,400
6037,unaligned,test,audio,400
6038,unaligned,test,audio,400
6039,unaligned,test,audio,400
6040,unaligned,test,audio,400
6041,unaligned,test,audio,400
6042,unaligned,test,audio,400
6043,unaligned,test,audio,400
6044,unaligned,test,audio,400
6045,unaligned,test,audio,400
6046,unaligned,test,audio,400
6047,unaligned,test,audio,400
6048,unaligned,test,audio,400
6049,unaligned,test,audio,400
6050,unaligned,test,audio,400
6051,unaligned,test,audio,400
6052,unaligned,test,audio,400
6053,unaligned,test,audio,400
6054,unaligned,test,audio,400
6055,unaligned,test,audio,400
6056,unaligned,test,audio,400
6057,unaligned,test,audio,400
6058,unaligned,test,audio,400
6059,unaligned,test,audio,400
6060,unaligned,test,audio,400
6061,unaligned,test,audio,400
6062,unaligned,test,audio,400
6063,unaligned,test,audio,400
6064,unaligned,test,audio,400
6065,unaligned,test,audio,400
6066,unaligned,test,audio,400
6067,unaligned,test,audio,400
6068,unaligned,test,audio,400
6069,unaligned,test,audio,400
6070,unaligned,test,audio,400
6071,unaligned,test,audio,400
6072,unaligned,test,audio,400
6073,unaligned,test,audio,400
6074,unaligned,test,audio,400
6075,unaligned,test,audio,400
6076,unaligned,test,audio,400
6077,unaligned,test,audio,400
6078,unaligned,test,audio,400
6079,unaligned,test,audio,400
6080,unaligned,test,audio,400
6081,unaligned,test,audio,400
6082,unaligned,test,audio,400
6083,unaligned,test,audio,400
6084,unaligned,test,audio,400
6085,unaligned,test,audio,400
6086,unaligned,test,audio,400
6087,unaligned,test,audio,400
6088,unaligned,test,audio,400
6089,unaligned,test,audio,400
6090,unaligned,test,audio,400
6091,unaligned,test,audio,400
6092,unaligned,test,audio,400
6093,unaligned,test,audio,400
6094,unaligned,test,audio,400
6095,unaligned,test,audio,400
6096,unaligned,test,audio,400
6097,unaligned,test,audio,400
6098,unaligned,test,audio,400
6099,unaligned,test,audio,400
6100,unaligned,test,audio,400
6101,unaligned,test,audio,400
6102,unaligned,test,audio,400
6103,unaligned,test,audio,400
6104,unaligned,test,audio,400
6105,unaligned,test,audio,400
6106,unaligned,test,audio,400
6107,unaligned,test,audio,400
6108,unaligned,test,audio,400
6109,unaligned,test,audio,400
6110,unaligned,test,audio,400
6111,unaligned,test,audio,400
6112,unaligned,test,audio,400
6113,unaligned,test,audio,400
6114,unaligned,test,audio,400
6115,unaligned,test,audio,400
6116,unaligned,test,audio,400
6117,unaligned,test,audio,400
6118,unaligned,test,audio,400
6119,unaligned,test,audio,400
6120,unaligned,test,audio,400
6121,unaligned,test,audio,400
6122,unaligned,test,audio,400
6123,unaligned,test,audio,400
6124,unaligned,test,audio,400
6125,unaligned,test,audio,400
6126,unaligned,test,audio,400
6127,unaligned,test,audio,400
6128,unaligned,test,audio,400
6129,unaligned,test,audio,400
6130,unaligned,test,audio,400
6131,unaligned,test,audio,400
6132,unaligned,test,audio,400
6133,unaligned,test,audio,400
6134,unaligned,test,audio,400
6135,unaligned,test,audio,400
6136,unaligned,test,audio,400
6137,unaligned,test,audio,400
6138,unaligned,test,audio,400
6139,unaligned,test,audio,400
6140,unaligned,test,audio,400
6141,unaligned,test,audio,400
6142,unaligned,test,audio,400
6143,unaligned,test,audio,400
6144,unaligned,test,audio,400
6145,unaligned,test,audio,400
6146,unaligned,test,audio,400
6147,unaligned,test,audio,400
6148,unaligned,test,audio,400
6149,unaligned,test,audio,400
6150,unaligned,test,audio,400
6151,unaligned,test,audio,400
6152,unaligned,test,audio,400
6153,unaligned,test,audio,400
6154,unaligned,test,audio,400
6155,unaligned,test,audio,400
6156,unaligned,test,audio,400
6157,unaligned,test,audio,400
6158,unaligned,test,audio,400
6159,unaligned,test,audio,400
6160,unaligned,test,audio,400
6161,unaligned,test,audio,400
6162,unaligned,test,audio,400
6163,unaligned,test,audio,400
6164,unaligned,test,audio,400
6165,unaligned,test,audio,400
6166,unaligned,test,audio,400
6167,unaligned,test,audio,400
6168,unaligned,test,audio,400
6169,unaligned,test,audio,400
6170,unaligned,test,audio,400
6171,unaligned,test,audio,400
6172,unaligned,test,audio,400
6173,unaligned,test,audio,400
6174,unaligned,test,audio,400
6175,unaligned,test,audio,400
6176,unaligned,test,audio,400
6177,unaligned,test,audio,400
6178,unaligned,test,audio,400
6179,unaligned,test,audio,400
6180,unaligned,test,audio,400
6181,unaligned,test,audio,400
6182,unaligned,test,audio,400
6183,unaligned,test,audio,400
6184,unaligned,test,audio,400
6185,unaligned,test,audio,400
6186,unaligned,test,audio,400
6187,unaligned,test,audio,400
6188,unaligned,test,audio,400
6189,unaligned,test,audio,400
6190,unaligned,test,audio,400
6191,unaligned,test,audio,400
6192,unaligned,test,audio,400
6193,unaligned,test,audio,400
6194,unaligned,test,audio,400
6195,unaligned,test,audio,400
6196,unaligned,test,audio,400
6197,unaligned,test,audio,400
6198,unaligned,test,audio,400
6199,unaligned,test,audio,400
6200,unaligned,test,audio,400
6201,unaligned,test,audio,400
6202,unaligned,test,audio,400
6203,unaligned,test,audio,400
6204,unaligned,test,audio,400
6205,unaligned,test,audio,400
6206,unaligned,test,audio,400
6207,unaligned,test,audio,400
6208,unaligned,test,audio,400
6209,unaligned,test,audio,400
6210,unaligned,test,audio,400
6211,unaligned,test,audio,400
6212,unaligned,test,audio,400
6213,unaligned,test,audio,400
6214,unaligned,test,audio,400
6215,unaligned,test,audio,400
6216,unaligned,test,audio,400
6217,unaligned,test,audio,400
6218,unaligned,test,audio,400
6219,unaligned,test,audio,400
6220,unaligned,test,audio,400
6221,unaligned,test,audio,400
6222,unaligned,test,audio,400
6223,unaligned,test,audio,400
6224,unaligned,test,audio,400
6225,unaligned,test,audio,400
6226,unaligned,test,audio,400
6227,unaligned,test,audio,400
6228,unaligned,test,audio,400
6229,unaligned,test,audio,400
6230,unaligned,test,audio,400
6231,unaligned,test,audio,400
6232,unaligned,test,audio,400
6233,unaligned,test,audio,400
6234,unaligned,test,audio,400
6235,unaligned,test,audio,400
6236,unaligned,test,audio,400
6237,unaligned,test,audio,400
6238,unaligned,test,audio,400
6239,unaligned,test,audio,400
6240,unaligned,test,audio,400
6241,unaligned,test,audio,400
6242,unaligned,test,audio,400
6243,unaligned,test,audio,400
6244,unaligned,test,audio,400
6245,unaligned,test,audio,400
6246,unaligned,test,audio,400
6247,unaligned,test,audio,400
6248,unaligned,test,audio,400
6249,unaligned,test,audio,400
6250,unaligned,test,audio,400
6251,unaligned,test,audio,400
6252,unaligned,test,audio,400
6253,unaligned,test,audio,400
6254,unaligned,test,audio,400
6255,unaligned,test,audio,400
6256,unaligned,test,audio,400
6257,unaligned,test,audio,400
6258,unaligned,test,audio,400
6259,unaligned,test,audio,400
6260,unaligned,test,audio,400
6261,unaligned,test,audio,400
6262,unaligned,test,audio,400
6263,unaligned,test,audio,400
6264,unaligned,test,audio,400
6265,unaligned,test,audio,400
6266,unaligned,test,audio,400
6267,unaligned,test,audio,400
6268,unaligned,test,audio,400
6269,unaligned,test,audio,400
6270,unaligned,test,audio,400
6271,unaligned,test,audio,400
6272,unaligned,test,audio,400
6273,unaligned,test,audio,400
6274,unaligned,test,audio,400
6275,unaligned,test,audio,400
6276,unaligned,test,audio,400
6277,unaligned,test,audio,400
6278,unaligned,test,audio,400
6279,unaligned,test,audio,400
6280,unaligned,test,audio,400
6281,unaligned,test,audio,400
6282,unaligned,test,audio,400
6283,unaligned,test,audio,400
6284,unaligned,test,audio,400
6285,unaligned,test,audio,400
6286,unaligned,test,audio,400
6287,unaligned,test,audio,400
6288,unaligned,test,audio,400
6289,unaligned,test,audio,400
6290,unaligned,test,audio,400
6291,unaligned,test,audio,400
6292,unaligned,test,audio,400
6293,unaligned,test,audio,400
6294,unaligned,test,audio,400
6295,unaligned,test,audio,400
6296,unaligned,test,audio,400
6297,unaligned,test,audio,400
6298,unaligned,test,audio,400
6299,unaligned,test,audio,400
6300,unaligned,test,audio,400
6301,unaligned,test,audio,400
6302,unaligned,test,audio,400
6303,unaligned,test,audio,400
6304,unaligned,test,audio,400
6305,unaligned,test,audio,400
6306,unaligned,test,audio,400
6307,unaligned,test,audio,400
6308,unaligned,test,audio,400
6309,unaligned,test,audio,400
6310,unaligned,test,audio,400
6311,unaligned,test,audio,400
6312,unaligned,test,audio,400
6313,unaligned,test,audio,400
6314,unaligned,test,audio,400
6315,unaligned,test,audio,400
6316,unaligned,test,audio,400
6317,unaligned,test,audio,400
6318,unaligned,test,audio,400
6319,unaligned,test,audio,400
6320,unaligned,test,audio,400
6321,unaligned,test,audio,400
6322,unaligned,test,audio,400
6323,unaligned,test,audio,400
6324,unaligned,test,audio,400
6325,unaligned,test,audio,400
6326,unaligned,test,audio,400
6327,unaligned,test,audio,400
6328,unaligned,test,audio,400
6329,unaligned,test,audio,400
6330,unaligned,test,audio,400
6331,unaligned,test,audio,400
6332,unaligned,test,audio,400
6333,unaligned,test,audio,400
6334,unaligned,test,audio,400
6335,unaligned,test,audio,400
6336,unaligned,test,audio,400
6337,unaligned,test,audio,400
6338,unaligned,test,audio,400
6339,unaligned,test,audio,400
6340,unaligned,test,audio,400
6341,unaligned,test,audio,400
6342,unaligned,test,audio,400
6343,unaligned,test,audio,400
6344,unaligned,test,audio,400
6345,unaligned,test,audio,400
6346,unaligned,test,audio,400
6347,unaligned,test,audio,400
6348,unaligned,test,audio,400
6349,unaligned,test,audio,400
6350,unaligned,test,audio,400
6351,unaligned,test,audio,400
6352,unaligned,test,audio,400
6353,unaligned,test,audio,400
6354,unaligned,test,audio,400
6355,unaligned,test,audio,400
6356,unaligned,test,audio,400
6357,unaligned,test,audio,400
6358,unaligned,test,audio,400
6359,unaligned,test,audio,400
6360,unaligned,test,audio,400
6361,unaligned,test,audio,400
6362,unaligned,test,audio,400
6363,unaligned,test,audio,400
6364,unaligned,test,audio,400
6365,unaligned,test,audio,400
6366,unaligned,test,audio,400
6367,unaligned,test,audio,400
6368,unaligned,test,audio,400
6369,unaligned,test,audio,400
6370,unaligned,test,audio,400
6371,unaligned,test,audio,400
6372,unaligned,test,audio,400
6373,unaligned,test,audio,400
6374,unaligned,test,audio,400
6375,unaligned,test,audio,400
6376,unaligned,test,audio,400
6377,unaligned,test,audio,400
6378,unaligned,test,audio,400
6379,unaligned,test,audio,400
6380,unaligned,test,audio,400
6381,unaligned,test,audio,400
6382,unaligned,test,audio,400
6383,unaligned,test,audio,400
6384,unaligned,test,audio,400
6385,unaligned,test,audio,400
6386,unaligned,test,visual,55
6387,unaligned,test,visual,55
6388,unaligned,test,visual,55
6389,unaligned,test,visual,55
6390,unaligned,test,visual,55
6391,unaligned,test,visual,55
6392,unaligned,test,visual,55
6393,unaligned,test,visual,55
6394,unaligned,test,visual,55
6395,unaligned,test,visual,55
6396,unaligned,test,visual,55
6397,unaligned,test,visual,55
6398,unaligned,test,visual,55
6399,unaligned,test,visual,55
6400,unaligned,test,visual,55
6401,unaligned,test,visual,55
6402,unaligned,test,visual,55
6403,unaligned,test,visual,55
6404,unaligned,test,visual,55
6405,unaligned,test,visual,55
6406,unaligned,test,visual,55
6407,unaligned,test,visual,55
6408,unaligned,test,visual,55
6409,unaligned,test,visual,55
6410,unaligned,test,visual,55
6411,unaligned,test,visual,55
6412,unaligned,test,visual,55
6413,unaligned,test,visual,55
6414,unaligned,test,visual,55
6415,unaligned,test,visual,55
6416,unaligned,test,visual,55
6417,unaligned,test,visual,55
6418,unaligned,test,visual,55
6419,unaligned,test,visual,55
6420,unaligned,test,visual,55
6421,unaligned,test,visual,55
6422,unaligned,test,visual,55
6423,unaligned,test,visual,55
6424,unaligned,test,visual,55
6425,unaligned,test,visual,55
6426,unaligned,test,visual,55
6427,unaligned,test,visual,55
6428,unaligned,test,visual,55
6429,unaligned,test,visual,55
6430,unaligned,test,visual,55
6431,unaligned,test,visual,55
6432,unaligned,test,visual,55
6433,unaligned,test,visual,55
6434,unaligned,test,visual,55
6435,unaligned,test,visual,55
6436,unaligned,test,visual,55
6437,unaligned,test,visual,55
6438,unaligned,test,visual,55
6439,unaligned,test,visual,55
6440,unaligned,test,visual,55
6441,unaligned,test,visual,55
6442,unaligned,test,visual,55
6443,unaligned,test,visual,55
6444,unaligned,test,visual,55
6445,unaligned,test,visual,55
6446,unaligned,test,visual,55
6447,unaligned,test,visual,55
6448,unaligned,test,visual,55
6449,unaligned,test,visual,55
6450,unaligned,test,visual,55
6451,unaligned,test,visual,55
6452,unaligned,test,visual,55
6453,unaligned,test,visual,55
6454,unaligned,test,visual,55
6455,unaligned,test,visual,55
6456,unaligned,test,visual,55
6457,unaligned,test,visual,55
6458,unaligned,test,visual,55
6459,unaligned,test,visual,55
6460,unaligned,test,visual,55
6461,unaligned,test,visual,55
6462,unaligned,test,visual,55
6463,unaligned,test,visual,55
6464,unaligned,test,visual,55
6465,unaligned,test,visual,55
6466,unaligned,test,visual,55
6467,unaligned,test,visual,55
6468,unaligned,test,visual,55
6469,unaligned,test,visual,55
6470,unaligned,test,visual,55
6471,unaligned,test,visual,55
6472,unaligned,test,visual,55
6473,unaligned,test,visual,55
6474,unaligned,test,visual,55
6475,unaligned,test,visual,55
6476,unaligned,test,visual,55
6477,unaligned,test,visual,55
6478,unaligned,test,visual,55
6479,unaligned,test,visual,55
6480,unaligned,test,visual,55
6481,unaligned,test,visual,55
6482,unaligned,test,visual,55
6483,unaligned,test,visual,55
6484,unaligned,test,visual,55
6485,unaligned,test,visual,55
6486,unaligned,test,visual,55
6487,unaligned,test,visual,55
6488,unaligned,test,visual,55
6489,unaligned,test,visual,55
6490,unaligned,test,visual,55
6491,unaligned,test,visual,55
6492,unaligned,test,visual,55
6493,unaligned,test,visual,55
6494,unaligned,test,visual,55
6495,unaligned,test,visual,55
6496,unaligned,test,visual,55
6497,unaligned,test,visual,55
6498,unaligned,test,visual,55
6499,unaligned,test,visual,55
6500,unaligned,test,visual,55
6501,unaligned,test,visual,55
6502,unaligned,test,visual,55
6503,unaligned,test,visual,55
6504,unaligned,test,visual,55
6505,unaligned,test,visual,55
6506,unaligned,test,visual,55
6507,unaligned,test,visual,55
6508,unaligned,test,visual,55
6509,unaligned,test,visual,55
6510,unaligned,test,visual,55
6511,unaligned,test,visual,55
6512,unaligned,test,visual,55
6513,unaligned,test,visual,55
6514,unaligned,test,visual,55
6515,unaligned,test,visual,55
6516,unaligned,test,visual,55
6517,unaligned,test,visual,55
6518,unaligned,test,visual,55
6519,unaligned,test,visual,55
6520,unaligned,test,visual,55
6521,unaligned,test,visual,55
6522,unaligned,test,visual,55
6523,unaligned,test,visual,55
6524,unaligned,test,visual,55
6525,unaligned,test,visual,55
6526,unaligned,test,visual,55
6527,unaligned,test,visual,55
6528,unaligned,test,visual,55
6529,unaligned,test,visual,55
6530,unaligned,test,visual,55
6531,unaligned,test,visual,55
6532,unaligned,test,visual,55
6533,unaligned,test,visual,55
6534,unaligned,test,visual,55
6535,unaligned,test,visual,55
6536,unaligned,test,visual,55
6537,unaligned,test,visual,55
6538,unaligned,test,visual,55
6539,unaligned,test,visual,55
6540,unaligned,test,visual,55
6541,unaligned,test,visual,55
6542,unaligned,test,visual,55
6543,unaligned,test,visual,55
6544,unaligned,test,visual,55
6545,unaligned,test,visual,55
6546,unaligned,test,visual,55
6547,unaligned,test,visual,55
6548,unaligned,test,visual,55
6549,unaligned,test,visual,55
6550,unaligned,test,visual,55
6551,unaligned,test,visual,55
6552,unaligned,test,visual,55
6553,unaligned,test,visual,55
6554,unaligned,test,visual,55
6555,unaligned,test,visual,55
6556,unaligned,test,visual,55
6557,unaligned,test,visual,55
6558,unaligned,test,visual,55
6559,unaligned,test,visual,55
6560,unaligned,test,visual,55
6561,unaligned,test,visual,55
6562,unaligned,test,visual,55
6563,unaligned,test,visual,55
6564,unaligned,test,visual,55
6565,unaligned,test,visual,55
6566,unaligned,test,visual,55
6567,unaligned,test,visual,55
6568,unaligned,test,visual,55
6569,unaligned,test,visual,55
6570,unaligned,test,visual,55
6571,unaligned,test,visual,55
6572,unaligned,test,visual,55
6573,unaligned,test,visual,55
6574,unaligned,test,visual,55
6575,unaligned,test,visual,55
6576,unaligned,test,visual,55
6577,unaligned,test,visual,55
6578,unaligned,test,visual,55
6579,unaligned,test,visual,55
6580,unaligned,test,visual,55
6581,unaligned,test,visual,55
6582,unaligned,test,visual,55
6583,unaligned,test,visual,55
6584,unaligned,test,visual,55
6585,unaligned,test,visual,55
6586,unaligned,test,visual,55
6587,unaligned,test,visual,55
6588,unaligned,test,visual,55
6589,unaligned,test,visual,55
6590,unaligned,test,visual,55
6591,unaligned,test,visual,55
6592,unaligned,test,visual,55
6593,unaligned,test,visual,55
6594,unaligned,test,visual,55
6595,unaligned,test,visual,55
6596,unaligned,test,visual,55
6597,unaligned,test,visual,55
6598,unaligned,test,visual,55
6599,unaligned,test,visual,55
6600,unaligned,test,visual,55
6601,unaligned,test,visual,55
6602,unaligned,test,visual,55
6603,unaligned,test,visual,55
6604,unaligned,test,visual,55
6605,unaligned,test,visual,55
6606,unaligned,test,visual,55
6607,unaligned,test,visual,55
6608,unaligned,test,visual,55
6609,unaligned,test,visual,55
6610,unaligned,test,visual,55
6611,unaligned,test,visual,55
6612,unaligned,test,visual,55
6613,unaligned,test,visual,55
6614,unaligned,test,visual,55
6615,unaligned,test,visual,55
6616,unaligned,test,visual,55
6617,unaligned,test,visual,55
6618,unaligned,test,visual,55
6619,unaligned,test,visual,55
6620,unaligned,test,visual,55
6621,unaligned,test,visual,55
6622,unaligned,test,visual,55
6623,unaligned,test,visual,55
6624,unaligned,test,visual,55
6625,unaligned,test,visual,55
6626,unaligned,test,visual,55
6627,unaligned,test,visual,55
6628,unaligned,test,visual,55
6629,unaligned,test,visual,55
6630,unaligned,test,visual,55
6631,unaligned,test,visual,55
6632,unaligned,test,visual,55
6633,unaligned,test,visual,55
6634,unaligned,test,visual,55
6635,unaligned,test,visual,55
6636,unaligned,test,visual,55
6637,unaligned,test,visual,55
6638,unaligned,test,visual,55
6639,unaligned,test,visual,55
6640,unaligned,test,visual,55
6641,unaligned,test,visual,55
6642,unaligned,test,visual,55
6643,unaligned,test,visual,55
6644,unaligned,test,visual,55
6645,unaligned,test,visual,55
6646,unaligned,test,visual,55
6647,unaligned,test,visual,55
6648,unaligned,test,visual,55
6649,unaligned,test,visual,55
6650,unaligned,test,visual,55
6651,unaligned,test,visual,55
6652,unaligned,test,visual,55
6653,unaligned,test,visual,55
6654,unaligned,test,visual,55
6655,unaligned,test,visual,55
6656,unaligned,test,visual,55
6657,unaligned,test,visual,55
6658,unaligned,test,visual,55
6659,unaligned,test,visual,55
6660,unaligned,test,visual,55
6661,unaligned,test,visual,55
6662,unaligned,test,visual,55
6663,unaligned,test,visual,55
6664,unaligned,test,visual,55
6665,unaligned,test,visual,55
6666,unaligned,test,visual,55
6667,unaligned,test,visual,55
6668,unaligned,test,visual,55
6669,unaligned,test,visual,55
6670,unaligned,test,visual,55
6671,unaligned,test,visual,55
6672,unaligned,test,visual,55
6673,unaligned,test,visual,55
6674,unaligned,test,visual,55
6675,unaligned,test,visual,55
6676,unaligned,test,visual,55
6677,unaligned,test,visual,55
6678,unaligned,test,visual,55
6679,unaligned,test,visual,55
6680,unaligned,test,visual,55
6681,unaligned,test,visual,55
6682,unaligned,test,visual,55
6683,unaligned,test,visual,55
6684,unaligned,test,visual,55
6685,unaligned,test,visual,55
6686,unaligned,test,visual,55
6687,unaligned,test,visual,55
6688,unaligned,test,visual,55
6689,unaligned,test,visual,55
6690,unaligned,test,visual,55
6691,unaligned,test,visual,55
6692,unaligned,test,visual,55
6693,unaligned,test,visual,55
6694,unaligned,test,visual,55
6695,unaligned,test,visual,55
6696,unaligned,test,visual,55
6697,unaligned,test,visual,55
6698,unaligned,test,visual,55
6699,unaligned,test,visual,55
6700,unaligned,test,visual,55
6701,unaligned,test,visual,55
6702,unaligned,test,visual,55
6703,unaligned,test,visual,55
6704,unaligned,test,visual,55
6705,unaligned,test,visual,55
6706,unaligned,test,visual,55
6707,unaligned,test,visual,55
6708,unaligned,test,visual,55
6709,unaligned,test,visual,55
6710,unaligned,test,visual,55
6711,unaligned,test,visual,55
6712,unaligned,test,visual,55
6713,unaligned,test,visual,55
6714,unaligned,test,visual,55
6715,unaligned,test,visual,55
6716,unaligned,test,visual,55
6717,unaligned,test,visual,55
6718,unaligned,test,visual,55
6719,unaligned,test,visual,55
6720,unaligned,test,visual,55
6721,unaligned,test,visual,55
6722,unaligned,test,visual,55
6723,unaligned,test,visual,55
6724,unaligned,test,visual,55
6725,unaligned,test,visual,55
6726,unaligned,test,visual,55
6727,unaligned,test,visual,55
6728,unaligned,test,visual,55
6729,unaligned,test,visual,55
6730,unaligned,test,visual,55
6731,unaligned,test,visual,55
6732,unaligned,test,visual,55
6733,unaligned,test,visual,55
6734,unaligned,test,visual,55
6735,unaligned,test,visual,55
6736,unaligned,test,visual,55
6737,unaligned,test,visual,55
6738,unaligned,test,visual,55
6739,unaligned,test,visual,55
6740,unaligned,test,visual,55
6741,unaligned,test,visual,55
6742,unaligned,test,visual,55
6743,unaligned,test,visual,55
6744,unaligned,test,visual,55
6745,unaligned,test,visual,55
6746,unaligned,test,visual,55
6747,unaligned,test,visual,55
6748,unaligned,test,visual,55
6749,unaligned,test,visual,55
6750,unaligned,test,visual,55
6751,unaligned,test,visual,55
6752,unaligned,test,visual,55
6753,unaligned,test,visual,55
6754,unaligned,test,visual,55
6755,unaligned,test,visual,55
6756,unaligned,test,visual,55
6757,unaligned,test,visual,55
6758,unaligned,test,visual,55
6759,unaligned,test,visual,55
6760,unaligned,test,visual,55
6761,unaligned,test,visual,55
6762,unaligned,test,visual,55
6763,unaligned,test,visual,55
6764,unaligned,test,visual,55
6765,unaligned,test,visual,55
6766,unaligned,test,visual,55
6767,unaligned,test,visual,55
6768,unaligned,test,visual,55
6769,unaligned,test,visual,55
6770,unaligned,test,visual,55
6771,unaligned,test,visual,55
6772,unaligned,test,visual,55
6773,unaligned,test,visual,55
6774,unaligned,test,visual,55
6775,unaligned,test,visual,55
6776,unaligned,test,visual,55
6777,unaligned,test,visual,55
6778,unaligned,test,visual,55
6779,unaligned,test,visual,55
6780,unaligned,test,visual,55
6781,unaligned,test,visual,55
6782,unaligned,test,visual,55
6783,unaligned,test,visual,55
6784,unaligned,test,visual,55
6785,unaligned,test,visual,55
6786,unaligned,test,visual,55
6787,unaligned,test,visual,55
6788,unaligned,test,visual,55
6789,unaligned,test,visual,55
6790,unaligned,test,visual,55
6791,unaligned,test,visual,55
6792,unaligned,test,visual,55
6793,unaligned,test,visual,55
6794,unaligned,test,visual,55
6795,unaligned,test,visual,55
6796,unaligned,test,visual,55
6797,unaligned,test,visual,55
6798,unaligned,test,visual,55
6799,unaligned,test,visual,55
6800,unaligned,test,visual,55
6801,unaligned,test,visual,55
6802,unaligned,test,visual,55
6803,unaligned,test,visual,55
6804,unaligned,test,visual,55
6805,unaligned,test,visual,55
6806,unaligned,test,visual,55
6807,unaligned,test,visual,55
6808,unaligned,test,visual,55
6809,unaligned,test,visual,55
6810,unaligned,test,visual,55
6811,unaligned,test,visual,55
6812,unaligned,test,visual,55
6813,unaligned,test,visual,55
6814,unaligned,test,visual,55
6815,unaligned,test,visual,55
6816,unaligned,test,visual,55
6817,unaligned,test,visual,55
6818,unaligned,test,visual,55
6819,unaligned,test,visual,55
6820,unaligned,test,visual,55
6821,unaligned,test,visual,55
6822,unaligned,test,visual,55
6823,unaligned,test,visual,55
6824,unaligned,test,visual,55
6825,unaligned,test,visual,55
6826,unaligned,test,visual,55
6827,unaligned,test,visual,55
6828,unaligned,test,visual,55
6829,unaligned,test,visual,55
6830,unaligned,test,visual,55
6831,unaligned,test,visual,55
6832,unaligned,test,visual,55
6833,unaligned,test,visual,55
6834,unaligned,test,visual,55
6835,unaligned,test,visual,55
6836,unaligned,test,visual,55
6837,unaligned,test,visual,55
6838,unaligned,test,visual,55
6839,unaligned,test,visual,55
6840,unaligned,test,visual,55
6841,unaligned,test,visual,55
6842,unaligned,test,visual,55
