video_id,clip_id,_sample_id,sentiment,has_text,has_audio,has_video,complete_3modal,modality_pattern
video_0001,1,video_0001_1,Negative,False,False,False,False,000
video_0001,2,video_0001_2,Positive,False,False,False,False,000
video_0001,3,video_0001_3,Negative,False,False,False,False,000
video_0001,4,video_0001_4,Negative,False,False,False,False,000
video_0001,5,video_0001_5,Negative,False,False,False,False,000
video_0001,6,video_0001_6,Negative,False,False,False,False,000
video_0001,7,video_0001_7,Positive,False,False,False,False,000
video_0001,8,video_0001_8,Negative,False,False,False,False,000
video_0001,9,video_0001_9,Positive,False,False,False,False,000
video_0001,10,video_0001_10,Positive,False,False,False,False,000
video_0001,11,video_0001_11,Positive,False,False,False,False,000
video_0001,12,video_0001_12,Negative,False,False,False,False,000
video_0001,13,video_0001_13,Neutral,False,False,False,False,000
video_0001,14,video_0001_14,Negative,False,False,False,False,000
video_0001,15,video_0001_15,Negative,False,False,False,False,000
video_0001,16,video_0001_16,Negative,False,False,False,False,000
video_0001,17,video_0001_17,Positive,False,False,False,False,000
video_0001,18,video_0001_18,Positive,False,False,False,False,000
video_0001,19,video_0001_19,Negative,False,False,False,False,000
video_0001,20,video_0001_20,Negative,False,False,False,False,000
video_0001,21,video_0001_21,Positive,False,False,False,False,000
video_0001,22,video_0001_22,Negative,False,False,False,False,000
video_0001,23,video_0001_23,Positive,False,False,False,False,000
video_0001,24,video_0001_24,Negative,False,False,False,False,000
video_0001,25,video_0001_25,Negative,False,False,False,False,000
video_0001,26,video_0001_26,Negative,False,False,False,False,000
video_0001,27,video_0001_27,Neutral,False,False,False,False,000
video_0001,28,video_0001_28,Negative,False,False,False,False,000
video_0001,29,video_0001_29,Negative,False,False,False,False,000
video_0001,30,video_0001_30,Positive,False,False,False,False,000
video_0001,31,video_0001_31,Positive,False,False,False,False,000
video_0001,32,video_0001_32,Negative,False,False,False,False,000
video_0001,33,video_0001_33,Positive,False,False,False,False,000
video_0001,34,video_0001_34,Negative,False,False,False,False,000
video_0001,35,video_0001_35,Negative,False,False,False,False,000
video_0002,1,video_0002_1,Positive,False,False,False,False,000
video_0002,2,video_0002_2,Neutral,False,False,False,False,000
video_0002,3,video_0002_3,Neutral,False,False,False,False,000
video_0002,4,video_0002_4,Negative,False,False,False,False,000
video_0002,5,video_0002_5,Neutral,False,False,False,False,000
video_0002,6,video_0002_6,Negative,False,False,False,False,000
video_0002,7,video_0002_7,Negative,False,False,False,False,000
video_0002,8,video_0002_8,Negative,False,False,False,False,000
video_0002,9,video_0002_9,Negative,False,False,False,False,000
video_0002,10,video_0002_10,Positive,False,False,False,False,000
video_0002,11,video_0002_11,Negative,False,False,False,False,000
video_0002,12,video_0002_12,Positive,False,False,False,False,000
video_0002,13,video_0002_13,Neutral,False,False,False,False,000
video_0002,14,video_0002_14,Negative,False,False,False,False,000
video_0002,15,video_0002_15,Negative,False,False,False,False,000
video_0002,16,video_0002_16,Negative,False,False,False,False,000
video_0002,17,video_0002_17,Neutral,False,False,False,False,000
video_0002,18,video_0002_18,Neutral,False,False,False,False,000
video_0002,19,video_0002_19,Positive,False,False,False,False,000
video_0002,20,video_0002_20,Positive,False,False,False,False,000
video_0002,21,video_0002_21,Negative,False,False,False,False,000
video_0002,22,video_0002_22,Negative,False,False,False,False,000
video_0002,23,video_0002_23,Negative,False,False,False,False,000
video_0002,24,video_0002_24,Positive,False,False,False,False,000
video_0002,25,video_0002_25,Negative,False,False,False,False,000
video_0002,26,video_0002_26,Negative,False,False,False,False,000
video_0002,27,video_0002_27,Positive,False,False,False,False,000
video_0002,28,video_0002_28,Negative,False,False,False,False,000
video_0002,29,video_0002_29,Negative,False,False,False,False,000
video_0002,30,video_0002_30,Negative,False,False,False,False,000
video_0002,31,video_0002_31,Positive,False,False,False,False,000
video_0002,32,video_0002_32,Negative,False,False,False,False,000
video_0002,33,video_0002_33,Negative,False,False,False,False,000
video_0002,34,video_0002_34,Positive,False,False,False,False,000
video_0002,35,video_0002_35,Negative,False,False,False,False,000
video_0002,36,video_0002_36,Positive,False,False,False,False,000
video_0002,37,video_0002_37,Positive,False,False,False,False,000
video_0002,38,video_0002_38,Negative,False,False,False,False,000
video_0003,1,video_0003_1,Negative,False,False,False,False,000
video_0003,2,video_0003_2,Negative,False,False,False,False,000
video_0003,3,video_0003_3,Negative,False,False,False,False,000
video_0003,4,video_0003_4,Negative,False,False,False,False,000
video_0003,5,video_0003_5,Negative,False,False,False,False,000
video_0003,6,video_0003_6,Negative,False,False,False,False,000
video_0004,1,video_0004_1,Positive,False,False,False,False,000
video_0004,2,video_0004_2,Negative,False,False,False,False,000
video_0004,3,video_0004_3,Negative,False,False,False,False,000
video_0005,1,video_0005_1,Negative,False,False,False,False,000
video_0005,2,video_0005_2,Neutral,False,False,False,False,000
video_0005,3,video_0005_3,Negative,False,False,False,False,000
video_0005,4,video_0005_4,Negative,False,False,False,False,000
video_0005,5,video_0005_5,Neutral,False,False,False,False,000
video_0005,6,video_0005_6,Negative,False,False,False,False,000
video_0005,7,video_0005_7,Negative,False,False,False,False,000
video_0005,8,video_0005_8,Positive,False,False,False,False,000
video_0005,9,video_0005_9,Positive,False,False,False,False,000
video_0005,10,video_0005_10,Negative,False,False,False,False,000
video_0005,11,video_0005_11,Negative,False,False,False,False,000
video_0005,12,video_0005_12,Negative,False,False,False,False,000
video_0005,13,video_0005_13,Negative,False,False,False,False,000
video_0005,14,video_0005_14,Positive,False,False,False,False,000
video_0005,15,video_0005_15,Negative,False,False,False,False,000
video_0005,16,video_0005_16,Negative,False,False,False,False,000
video_0005,17,video_0005_17,Negative,False,False,False,False,000
video_0006,1,video_0006_1,Positive,False,False,False,False,000
video_0006,2,video_0006_2,Positive,False,False,False,False,000
video_0006,3,video_0006_3,Negative,False,False,False,False,000
video_0006,4,video_0006_4,Neutral,False,False,False,False,000
video_0006,5,video_0006_5,Positive,False,False,False,False,000
video_0006,6,video_0006_6,Negative,False,False,False,False,000
video_0006,7,video_0006_7,Negative,False,False,False,False,000
video_0006,8,video_0006_8,Negative,False,False,False,False,000
video_0006,9,video_0006_9,Positive,False,False,False,False,000
video_0006,10,video_0006_10,Positive,False,False,False,False,000
video_0006,11,video_0006_11,Positive,False,False,False,False,000
video_0006,12,video_0006_12,Negative,False,False,False,False,000
video_0006,13,video_0006_13,Positive,False,False,False,False,000
video_0006,14,video_0006_14,Positive,False,False,False,False,000
video_0006,15,video_0006_15,Negative,False,False,False,False,000
video_0006,16,video_0006_16,Negative,False,False,False,False,000
video_0006,17,video_0006_17,Positive,False,False,False,False,000
video_0006,18,video_0006_18,Negative,False,False,False,False,000
video_0006,19,video_0006_19,Negative,False,False,False,False,000
video_0006,20,video_0006_20,Negative,False,False,False,False,000
video_0006,21,video_0006_21,Negative,False,False,False,False,000
video_0006,22,video_0006_22,Negative,False,False,False,False,000
video_0007,1,video_0007_1,Positive,False,False,False,False,000
video_0007,2,video_0007_2,Negative,False,False,False,False,000
video_0007,3,video_0007_3,Negative,False,False,False,False,000
video_0007,4,video_0007_4,Negative,False,False,False,False,000
video_0007,5,video_0007_5,Negative,False,False,False,False,000
video_0007,6,video_0007_6,Positive,False,False,False,False,000
video_0007,7,video_0007_7,Negative,False,False,False,False,000
video_0007,8,video_0007_8,Positive,False,False,False,False,000
video_0007,9,video_0007_9,Negative,False,False,False,False,000
video_0007,10,video_0007_10,Negative,False,False,False,False,000
video_0007,11,video_0007_11,Negative,False,False,False,False,000
video_0007,12,video_0007_12,Negative,False,False,False,False,000
video_0008,1,video_0008_1,Negative,False,False,False,False,000
video_0008,2,video_0008_2,Negative,False,False,False,False,000
video_0008,3,video_0008_3,Negative,False,False,False,False,000
video_0008,4,video_0008_4,Positive,False,False,False,False,000
video_0008,5,video_0008_5,Neutral,False,False,False,False,000
video_0008,6,video_0008_6,Positive,False,False,False,False,000
video_0008,7,video_0008_7,Positive,False,False,False,False,000
video_0008,8,video_0008_8,Positive,False,False,False,False,000
video_0008,9,video_0008_9,Negative,False,False,False,False,000
video_0008,10,video_0008_10,Negative,False,False,False,False,000
video_0008,11,video_0008_11,Negative,False,False,False,False,000
video_0008,12,video_0008_12,Negative,False,False,False,False,000
video_0009,1,video_0009_1,Positive,False,False,False,False,000
video_0009,2,video_0009_2,Negative,False,False,False,False,000
video_0009,3,video_0009_3,Positive,False,False,False,False,000
video_0009,4,video_0009_4,Negative,False,False,False,False,000
video_0009,5,video_0009_5,Negative,False,False,False,False,000
video_0009,6,video_0009_6,Positive,False,False,False,False,000
video_0009,7,video_0009_7,Negative,False,False,False,False,000
video_0009,8,video_0009_8,Negative,False,False,False,False,000
video_0009,9,video_0009_9,Negative,False,False,False,False,000
video_0009,10,video_0009_10,Neutral,False,False,False,False,000
video_0009,11,video_0009_11,Neutral,False,False,False,False,000
video_0009,12,video_0009_12,Negative,False,False,False,False,000
video_0009,13,video_0009_13,Neutral,False,False,False,False,000
video_0009,14,video_0009_14,Negative,False,False,False,False,000
video_0009,15,video_0009_15,Positive,False,False,False,False,000
video_0009,16,video_0009_16,Neutral,False,False,False,False,000
video_0009,17,video_0009_17,Positive,False,False,False,False,000
video_0009,18,video_0009_18,Positive,False,False,False,False,000
video_0009,19,video_0009_19,Negative,False,False,False,False,000
video_0009,20,video_0009_20,Positive,False,False,False,False,000
video_0009,21,video_0009_21,Positive,False,False,False,False,000
video_0009,22,video_0009_22,Positive,False,False,False,False,000
video_0009,23,video_0009_23,Negative,False,False,False,False,000
video_0009,24,video_0009_24,Negative,False,False,False,False,000
video_0009,25,video_0009_25,Negative,False,False,False,False,000
video_0009,26,video_0009_26,Negative,False,False,False,False,000
video_0009,27,video_0009_27,Neutral,False,False,False,False,000
video_0009,28,video_0009_28,Negative,False,False,False,False,000
video_0009,29,video_0009_29,Negative,False,False,False,False,000
video_0009,30,video_0009_30,Positive,False,False,False,False,000
video_0009,31,video_0009_31,Negative,False,False,False,False,000
video_0009,32,video_0009_32,Negative,False,False,False,False,000
video_0009,33,video_0009_33,Positive,False,False,False,False,000
video_0009,34,video_0009_34,Negative,False,False,False,False,000
video_0009,35,video_0009_35,Negative,False,False,False,False,000
video_0009,36,video_0009_36,Negative,False,False,False,False,000
video_0009,37,video_0009_37,Negative,False,False,False,False,000
video_0009,38,video_0009_38,Positive,False,False,False,False,000
video_0009,39,video_0009_39,Negative,False,False,False,False,000
video_0009,40,video_0009_40,Negative,False,False,False,False,000
video_0009,41,video_0009_41,Negative,False,False,False,False,000
video_0009,42,video_0009_42,Negative,False,False,False,False,000
video_0010,1,video_0010_1,Negative,False,False,False,False,000
video_0010,2,video_0010_2,Negative,False,False,False,False,000
video_0010,3,video_0010_3,Negative,False,False,False,False,000
video_0010,4,video_0010_4,Negative,False,False,False,False,000
video_0010,5,video_0010_5,Positive,False,False,False,False,000
video_0010,6,video_0010_6,Negative,False,False,False,False,000
video_0010,7,video_0010_7,Negative,False,False,False,False,000
video_0010,8,video_0010_8,Positive,False,False,False,False,000
video_0010,9,video_0010_9,Positive,False,False,False,False,000
video_0010,10,video_0010_10,Neutral,False,False,False,False,000
video_0010,11,video_0010_11,Neutral,False,False,False,False,000
video_0010,12,video_0010_12,Negative,False,False,False,False,000
video_0010,13,video_0010_13,Positive,False,False,False,False,000
video_0010,14,video_0010_14,Positive,False,False,False,False,000
video_0010,15,video_0010_15,Negative,False,False,False,False,000
video_0010,16,video_0010_16,Positive,False,False,False,False,000
video_0010,17,video_0010_17,Positive,False,False,False,False,000
video_0010,18,video_0010_18,Negative,False,False,False,False,000
video_0010,19,video_0010_19,Negative,False,False,False,False,000
video_0010,20,video_0010_20,Negative,False,False,False,False,000
video_0010,21,video_0010_21,Negative,False,False,False,False,000
video_0010,22,video_0010_22,Positive,False,False,False,False,000
video_0010,23,video_0010_23,Neutral,False,False,False,False,000
video_0010,24,video_0010_24,Positive,False,False,False,False,000
video_0010,25,video_0010_25,Negative,False,False,False,False,000
video_0010,26,video_0010_26,Negative,False,False,False,False,000
video_0010,27,video_0010_27,Positive,False,False,False,False,000
video_0010,28,video_0010_28,Negative,False,False,False,False,000
video_0010,29,video_0010_29,Positive,False,False,False,False,000
video_0010,30,video_0010_30,Negative,False,False,False,False,000
video_0010,31,video_0010_31,Negative,False,False,False,False,000
video_0010,32,video_0010_32,Positive,False,False,False,False,000
video_0010,33,video_0010_33,Neutral,False,False,False,False,000
video_0010,34,video_0010_34,Negative,False,False,False,False,000
video_0010,35,video_0010_35,Negative,False,False,False,False,000
video_0010,36,video_0010_36,Positive,False,False,False,False,000
video_0010,37,video_0010_37,Positive,False,False,False,False,000
video_0010,38,video_0010_38,Negative,False,False,False,False,000
video_0011,1,video_0011_1,Positive,False,False,False,False,000
video_0011,2,video_0011_2,Positive,False,False,False,False,000
video_0011,3,video_0011_3,Positive,False,False,False,False,000
video_0011,4,video_0011_4,Negative,False,False,False,False,000
video_0011,5,video_0011_5,Positive,False,False,False,False,000
video_0011,6,video_0011_6,Negative,False,False,False,False,000
video_0011,7,video_0011_7,Positive,False,False,False,False,000
video_0011,8,video_0011_8,Positive,False,False,False,False,000
video_0011,9,video_0011_9,Positive,False,False,False,False,000
video_0011,10,video_0011_10,Negative,False,False,False,False,000
video_0011,11,video_0011_11,Negative,False,False,False,False,000
video_0011,12,video_0011_12,Positive,False,False,False,False,000
video_0011,13,video_0011_13,Negative,False,False,False,False,000
video_0011,14,video_0011_14,Neutral,False,False,False,False,000
video_0011,15,video_0011_15,Negative,False,False,False,False,000
video_0011,16,video_0011_16,Positive,False,False,False,False,000
video_0011,17,video_0011_17,Negative,False,False,False,False,000
video_0011,18,video_0011_18,Negative,False,False,False,False,000
video_0011,19,video_0011_19,Positive,False,False,False,False,000
video_0011,20,video_0011_20,Negative,False,False,False,False,000
video_0011,21,video_0011_21,Positive,False,False,False,False,000
video_0011,22,video_0011_22,Negative,False,False,False,False,000
video_0011,23,video_0011_23,Positive,False,False,False,False,000
video_0011,24,video_0011_24,Negative,False,False,False,False,000
video_0011,25,video_0011_25,Negative,False,False,False,False,000
video_0011,26,video_0011_26,Negative,False,False,False,False,000
video_0011,27,video_0011_27,Negative,False,False,False,False,000
video_0011,28,video_0011_28,Positive,False,False,False,False,000
video_0011,29,video_0011_29,Positive,False,False,False,False,000
video_0011,30,video_0011_30,Neutral,False,False,False,False,000
video_0011,31,video_0011_31,Positive,False,False,False,False,000
video_0011,32,video_0011_32,Negative,False,False,False,False,000
video_0011,33,video_0011_33,Neutral,False,False,False,False,000
video_0011,34,video_0011_34,Positive,False,False,False,False,000
video_0011,35,video_0011_35,Negative,False,False,False,False,000
video_0012,1,video_0012_1,Positive,False,False,False,False,000
video_0012,2,video_0012_2,Neutral,False,False,False,False,000
video_0012,3,video_0012_3,Positive,False,False,False,False,000
video_0012,4,video_0012_4,Negative,False,False,False,False,000
video_0012,5,video_0012_5,Negative,False,False,False,False,000
video_0012,6,video_0012_6,Negative,False,False,False,False,000
video_0012,7,video_0012_7,Negative,False,False,False,False,000
video_0012,8,video_0012_8,Negative,False,False,False,False,000
video_0012,9,video_0012_9,Negative,False,False,False,False,000
video_0012,10,video_0012_10,Negative,False,False,False,False,000
video_0012,11,video_0012_11,Negative,False,False,False,False,000
video_0012,12,video_0012_12,Negative,False,False,False,False,000
video_0012,13,video_0012_13,Positive,False,False,False,False,000
video_0012,14,video_0012_14,Negative,False,False,False,False,000
video_0012,15,video_0012_15,Negative,False,False,False,False,000
video_0012,16,video_0012_16,Positive,False,False,False,False,000
video_0012,17,video_0012_17,Negative,False,False,False,False,000
video_0012,18,video_0012_18,Negative,False,False,False,False,000
video_0012,19,video_0012_19,Positive,False,False,False,False,000
video_0012,20,video_0012_20,Neutral,False,False,False,False,000
video_0012,21,video_0012_21,Negative,False,False,False,False,000
video_0012,22,video_0012_22,Negative,False,False,False,False,000
video_0012,23,video_0012_23,Negative,False,False,False,False,000
video_0012,24,video_0012_24,Positive,False,False,False,False,000
video_0012,25,video_0012_25,Negative,False,False,False,False,000
video_0012,26,video_0012_26,Negative,False,False,False,False,000
video_0012,27,video_0012_27,Positive,False,False,False,False,000
video_0012,28,video_0012_28,Negative,False,False,False,False,000
video_0012,29,video_0012_29,Positive,False,False,False,False,000
video_0012,30,video_0012_30,Negative,False,False,False,False,000
video_0012,31,video_0012_31,Positive,False,False,False,False,000
video_0012,32,video_0012_32,Positive,False,False,False,False,000
video_0012,33,video_0012_33,Negative,False,False,False,False,000
video_0012,34,video_0012_34,Positive,False,False,False,False,000
video_0012,35,video_0012_35,Negative,False,False,False,False,000
video_0012,36,video_0012_36,Negative,False,False,False,False,000
video_0012,37,video_0012_37,Negative,False,False,False,False,000
video_0012,38,video_0012_38,Neutral,False,False,False,False,000
video_0012,39,video_0012_39,Positive,False,False,False,False,000
video_0012,40,video_0012_40,Negative,False,False,False,False,000
video_0012,41,video_0012_41,Negative,False,False,False,False,000
video_0012,42,video_0012_42,Positive,False,False,False,False,000
video_0012,43,video_0012_43,Negative,False,False,False,False,000
video_0012,44,video_0012_44,Negative,False,False,False,False,000
video_0012,45,video_0012_45,Positive,False,False,False,False,000
video_0012,46,video_0012_46,Negative,False,False,False,False,000
video_0012,47,video_0012_47,Negative,False,False,False,False,000
video_0013,1,video_0013_1,Neutral,False,False,False,False,000
video_0013,2,video_0013_2,Positive,False,False,False,False,000
video_0013,3,video_0013_3,Negative,False,False,False,False,000
video_0013,4,video_0013_4,Positive,False,False,False,False,000
video_0013,5,video_0013_5,Positive,False,False,False,False,000
video_0013,6,video_0013_6,Negative,False,False,False,False,000
video_0013,7,video_0013_7,Negative,False,False,False,False,000
video_0013,8,video_0013_8,Negative,False,False,False,False,000
video_0013,9,video_0013_9,Negative,False,False,False,False,000
video_0013,10,video_0013_10,Negative,False,False,False,False,000
video_0013,11,video_0013_11,Negative,False,False,False,False,000
video_0013,12,video_0013_12,Positive,False,False,False,False,000
video_0013,13,video_0013_13,Negative,False,False,False,False,000
video_0013,14,video_0013_14,Positive,False,False,False,False,000
video_0013,15,video_0013_15,Positive,False,False,False,False,000
video_0013,16,video_0013_16,Negative,False,False,False,False,000
video_0013,17,video_0013_17,Positive,False,False,False,False,000
video_0013,18,video_0013_18,Negative,False,False,False,False,000
video_0013,19,video_0013_19,Negative,False,False,False,False,000
video_0013,20,video_0013_20,Negative,False,False,False,False,000
video_0013,21,video_0013_21,Negative,False,False,False,False,000
video_0013,22,video_0013_22,Positive,False,False,False,False,000
video_0013,23,video_0013_23,Positive,False,False,False,False,000
video_0013,24,video_0013_24,Positive,False,False,False,False,000
video_0013,25,video_0013_25,Negative,False,False,False,False,000
video_0013,26,video_0013_26,Negative,False,False,False,False,000
video_0013,27,video_0013_27,Negative,False,False,False,False,000
video_0013,28,video_0013_28,Negative,False,False,False,False,000
video_0013,29,video_0013_29,Negative,False,False,False,False,000
video_0013,30,video_0013_30,Negative,False,False,False,False,000
video_0013,31,video_0013_31,Negative,False,False,False,False,000
video_0013,32,video_0013_32,Negative,False,False,False,False,000
video_0013,33,video_0013_33,Negative,False,False,False,False,000
video_0013,34,video_0013_34,Neutral,False,False,False,False,000
video_0013,35,video_0013_35,Positive,False,False,False,False,000
video_0014,1,video_0014_1,Positive,False,False,False,False,000
video_0014,2,video_0014_2,Negative,False,False,False,False,000
video_0014,3,video_0014_3,Negative,False,False,False,False,000
video_0014,4,video_0014_4,Negative,False,False,False,False,000
video_0014,5,video_0014_5,Negative,False,False,False,False,000
video_0014,6,video_0014_6,Negative,False,False,False,False,000
video_0014,7,video_0014_7,Negative,False,False,False,False,000
video_0014,8,video_0014_8,Negative,False,False,False,False,000
video_0014,9,video_0014_9,Negative,False,False,False,False,000
video_0014,10,video_0014_10,Neutral,False,False,False,False,000
video_0014,11,video_0014_11,Negative,False,False,False,False,000
video_0014,12,video_0014_12,Negative,False,False,False,False,000
video_0014,13,video_0014_13,Positive,False,False,False,False,000
video_0014,14,video_0014_14,Neutral,False,False,False,False,000
video_0014,15,video_0014_15,Negative,False,False,False,False,000
video_0014,16,video_0014_16,Negative,False,False,False,False,000
video_0014,17,video_0014_17,Positive,False,False,False,False,000
video_0014,18,video_0014_18,Neutral,False,False,False,False,000
video_0014,19,video_0014_19,Negative,False,False,False,False,000
video_0014,20,video_0014_20,Negative,False,False,False,False,000
video_0014,21,video_0014_21,Neutral,False,False,False,False,000
video_0014,22,video_0014_22,Neutral,False,False,False,False,000
video_0014,23,video_0014_23,Positive,False,False,False,False,000
video_0014,24,video_0014_24,Negative,False,False,False,False,000
video_0014,25,video_0014_25,Negative,False,False,False,False,000
video_0014,26,video_0014_26,Negative,False,False,False,False,000
video_0014,27,video_0014_27,Neutral,False,False,False,False,000
video_0014,28,video_0014_28,Negative,False,False,False,False,000
video_0014,29,video_0014_29,Negative,False,False,False,False,000
video_0014,30,video_0014_30,Negative,False,False,False,False,000
video_0014,31,video_0014_31,Negative,False,False,False,False,000
video_0014,32,video_0014_32,Negative,False,False,False,False,000
video_0014,33,video_0014_33,Positive,False,False,False,False,000
video_0015,1,video_0015_1,Neutral,False,False,False,False,000
video_0015,2,video_0015_2,Negative,False,False,False,False,000
video_0015,3,video_0015_3,Negative,False,False,False,False,000
video_0015,4,video_0015_4,Neutral,False,False,False,False,000
video_0015,5,video_0015_5,Negative,False,False,False,False,000
video_0015,6,video_0015_6,Negative,False,False,False,False,000
video_0015,7,video_0015_7,Negative,False,False,False,False,000
video_0015,8,video_0015_8,Negative,False,False,False,False,000
video_0015,9,video_0015_9,Negative,False,False,False,False,000
video_0015,10,video_0015_10,Negative,False,False,False,False,000
video_0015,11,video_0015_11,Positive,False,False,False,False,000
video_0015,12,video_0015_12,Negative,False,False,False,False,000
video_0015,13,video_0015_13,Negative,False,False,False,False,000
video_0015,14,video_0015_14,Negative,False,False,False,False,000
video_0015,15,video_0015_15,Negative,False,False,False,False,000
video_0015,16,video_0015_16,Neutral,False,False,False,False,000
video_0015,17,video_0015_17,Positive,False,False,False,False,000
video_0015,18,video_0015_18,Negative,False,False,False,False,000
video_0015,19,video_0015_19,Positive,False,False,False,False,000
video_0015,20,video_0015_20,Negative,False,False,False,False,000
video_0015,21,video_0015_21,Negative,False,False,False,False,000
video_0015,22,video_0015_22,Neutral,False,False,False,False,000
video_0015,23,video_0015_23,Positive,False,False,False,False,000
video_0015,24,video_0015_24,Negative,False,False,False,False,000
video_0015,25,video_0015_25,Negative,False,False,False,False,000
video_0015,26,video_0015_26,Negative,False,False,False,False,000
video_0015,27,video_0015_27,Negative,False,False,False,False,000
video_0015,28,video_0015_28,Neutral,False,False,False,False,000
video_0015,29,video_0015_29,Negative,False,False,False,False,000
video_0015,30,video_0015_30,Negative,False,False,False,False,000
video_0015,31,video_0015_31,Positive,False,False,False,False,000
video_0015,32,video_0015_32,Negative,False,False,False,False,000
video_0015,33,video_0015_33,Positive,False,False,False,False,000
video_0015,34,video_0015_34,Negative,False,False,False,False,000
video_0015,35,video_0015_35,Negative,False,False,False,False,000
video_0015,36,video_0015_36,Negative,False,False,False,False,000
video_0015,37,video_0015_37,Neutral,False,False,False,False,000
video_0015,38,video_0015_38,Negative,False,False,False,False,000
video_0015,39,video_0015_39,Positive,False,False,False,False,000
video_0015,40,video_0015_40,Neutral,False,False,False,False,000
video_0015,41,video_0015_41,Positive,False,False,False,False,000
video_0016,1,video_0016_1,Positive,False,False,False,False,000
video_0016,2,video_0016_2,Positive,False,False,False,False,000
video_0016,3,video_0016_3,Positive,False,False,False,False,000
video_0016,4,video_0016_4,Positive,False,False,False,False,000
video_0016,5,video_0016_5,Negative,False,False,False,False,000
video_0016,6,video_0016_6,Positive,False,False,False,False,000
video_0016,7,video_0016_7,Positive,False,False,False,False,000
video_0016,8,video_0016_8,Neutral,False,False,False,False,000
video_0016,9,video_0016_9,Negative,False,False,False,False,000
video_0016,10,video_0016_10,Negative,False,False,False,False,000
video_0016,11,video_0016_11,Negative,False,False,False,False,000
video_0016,12,video_0016_12,Negative,False,False,False,False,000
video_0016,13,video_0016_13,Negative,False,False,False,False,000
video_0016,14,video_0016_14,Negative,False,False,False,False,000
video_0016,15,video_0016_15,Negative,False,False,False,False,000
video_0016,16,video_0016_16,Negative,False,False,False,False,000
video_0016,17,video_0016_17,Negative,False,False,False,False,000
video_0016,18,video_0016_18,Negative,False,False,False,False,000
video_0016,19,video_0016_19,Positive,False,False,False,False,000
video_0016,20,video_0016_20,Positive,False,False,False,False,000
video_0016,21,video_0016_21,Negative,False,False,False,False,000
video_0016,22,video_0016_22,Negative,False,False,False,False,000
video_0016,23,video_0016_23,Negative,False,False,False,False,000
video_0016,24,video_0016_24,Positive,False,False,False,False,000
video_0016,25,video_0016_25,Neutral,False,False,False,False,000
video_0016,26,video_0016_26,Positive,False,False,False,False,000
video_0016,27,video_0016_27,Positive,False,False,False,False,000
video_0016,28,video_0016_28,Neutral,False,False,False,False,000
video_0016,29,video_0016_29,Positive,False,False,False,False,000
video_0016,30,video_0016_30,Neutral,False,False,False,False,000
video_0016,31,video_0016_31,Negative,False,False,False,False,000
video_0016,32,video_0016_32,Negative,False,False,False,False,000
video_0016,33,video_0016_33,Positive,False,False,False,False,000
video_0016,34,video_0016_34,Positive,False,False,False,False,000
video_0016,35,video_0016_35,Negative,False,False,False,False,000
video_0016,36,video_0016_36,Negative,False,False,False,False,000
video_0016,37,video_0016_37,Negative,False,False,False,False,000
video_0016,38,video_0016_38,Negative,False,False,False,False,000
video_0016,39,video_0016_39,Negative,False,False,False,False,000
video_0016,40,video_0016_40,Negative,False,False,False,False,000
video_0016,41,video_0016_41,Positive,False,False,False,False,000
video_0016,42,video_0016_42,Negative,False,False,False,False,000
video_0016,43,video_0016_43,Positive,False,False,False,False,000
video_0016,44,video_0016_44,Negative,False,False,False,False,000
video_0016,45,video_0016_45,Positive,False,False,False,False,000
video_0016,46,video_0016_46,Positive,False,False,False,False,000
video_0016,47,video_0016_47,Negative,False,False,False,False,000
video_0017,1,video_0017_1,Negative,False,False,False,False,000
video_0017,2,video_0017_2,Negative,False,False,False,False,000
video_0017,3,video_0017_3,Neutral,False,False,False,False,000
video_0017,4,video_0017_4,Neutral,False,False,False,False,000
video_0017,5,video_0017_5,Negative,False,False,False,False,000
video_0017,6,video_0017_6,Negative,False,False,False,False,000
video_0017,7,video_0017_7,Negative,False,False,False,False,000
video_0017,8,video_0017_8,Negative,False,False,False,False,000
video_0017,9,video_0017_9,Negative,False,False,False,False,000
video_0017,10,video_0017_10,Positive,False,False,False,False,000
video_0017,11,video_0017_11,Negative,False,False,False,False,000
video_0017,12,video_0017_12,Negative,False,False,False,False,000
video_0017,13,video_0017_13,Negative,False,False,False,False,000
video_0017,14,video_0017_14,Negative,False,False,False,False,000
video_0017,15,video_0017_15,Negative,False,False,False,False,000
video_0017,16,video_0017_16,Negative,False,False,False,False,000
video_0017,17,video_0017_17,Negative,False,False,False,False,000
video_0017,18,video_0017_18,Negative,False,False,False,False,000
video_0017,19,video_0017_19,Negative,False,False,False,False,000
video_0018,1,video_0018_1,Negative,False,False,False,False,000
video_0018,2,video_0018_2,Negative,False,False,False,False,000
video_0018,3,video_0018_3,Neutral,False,False,False,False,000
video_0018,4,video_0018_4,Negative,False,False,False,False,000
video_0018,5,video_0018_5,Negative,False,False,False,False,000
video_0018,6,video_0018_6,Negative,False,False,False,False,000
video_0018,7,video_0018_7,Negative,False,False,False,False,000
video_0018,8,video_0018_8,Negative,False,False,False,False,000
video_0018,9,video_0018_9,Negative,False,False,False,False,000
video_0018,10,video_0018_10,Neutral,False,False,False,False,000
video_0018,11,video_0018_11,Negative,False,False,False,False,000
video_0018,12,video_0018_12,Negative,False,False,False,False,000
video_0019,1,video_0019_1,Neutral,False,False,False,False,000
video_0019,2,video_0019_2,Negative,False,False,False,False,000
video_0019,3,video_0019_3,Neutral,False,False,False,False,000
video_0019,4,video_0019_4,Negative,False,False,False,False,000
video_0019,5,video_0019_5,Positive,False,False,False,False,000
video_0019,6,video_0019_6,Negative,False,False,False,False,000
video_0019,7,video_0019_7,Negative,False,False,False,False,000
video_0019,8,video_0019_8,Negative,False,False,False,False,000
video_0019,9,video_0019_9,Negative,False,False,False,False,000
video_0019,10,video_0019_10,Positive,False,False,False,False,000
video_0019,11,video_0019_11,Negative,False,False,False,False,000
video_0019,12,video_0019_12,Positive,False,False,False,False,000
video_0019,13,video_0019_13,Positive,False,False,False,False,000
video_0019,14,video_0019_14,Negative,False,False,False,False,000
video_0019,15,video_0019_15,Positive,False,False,False,False,000
video_0019,16,video_0019_16,Positive,False,False,False,False,000
video_0020,1,video_0020_1,Negative,False,False,False,False,000
video_0020,2,video_0020_2,Positive,False,False,False,False,000
video_0020,3,video_0020_3,Negative,False,False,False,False,000
video_0020,4,video_0020_4,Negative,False,False,False,False,000
video_0020,5,video_0020_5,Positive,False,False,False,False,000
video_0020,6,video_0020_6,Positive,False,False,False,False,000
video_0020,7,video_0020_7,Neutral,False,False,False,False,000
video_0020,8,video_0020_8,Positive,False,False,False,False,000
video_0020,9,video_0020_9,Negative,False,False,False,False,000
video_0020,10,video_0020_10,Negative,False,False,False,False,000
video_0020,11,video_0020_11,Positive,False,False,False,False,000
video_0020,12,video_0020_12,Positive,False,False,False,False,000
video_0020,13,video_0020_13,Positive,False,False,False,False,000
video_0021,1,video_0021_1,Neutral,False,False,False,False,000
video_0021,2,video_0021_2,Neutral,False,False,False,False,000
video_0021,3,video_0021_3,Negative,False,False,False,False,000
video_0021,4,video_0021_4,Positive,False,False,False,False,000
video_0021,5,video_0021_5,Negative,False,False,False,False,000
video_0021,6,video_0021_6,Negative,False,False,False,False,000
video_0021,7,video_0021_7,Negative,False,False,False,False,000
video_0021,8,video_0021_8,Positive,False,False,False,False,000
video_0021,9,video_0021_9,Negative,False,False,False,False,000
video_0021,10,video_0021_10,Negative,False,False,False,False,000
video_0021,11,video_0021_11,Negative,False,False,False,False,000
video_0022,1,video_0022_1,Negative,False,False,False,False,000
video_0022,2,video_0022_2,Negative,False,False,False,False,000
video_0022,3,video_0022_3,Negative,False,False,False,False,000
video_0022,4,video_0022_4,Neutral,False,False,False,False,000
video_0022,5,video_0022_5,Negative,False,False,False,False,000
video_0022,6,video_0022_6,Negative,False,False,False,False,000
video_0022,7,video_0022_7,Negative,False,False,False,False,000
video_0022,8,video_0022_8,Negative,False,False,False,False,000
video_0022,9,video_0022_9,Negative,False,False,False,False,000
video_0022,10,video_0022_10,Positive,False,False,False,False,000
video_0022,11,video_0022_11,Positive,False,False,False,False,000
video_0022,12,video_0022_12,Positive,False,False,False,False,000
video_0022,13,video_0022_13,Negative,False,False,False,False,000
video_0022,14,video_0022_14,Negative,False,False,False,False,000
video_0022,15,video_0022_15,Negative,False,False,False,False,000
video_0022,16,video_0022_16,Negative,False,False,False,False,000
video_0022,17,video_0022_17,Positive,False,False,False,False,000
video_0022,18,video_0022_18,Negative,False,False,False,False,000
video_0022,19,video_0022_19,Positive,False,False,False,False,000
video_0022,20,video_0022_20,Positive,False,False,False,False,000
video_0022,21,video_0022_21,Negative,False,False,False,False,000
video_0022,22,video_0022_22,Negative,False,False,False,False,000
video_0023,1,video_0023_1,Positive,False,False,False,False,000
video_0023,2,video_0023_2,Negative,False,False,False,False,000
video_0023,3,video_0023_3,Positive,False,False,False,False,000
video_0023,4,video_0023_4,Positive,False,False,False,False,000
video_0023,5,video_0023_5,Positive,False,False,False,False,000
video_0023,6,video_0023_6,Positive,False,False,False,False,000
video_0023,7,video_0023_7,Positive,False,False,False,False,000
video_0023,8,video_0023_8,Negative,False,False,False,False,000
video_0023,9,video_0023_9,Positive,False,False,False,False,000
video_0023,10,video_0023_10,Positive,False,False,False,False,000
video_0023,11,video_0023_11,Negative,False,False,False,False,000
video_0023,12,video_0023_12,Positive,False,False,False,False,000
video_0023,13,video_0023_13,Neutral,False,False,False,False,000
video_0023,14,video_0023_14,Negative,False,False,False,False,000
video_0023,15,video_0023_15,Negative,False,False,False,False,000
video_0023,16,video_0023_16,Negative,False,False,False,False,000
video_0023,17,video_0023_17,Positive,False,False,False,False,000
video_0023,18,video_0023_18,Neutral,False,False,False,False,000
video_0023,19,video_0023_19,Positive,False,False,False,False,000
video_0023,20,video_0023_20,Negative,False,False,False,False,000
video_0023,21,video_0023_21,Negative,False,False,False,False,000
video_0023,22,video_0023_22,Negative,False,False,False,False,000
video_0023,23,video_0023_23,Negative,False,False,False,False,000
video_0023,24,video_0023_24,Neutral,False,False,False,False,000
video_0023,25,video_0023_25,Positive,False,False,False,False,000
video_0023,26,video_0023_26,Negative,False,False,False,False,000
video_0023,27,video_0023_27,Negative,False,False,False,False,000
video_0023,28,video_0023_28,Negative,False,False,False,False,000
video_0023,29,video_0023_29,Negative,False,False,False,False,000
video_0023,30,video_0023_30,Negative,False,False,False,False,000
video_0023,31,video_0023_31,Negative,False,False,False,False,000
video_0023,32,video_0023_32,Negative,False,False,False,False,000
video_0023,33,video_0023_33,Negative,False,False,False,False,000
video_0023,34,video_0023_34,Positive,False,False,False,False,000
video_0023,35,video_0023_35,Positive,False,False,False,False,000
video_0023,36,video_0023_36,Positive,False,False,False,False,000
video_0023,37,video_0023_37,Positive,False,False,False,False,000
video_0023,38,video_0023_38,Positive,False,False,False,False,000
video_0023,39,video_0023_39,Positive,False,False,False,False,000
video_0023,40,video_0023_40,Positive,False,False,False,False,000
video_0023,41,video_0023_41,Positive,False,False,False,False,000
video_0023,42,video_0023_42,Negative,False,False,False,False,000
video_0023,43,video_0023_43,Positive,False,False,False,False,000
video_0023,44,video_0023_44,Negative,False,False,False,False,000
video_0023,45,video_0023_45,Positive,False,False,False,False,000
video_0023,46,video_0023_46,Positive,False,False,False,False,000
video_0023,47,video_0023_47,Negative,False,False,False,False,000
video_0023,48,video_0023_48,Positive,False,False,False,False,000
video_0023,49,video_0023_49,Positive,False,False,False,False,000
video_0023,50,video_0023_50,Negative,False,False,False,False,000
video_0023,51,video_0023_51,Negative,False,False,False,False,000
video_0023,52,video_0023_52,Negative,False,False,False,False,000
video_0023,53,video_0023_53,Negative,False,False,False,False,000
video_0023,54,video_0023_54,Neutral,False,False,False,False,000
video_0023,55,video_0023_55,Positive,False,False,False,False,000
video_0023,56,video_0023_56,Negative,False,False,False,False,000
video_0023,57,video_0023_57,Positive,False,False,False,False,000
video_0023,58,video_0023_58,Negative,False,False,False,False,000
video_0023,59,video_0023_59,Positive,False,False,False,False,000
video_0023,60,video_0023_60,Positive,False,False,False,False,000
video_0023,61,video_0023_61,Neutral,False,False,False,False,000
video_0023,62,video_0023_62,Positive,False,False,False,False,000
video_0023,63,video_0023_63,Negative,False,False,False,False,000
video_0023,64,video_0023_64,Negative,False,False,False,False,000
video_0024,1,video_0024_1,Positive,False,False,False,False,000
video_0024,2,video_0024_2,Positive,False,False,False,False,000
video_0024,3,video_0024_3,Positive,False,False,False,False,000
video_0024,4,video_0024_4,Positive,False,False,False,False,000
video_0024,5,video_0024_5,Positive,False,False,False,False,000
video_0024,6,video_0024_6,Negative,False,False,False,False,000
video_0024,7,video_0024_7,Positive,False,False,False,False,000
video_0024,8,video_0024_8,Neutral,False,False,False,False,000
video_0024,9,video_0024_9,Positive,False,False,False,False,000
video_0024,10,video_0024_10,Negative,False,False,False,False,000
video_0024,11,video_0024_11,Neutral,False,False,False,False,000
video_0024,12,video_0024_12,Neutral,False,False,False,False,000
video_0024,13,video_0024_13,Negative,False,False,False,False,000
video_0024,14,video_0024_14,Negative,False,False,False,False,000
video_0024,15,video_0024_15,Negative,False,False,False,False,000
video_0024,16,video_0024_16,Neutral,False,False,False,False,000
video_0024,17,video_0024_17,Negative,False,False,False,False,000
video_0024,18,video_0024_18,Positive,False,False,False,False,000
video_0024,19,video_0024_19,Negative,False,False,False,False,000
video_0024,20,video_0024_20,Negative,False,False,False,False,000
video_0024,21,video_0024_21,Negative,False,False,False,False,000
video_0024,22,video_0024_22,Negative,False,False,False,False,000
video_0024,23,video_0024_23,Neutral,False,False,False,False,000
video_0024,24,video_0024_24,Neutral,False,False,False,False,000
video_0024,25,video_0024_25,Positive,False,False,False,False,000
video_0024,26,video_0024_26,Neutral,False,False,False,False,000
video_0024,27,video_0024_27,Negative,False,False,False,False,000
video_0024,28,video_0024_28,Negative,False,False,False,False,000
video_0024,29,video_0024_29,Negative,False,False,False,False,000
video_0024,30,video_0024_30,Neutral,False,False,False,False,000
video_0024,31,video_0024_31,Positive,False,False,False,False,000
video_0024,32,video_0024_32,Neutral,False,False,False,False,000
video_0024,33,video_0024_33,Negative,False,False,False,False,000
video_0024,34,video_0024_34,Neutral,False,False,False,False,000
video_0024,35,video_0024_35,Negative,False,False,False,False,000
video_0024,36,video_0024_36,Negative,False,False,False,False,000
video_0024,37,video_0024_37,Negative,False,False,False,False,000
video_0024,38,video_0024_38,Negative,False,False,False,False,000
video_0024,39,video_0024_39,Negative,False,False,False,False,000
video_0024,40,video_0024_40,Negative,False,False,False,False,000
video_0024,41,video_0024_41,Positive,False,False,False,False,000
video_0024,42,video_0024_42,Negative,False,False,False,False,000
video_0024,43,video_0024_43,Negative,False,False,False,False,000
video_0024,44,video_0024_44,Positive,False,False,False,False,000
video_0024,45,video_0024_45,Negative,False,False,False,False,000
video_0024,46,video_0024_46,Negative,False,False,False,False,000
video_0024,47,video_0024_47,Positive,False,False,False,False,000
video_0024,48,video_0024_48,Positive,False,False,False,False,000
video_0024,49,video_0024_49,Positive,False,False,False,False,000
video_0024,50,video_0024_50,Negative,False,False,False,False,000
video_0024,51,video_0024_51,Negative,False,False,False,False,000
video_0024,52,video_0024_52,Negative,False,False,False,False,000
video_0024,53,video_0024_53,Negative,False,False,False,False,000
video_0024,54,video_0024_54,Negative,False,False,False,False,000
video_0024,55,video_0024_55,Negative,False,False,False,False,000
video_0024,56,video_0024_56,Negative,False,False,False,False,000
video_0024,57,video_0024_57,Negative,False,False,False,False,000
video_0024,58,video_0024_58,Negative,False,False,False,False,000
video_0024,59,video_0024_59,Neutral,False,False,False,False,000
video_0024,60,video_0024_60,Neutral,False,False,False,False,000
video_0024,61,video_0024_61,Negative,False,False,False,False,000
video_0024,62,video_0024_62,Positive,False,False,False,False,000
video_0024,63,video_0024_63,Positive,False,False,False,False,000
video_0024,64,video_0024_64,Positive,False,False,False,False,000
video_0024,65,video_0024_65,Negative,False,False,False,False,000
video_0024,66,video_0024_66,Negative,False,False,False,False,000
video_0024,67,video_0024_67,Negative,False,False,False,False,000
video_0024,68,video_0024_68,Positive,False,False,False,False,000
video_0024,69,video_0024_69,Positive,False,False,False,False,000
video_0024,70,video_0024_70,Positive,False,False,False,False,000
video_0024,71,video_0024_71,Negative,False,False,False,False,000
video_0024,72,video_0024_72,Negative,False,False,False,False,000
video_0024,73,video_0024_73,Negative,False,False,False,False,000
video_0024,74,video_0024_74,Negative,False,False,False,False,000
video_0024,75,video_0024_75,Negative,False,False,False,False,000
video_0024,76,video_0024_76,Negative,False,False,False,False,000
video_0024,77,video_0024_77,Negative,False,False,False,False,000
video_0024,78,video_0024_78,Negative,False,False,False,False,000
video_0024,79,video_0024_79,Negative,False,False,False,False,000
video_0024,80,video_0024_80,Positive,False,False,False,False,000
video_0024,81,video_0024_81,Positive,False,False,False,False,000
video_0024,82,video_0024_82,Positive,False,False,False,False,000
video_0024,83,video_0024_83,Negative,False,False,False,False,000
video_0024,84,video_0024_84,Negative,False,False,False,False,000
video_0024,85,video_0024_85,Negative,False,False,False,False,000
video_0024,86,video_0024_86,Negative,False,False,False,False,000
video_0024,87,video_0024_87,Negative,False,False,False,False,000
video_0024,88,video_0024_88,Negative,False,False,False,False,000
video_0024,89,video_0024_89,Negative,False,False,False,False,000
video_0024,90,video_0024_90,Positive,False,False,False,False,000
video_0024,91,video_0024_91,Negative,False,False,False,False,000
video_0024,92,video_0024_92,Negative,False,False,False,False,000
video_0024,93,video_0024_93,Negative,False,False,False,False,000
video_0024,94,video_0024_94,Negative,False,False,False,False,000
video_0024,95,video_0024_95,Negative,False,False,False,False,000
video_0024,96,video_0024_96,Negative,False,False,False,False,000
video_0024,97,video_0024_97,Negative,False,False,False,False,000
video_0024,98,video_0024_98,Negative,False,False,False,False,000
video_0024,99,video_0024_99,Positive,False,False,False,False,000
video_0024,100,video_0024_100,Positive,False,False,False,False,000
video_0024,101,video_0024_101,Negative,False,False,False,False,000
video_0024,102,video_0024_102,Negative,False,False,False,False,000
video_0024,103,video_0024_103,Negative,False,False,False,False,000
video_0024,104,video_0024_104,Neutral,False,False,False,False,000
video_0024,105,video_0024_105,Positive,False,False,False,False,000
video_0024,106,video_0024_106,Positive,False,False,False,False,000
video_0024,107,video_0024_107,Neutral,False,False,False,False,000
video_0024,108,video_0024_108,Neutral,False,False,False,False,000
video_0024,109,video_0024_109,Neutral,False,False,False,False,000
video_0024,110,video_0024_110,Neutral,False,False,False,False,000
video_0024,111,video_0024_111,Neutral,False,False,False,False,000
video_0024,112,video_0024_112,Negative,False,False,False,False,000
video_0024,113,video_0024_113,Negative,False,False,False,False,000
video_0024,114,video_0024_114,Positive,False,False,False,False,000
video_0024,115,video_0024_115,Negative,False,False,False,False,000
video_0024,116,video_0024_116,Negative,False,False,False,False,000
video_0025,1,video_0025_1,Neutral,False,False,False,False,000
video_0025,2,video_0025_2,Positive,False,False,False,False,000
video_0025,3,video_0025_3,Positive,False,False,False,False,000
video_0025,4,video_0025_4,Negative,False,False,False,False,000
video_0025,5,video_0025_5,Negative,False,False,False,False,000
video_0025,6,video_0025_6,Negative,False,False,False,False,000
video_0025,7,video_0025_7,Negative,False,False,False,False,000
video_0025,8,video_0025_8,Negative,False,False,False,False,000
video_0025,9,video_0025_9,Negative,False,False,False,False,000
video_0025,10,video_0025_10,Negative,False,False,False,False,000
video_0025,11,video_0025_11,Negative,False,False,False,False,000
video_0025,12,video_0025_12,Positive,False,False,False,False,000
video_0025,13,video_0025_13,Negative,False,False,False,False,000
video_0025,14,video_0025_14,Negative,False,False,False,False,000
video_0025,15,video_0025_15,Negative,False,False,False,False,000
video_0025,16,video_0025_16,Positive,False,False,False,False,000
video_0025,17,video_0025_17,Negative,False,False,False,False,000
video_0025,18,video_0025_18,Positive,False,False,False,False,000
video_0025,19,video_0025_19,Negative,False,False,False,False,000
video_0025,20,video_0025_20,Positive,False,False,False,False,000
video_0025,21,video_0025_21,Neutral,False,False,False,False,000
video_0025,22,video_0025_22,Positive,False,False,False,False,000
video_0025,23,video_0025_23,Neutral,False,False,False,False,000
video_0025,24,video_0025_24,Negative,False,False,False,False,000
video_0025,25,video_0025_25,Positive,False,False,False,False,000
video_0025,26,video_0025_26,Negative,False,False,False,False,000
video_0025,27,video_0025_27,Negative,False,False,False,False,000
video_0025,28,video_0025_28,Neutral,False,False,False,False,000
video_0025,29,video_0025_29,Negative,False,False,False,False,000
video_0025,30,video_0025_30,Negative,False,False,False,False,000
video_0025,31,video_0025_31,Positive,False,False,False,False,000
video_0025,32,video_0025_32,Positive,False,False,False,False,000
video_0025,33,video_0025_33,Positive,False,False,False,False,000
video_0025,34,video_0025_34,Negative,False,False,False,False,000
video_0025,35,video_0025_35,Negative,False,False,False,False,000
video_0025,36,video_0025_36,Negative,False,False,False,False,000
video_0025,37,video_0025_37,Negative,False,False,False,False,000
video_0025,38,video_0025_38,Neutral,False,False,False,False,000
video_0025,39,video_0025_39,Negative,False,False,False,False,000
video_0025,40,video_0025_40,Positive,False,False,False,False,000
video_0025,41,video_0025_41,Positive,False,False,False,False,000
video_0025,42,video_0025_42,Negative,False,False,False,False,000
video_0025,43,video_0025_43,Negative,False,False,False,False,000
video_0025,44,video_0025_44,Negative,False,False,False,False,000
video_0025,45,video_0025_45,Negative,False,False,False,False,000
video_0025,46,video_0025_46,Negative,False,False,False,False,000
video_0025,47,video_0025_47,Negative,False,False,False,False,000
video_0025,48,video_0025_48,Negative,False,False,False,False,000
video_0025,49,video_0025_49,Negative,False,False,False,False,000
video_0025,50,video_0025_50,Negative,False,False,False,False,000
video_0025,51,video_0025_51,Negative,False,False,False,False,000
video_0025,52,video_0025_52,Negative,False,False,False,False,000
video_0025,53,video_0025_53,Neutral,False,False,False,False,000
video_0025,54,video_0025_54,Negative,False,False,False,False,000
video_0025,55,video_0025_55,Positive,False,False,False,False,000
video_0026,1,video_0026_1,Negative,False,False,False,False,000
video_0026,2,video_0026_2,Negative,False,False,False,False,000
video_0026,3,video_0026_3,Negative,False,False,False,False,000
video_0026,4,video_0026_4,Negative,False,False,False,False,000
video_0026,5,video_0026_5,Positive,False,False,False,False,000
video_0026,6,video_0026_6,Negative,False,False,False,False,000
video_0026,7,video_0026_7,Negative,False,False,False,False,000
video_0026,8,video_0026_8,Negative,False,False,False,False,000
video_0026,9,video_0026_9,Negative,False,False,False,False,000
video_0026,10,video_0026_10,Negative,False,False,False,False,000
video_0026,11,video_0026_11,Negative,False,False,False,False,000
video_0026,12,video_0026_12,Negative,False,False,False,False,000
video_0026,13,video_0026_13,Negative,False,False,False,False,000
video_0026,14,video_0026_14,Negative,False,False,False,False,000
video_0026,15,video_0026_15,Negative,False,False,False,False,000
video_0026,16,video_0026_16,Negative,False,False,False,False,000
video_0026,17,video_0026_17,Negative,False,False,False,False,000
video_0026,18,video_0026_18,Negative,False,False,False,False,000
video_0026,19,video_0026_19,Neutral,False,False,False,False,000
video_0026,20,video_0026_20,Positive,False,False,False,False,000
video_0026,21,video_0026_21,Negative,False,False,False,False,000
video_0026,22,video_0026_22,Negative,False,False,False,False,000
video_0026,23,video_0026_23,Neutral,False,False,False,False,000
video_0026,24,video_0026_24,Negative,False,False,False,False,000
video_0026,25,video_0026_25,Negative,False,False,False,False,000
video_0027,1,video_0027_1,Positive,False,False,False,False,000
video_0027,2,video_0027_2,Positive,False,False,False,False,000
video_0027,3,video_0027_3,Negative,False,False,False,False,000
video_0027,4,video_0027_4,Negative,False,False,False,False,000
video_0027,5,video_0027_5,Negative,False,False,False,False,000
video_0027,6,video_0027_6,Negative,False,False,False,False,000
video_0027,7,video_0027_7,Negative,False,False,False,False,000
video_0027,8,video_0027_8,Neutral,False,False,False,False,000
video_0027,9,video_0027_9,Positive,False,False,False,False,000
video_0027,10,video_0027_10,Neutral,False,False,False,False,000
video_0027,11,video_0027_11,Negative,False,False,False,False,000
video_0027,12,video_0027_12,Negative,False,False,False,False,000
video_0027,13,video_0027_13,Negative,False,False,False,False,000
video_0027,14,video_0027_14,Positive,False,False,False,False,000
video_0027,15,video_0027_15,Positive,False,False,False,False,000
video_0027,16,video_0027_16,Neutral,False,False,False,False,000
video_0027,17,video_0027_17,Negative,False,False,False,False,000
video_0027,18,video_0027_18,Negative,False,False,False,False,000
video_0027,19,video_0027_19,Negative,False,False,False,False,000
video_0027,20,video_0027_20,Negative,False,False,False,False,000
video_0027,21,video_0027_21,Negative,False,False,False,False,000
video_0027,22,video_0027_22,Negative,False,False,False,False,000
video_0027,23,video_0027_23,Negative,False,False,False,False,000
video_0027,24,video_0027_24,Negative,False,False,False,False,000
video_0027,25,video_0027_25,Negative,False,False,False,False,000
video_0027,26,video_0027_26,Negative,False,False,False,False,000
video_0027,27,video_0027_27,Negative,False,False,False,False,000
video_0027,28,video_0027_28,Positive,False,False,False,False,000
video_0027,29,video_0027_29,Positive,False,False,False,False,000
video_0027,30,video_0027_30,Positive,False,False,False,False,000
video_0027,31,video_0027_31,Positive,False,False,False,False,000
video_0027,32,video_0027_32,Positive,False,False,False,False,000
video_0027,33,video_0027_33,Negative,False,False,False,False,000
video_0027,34,video_0027_34,Negative,False,False,False,False,000
video_0027,35,video_0027_35,Positive,False,False,False,False,000
video_0027,36,video_0027_36,Positive,False,False,False,False,000
video_0027,37,video_0027_37,Positive,False,False,False,False,000
video_0027,38,video_0027_38,Positive,False,False,False,False,000
video_0027,39,video_0027_39,Positive,False,False,False,False,000
video_0027,40,video_0027_40,Positive,False,False,False,False,000
video_0027,41,video_0027_41,Negative,False,False,False,False,000
video_0027,42,video_0027_42,Negative,False,False,False,False,000
video_0027,43,video_0027_43,Negative,False,False,False,False,000
video_0027,44,video_0027_44,Negative,False,False,False,False,000
video_0027,45,video_0027_45,Positive,False,False,False,False,000
video_0027,46,video_0027_46,Positive,False,False,False,False,000
video_0027,47,video_0027_47,Positive,False,False,False,False,000
video_0027,48,video_0027_48,Negative,False,False,False,False,000
video_0027,49,video_0027_49,Positive,False,False,False,False,000
video_0028,1,video_0028_1,Neutral,False,False,False,False,000
video_0028,2,video_0028_2,Neutral,False,False,False,False,000
video_0028,3,video_0028_3,Positive,False,False,False,False,000
video_0028,4,video_0028_4,Negative,False,False,False,False,000
video_0028,5,video_0028_5,Negative,False,False,False,False,000
video_0028,6,video_0028_6,Negative,False,False,False,False,000
video_0028,7,video_0028_7,Negative,False,False,False,False,000
video_0028,8,video_0028_8,Negative,False,False,False,False,000
video_0028,9,video_0028_9,Negative,False,False,False,False,000
video_0028,10,video_0028_10,Negative,False,False,False,False,000
video_0028,11,video_0028_11,Positive,False,False,False,False,000
video_0028,12,video_0028_12,Neutral,False,False,False,False,000
video_0028,13,video_0028_13,Neutral,False,False,False,False,000
video_0028,14,video_0028_14,Negative,False,False,False,False,000
video_0028,15,video_0028_15,Positive,False,False,False,False,000
video_0028,16,video_0028_16,Negative,False,False,False,False,000
video_0028,17,video_0028_17,Negative,False,False,False,False,000
video_0028,18,video_0028_18,Positive,False,False,False,False,000
video_0028,19,video_0028_19,Negative,False,False,False,False,000
video_0028,20,video_0028_20,Negative,False,False,False,False,000
video_0028,21,video_0028_21,Neutral,False,False,False,False,000
video_0028,22,video_0028_22,Neutral,False,False,False,False,000
video_0028,23,video_0028_23,Neutral,False,False,False,False,000
video_0029,1,video_0029_1,Negative,False,False,False,False,000
video_0029,2,video_0029_2,Negative,False,False,False,False,000
video_0029,3,video_0029_3,Negative,False,False,False,False,000
video_0029,4,video_0029_4,Negative,False,False,False,False,000
video_0029,5,video_0029_5,Negative,False,False,False,False,000
video_0029,6,video_0029_6,Negative,False,False,False,False,000
video_0029,7,video_0029_7,Positive,False,False,False,False,000
video_0029,8,video_0029_8,Negative,False,False,False,False,000
video_0029,9,video_0029_9,Positive,False,False,False,False,000
video_0029,10,video_0029_10,Negative,False,False,False,False,000
video_0029,11,video_0029_11,Negative,False,False,False,False,000
video_0029,12,video_0029_12,Neutral,False,False,False,False,000
video_0029,13,video_0029_13,Negative,False,False,False,False,000
video_0029,14,video_0029_14,Positive,False,False,False,False,000
video_0029,15,video_0029_15,Negative,False,False,False,False,000
video_0029,16,video_0029_16,Positive,False,False,False,False,000
video_0029,17,video_0029_17,Negative,False,False,False,False,000
video_0029,18,video_0029_18,Positive,False,False,False,False,000
video_0029,19,video_0029_19,Negative,False,False,False,False,000
video_0029,20,video_0029_20,Negative,False,False,False,False,000
video_0029,21,video_0029_21,Neutral,False,False,False,False,000
video_0029,22,video_0029_22,Negative,False,False,False,False,000
video_0029,23,video_0029_23,Positive,False,False,False,False,000
video_0029,24,video_0029_24,Negative,False,False,False,False,000
video_0029,25,video_0029_25,Negative,False,False,False,False,000
video_0029,26,video_0029_26,Positive,False,False,False,False,000
video_0030,1,video_0030_1,Positive,False,False,False,False,000
video_0030,2,video_0030_2,Negative,False,False,False,False,000
video_0030,3,video_0030_3,Negative,False,False,False,False,000
video_0030,4,video_0030_4,Negative,False,False,False,False,000
video_0030,5,video_0030_5,Negative,False,False,False,False,000
video_0030,6,video_0030_6,Negative,False,False,False,False,000
video_0030,7,video_0030_7,Negative,False,False,False,False,000
video_0030,8,video_0030_8,Negative,False,False,False,False,000
video_0030,9,video_0030_9,Negative,False,False,False,False,000
video_0030,10,video_0030_10,Negative,False,False,False,False,000
video_0030,11,video_0030_11,Negative,False,False,False,False,000
video_0030,12,video_0030_12,Negative,False,False,False,False,000
video_0030,13,video_0030_13,Positive,False,False,False,False,000
video_0030,14,video_0030_14,Positive,False,False,False,False,000
video_0030,15,video_0030_15,Positive,False,False,False,False,000
video_0030,16,video_0030_16,Positive,False,False,False,False,000
video_0030,17,video_0030_17,Positive,False,False,False,False,000
video_0030,18,video_0030_18,Neutral,False,False,False,False,000
video_0030,19,video_0030_19,Positive,False,False,False,False,000
video_0030,20,video_0030_20,Neutral,False,False,False,False,000
video_0030,21,video_0030_21,Positive,False,False,False,False,000
video_0030,22,video_0030_22,Positive,False,False,False,False,000
video_0030,23,video_0030_23,Positive,False,False,False,False,000
video_0030,24,video_0030_24,Positive,False,False,False,False,000
video_0030,25,video_0030_25,Positive,False,False,False,False,000
video_0030,26,video_0030_26,Positive,False,False,False,False,000
video_0030,27,video_0030_27,Negative,False,False,False,False,000
video_0030,28,video_0030_28,Negative,False,False,False,False,000
video_0030,29,video_0030_29,Negative,False,False,False,False,000
video_0030,30,video_0030_30,Negative,False,False,False,False,000
video_0030,31,video_0030_31,Negative,False,False,False,False,000
video_0030,32,video_0030_32,Negative,False,False,False,False,000
video_0030,33,video_0030_33,Neutral,False,False,False,False,000
video_0030,34,video_0030_34,Positive,False,False,False,False,000
video_0030,35,video_0030_35,Negative,False,False,False,False,000
video_0030,36,video_0030_36,Negative,False,False,False,False,000
video_0030,37,video_0030_37,Negative,False,False,False,False,000
video_0030,38,video_0030_38,Negative,False,False,False,False,000
video_0030,39,video_0030_39,Positive,False,False,False,False,000
video_0030,40,video_0030_40,Negative,False,False,False,False,000
video_0030,41,video_0030_41,Neutral,False,False,False,False,000
video_0030,42,video_0030_42,Positive,False,False,False,False,000
video_0031,1,video_0031_1,Positive,False,False,False,False,000
video_0031,2,video_0031_2,Negative,False,False,False,False,000
video_0031,3,video_0031_3,Negative,False,False,False,False,000
video_0031,4,video_0031_4,Positive,False,False,False,False,000
video_0031,5,video_0031_5,Positive,False,False,False,False,000
video_0031,6,video_0031_6,Negative,False,False,False,False,000
video_0031,7,video_0031_7,Negative,False,False,False,False,000
video_0031,8,video_0031_8,Positive,False,False,False,False,000
video_0031,9,video_0031_9,Negative,False,False,False,False,000
video_0031,10,video_0031_10,Positive,False,False,False,False,000
video_0031,11,video_0031_11,Positive,False,False,False,False,000
video_0031,12,video_0031_12,Negative,False,False,False,False,000
video_0031,13,video_0031_13,Negative,False,False,False,False,000
video_0031,14,video_0031_14,Neutral,False,False,False,False,000
video_0031,15,video_0031_15,Negative,False,False,False,False,000
video_0031,16,video_0031_16,Negative,False,False,False,False,000
video_0031,17,video_0031_17,Neutral,False,False,False,False,000
video_0031,18,video_0031_18,Negative,False,False,False,False,000
video_0031,19,video_0031_19,Neutral,False,False,False,False,000
video_0031,20,video_0031_20,Negative,False,False,False,False,000
video_0031,21,video_0031_21,Negative,False,False,False,False,000
video_0031,22,video_0031_22,Negative,False,False,False,False,000
video_0031,23,video_0031_23,Positive,False,False,False,False,000
video_0031,24,video_0031_24,Positive,False,False,False,False,000
video_0031,25,video_0031_25,Positive,False,False,False,False,000
video_0031,26,video_0031_26,Positive,False,False,False,False,000
video_0031,27,video_0031_27,Neutral,False,False,False,False,000
video_0031,28,video_0031_28,Neutral,False,False,False,False,000
video_0031,29,video_0031_29,Positive,False,False,False,False,000
video_0031,30,video_0031_30,Neutral,False,False,False,False,000
video_0031,31,video_0031_31,Positive,False,False,False,False,000
video_0031,32,video_0031_32,Positive,False,False,False,False,000
video_0031,33,video_0031_33,Neutral,False,False,False,False,000
video_0031,34,video_0031_34,Positive,False,False,False,False,000
video_0031,35,video_0031_35,Negative,False,False,False,False,000
video_0032,1,video_0032_1,Positive,False,False,False,False,000
video_0032,2,video_0032_2,Negative,False,False,False,False,000
video_0032,3,video_0032_3,Negative,False,False,False,False,000
video_0032,4,video_0032_4,Negative,False,False,False,False,000
video_0032,5,video_0032_5,Positive,False,False,False,False,000
video_0032,6,video_0032_6,Negative,False,False,False,False,000
video_0032,7,video_0032_7,Negative,False,False,False,False,000
video_0032,8,video_0032_8,Negative,False,False,False,False,000
video_0032,9,video_0032_9,Neutral,False,False,False,False,000
video_0032,10,video_0032_10,Negative,False,False,False,False,000
video_0032,11,video_0032_11,Negative,False,False,False,False,000
video_0032,12,video_0032_12,Negative,False,False,False,False,000
video_0032,13,video_0032_13,Neutral,False,False,False,False,000
video_0032,14,video_0032_14,Neutral,False,False,False,False,000
video_0032,15,video_0032_15,Positive,False,False,False,False,000
video_0032,16,video_0032_16,Positive,False,False,False,False,000
video_0032,17,video_0032_17,Negative,False,False,False,False,000
video_0032,18,video_0032_18,Positive,False,False,False,False,000
video_0032,19,video_0032_19,Negative,False,False,False,False,000
video_0032,20,video_0032_20,Negative,False,False,False,False,000
video_0032,21,video_0032_21,Negative,False,False,False,False,000
video_0032,22,video_0032_22,Negative,False,False,False,False,000
video_0032,23,video_0032_23,Negative,False,False,False,False,000
video_0033,1,video_0033_1,Positive,False,False,False,False,000
video_0033,2,video_0033_2,Positive,False,False,False,False,000
video_0033,3,video_0033_3,Positive,False,False,False,False,000
video_0033,4,video_0033_4,Negative,False,False,False,False,000
video_0033,5,video_0033_5,Negative,False,False,False,False,000
video_0033,6,video_0033_6,Neutral,False,False,False,False,000
video_0033,7,video_0033_7,Negative,False,False,False,False,000
video_0033,8,video_0033_8,Positive,False,False,False,False,000
video_0033,9,video_0033_9,Positive,False,False,False,False,000
video_0033,10,video_0033_10,Neutral,False,False,False,False,000
video_0033,11,video_0033_11,Negative,False,False,False,False,000
video_0033,12,video_0033_12,Negative,False,False,False,False,000
video_0033,13,video_0033_13,Positive,False,False,False,False,000
video_0034,1,video_0034_1,Negative,False,False,False,False,000
video_0034,2,video_0034_2,Neutral,False,False,False,False,000
video_0034,3,video_0034_3,Negative,False,False,False,False,000
video_0034,4,video_0034_4,Negative,False,False,False,False,000
video_0034,5,video_0034_5,Negative,False,False,False,False,000
video_0034,6,video_0034_6,Negative,False,False,False,False,000
video_0034,7,video_0034_7,Negative,False,False,False,False,000
video_0034,8,video_0034_8,Negative,False,False,False,False,000
video_0034,9,video_0034_9,Negative,False,False,False,False,000
video_0034,10,video_0034_10,Neutral,False,False,False,False,000
video_0034,11,video_0034_11,Negative,False,False,False,False,000
video_0034,12,video_0034_12,Positive,False,False,False,False,000
video_0034,13,video_0034_13,Negative,False,False,False,False,000
video_0034,14,video_0034_14,Positive,False,False,False,False,000
video_0034,15,video_0034_15,Negative,False,False,False,False,000
video_0034,16,video_0034_16,Neutral,False,False,False,False,000
video_0034,17,video_0034_17,Positive,False,False,False,False,000
video_0034,18,video_0034_18,Negative,False,False,False,False,000
video_0034,19,video_0034_19,Neutral,False,False,False,False,000
video_0034,20,video_0034_20,Negative,False,False,False,False,000
video_0034,21,video_0034_21,Positive,False,False,False,False,000
video_0034,22,video_0034_22,Positive,False,False,False,False,000
video_0034,23,video_0034_23,Negative,False,False,False,False,000
video_0034,24,video_0034_24,Negative,False,False,False,False,000
video_0035,1,video_0035_1,Neutral,False,False,False,False,000
video_0035,2,video_0035_2,Negative,False,False,False,False,000
video_0035,3,video_0035_3,Neutral,False,False,False,False,000
video_0035,4,video_0035_4,Positive,False,False,False,False,000
video_0035,5,video_0035_5,Negative,False,False,False,False,000
video_0035,6,video_0035_6,Negative,False,False,False,False,000
video_0035,7,video_0035_7,Negative,False,False,False,False,000
video_0035,8,video_0035_8,Neutral,False,False,False,False,000
video_0035,9,video_0035_9,Negative,False,False,False,False,000
video_0035,10,video_0035_10,Positive,False,False,False,False,000
video_0035,11,video_0035_11,Positive,False,False,False,False,000
video_0035,12,video_0035_12,Positive,False,False,False,False,000
video_0035,13,video_0035_13,Positive,False,False,False,False,000
video_0035,14,video_0035_14,Negative,False,False,False,False,000
video_0035,15,video_0035_15,Positive,False,False,False,False,000
video_0035,16,video_0035_16,Negative,False,False,False,False,000
video_0035,17,video_0035_17,Neutral,False,False,False,False,000
video_0035,18,video_0035_18,Positive,False,False,False,False,000
video_0035,19,video_0035_19,Positive,False,False,False,False,000
video_0035,20,video_0035_20,Positive,False,False,False,False,000
video_0035,21,video_0035_21,Positive,False,False,False,False,000
video_0035,22,video_0035_22,Positive,False,False,False,False,000
video_0035,23,video_0035_23,Positive,False,False,False,False,000
video_0035,24,video_0035_24,Neutral,False,False,False,False,000
video_0035,25,video_0035_25,Negative,False,False,False,False,000
video_0035,26,video_0035_26,Negative,False,False,False,False,000
video_0035,27,video_0035_27,Negative,False,False,False,False,000
video_0035,28,video_0035_28,Positive,False,False,False,False,000
video_0035,29,video_0035_29,Negative,False,False,False,False,000
video_0035,30,video_0035_30,Neutral,False,False,False,False,000
video_0035,31,video_0035_31,Neutral,False,False,False,False,000
video_0035,32,video_0035_32,Negative,False,False,False,False,000
video_0035,33,video_0035_33,Neutral,False,False,False,False,000
video_0035,34,video_0035_34,Negative,False,False,False,False,000
video_0035,35,video_0035_35,Neutral,False,False,False,False,000
video_0036,1,video_0036_1,Negative,False,False,False,False,000
video_0036,2,video_0036_2,Negative,False,False,False,False,000
video_0036,3,video_0036_3,Negative,False,False,False,False,000
video_0036,4,video_0036_4,Negative,False,False,False,False,000
video_0036,5,video_0036_5,Negative,False,False,False,False,000
video_0036,6,video_0036_6,Negative,False,False,False,False,000
video_0036,7,video_0036_7,Negative,False,False,False,False,000
video_0036,8,video_0036_8,Negative,False,False,False,False,000
video_0036,9,video_0036_9,Negative,False,False,False,False,000
video_0036,10,video_0036_10,Negative,False,False,False,False,000
video_0036,11,video_0036_11,Negative,False,False,False,False,000
video_0036,12,video_0036_12,Negative,False,False,False,False,000
video_0036,13,video_0036_13,Negative,False,False,False,False,000
video_0036,14,video_0036_14,Negative,False,False,False,False,000
video_0036,15,video_0036_15,Negative,False,False,False,False,000
video_0036,16,video_0036_16,Negative,False,False,False,False,000
video_0036,17,video_0036_17,Negative,False,False,False,False,000
video_0036,18,video_0036_18,Negative,False,False,False,False,000
video_0036,19,video_0036_19,Negative,False,False,False,False,000
video_0036,20,video_0036_20,Negative,False,False,False,False,000
video_0036,21,video_0036_21,Positive,False,False,False,False,000
video_0036,22,video_0036_22,Neutral,False,False,False,False,000
video_0036,23,video_0036_23,Negative,False,False,False,False,000
video_0036,24,video_0036_24,Negative,False,False,False,False,000
video_0036,25,video_0036_25,Negative,False,False,False,False,000
video_0036,26,video_0036_26,Negative,False,False,False,False,000
video_0036,27,video_0036_27,Negative,False,False,False,False,000
video_0036,28,video_0036_28,Negative,False,False,False,False,000
video_0036,29,video_0036_29,Negative,False,False,False,False,000
video_0036,30,video_0036_30,Negative,False,False,False,False,000
video_0036,31,video_0036_31,Negative,False,False,False,False,000
video_0036,32,video_0036_32,Negative,False,False,False,False,000
video_0037,1,video_0037_1,Negative,False,False,False,False,000
video_0037,2,video_0037_2,Negative,False,False,False,False,000
video_0037,3,video_0037_3,Negative,False,False,False,False,000
video_0037,4,video_0037_4,Negative,False,False,False,False,000
video_0037,5,video_0037_5,Positive,False,False,False,False,000
video_0037,6,video_0037_6,Negative,False,False,False,False,000
video_0037,7,video_0037_7,Negative,False,False,False,False,000
video_0037,8,video_0037_8,Negative,False,False,False,False,000
video_0037,9,video_0037_9,Positive,False,False,False,False,000
video_0037,10,video_0037_10,Positive,False,False,False,False,000
video_0037,11,video_0037_11,Negative,False,False,False,False,000
video_0037,12,video_0037_12,Negative,False,False,False,False,000
video_0037,13,video_0037_13,Negative,False,False,False,False,000
video_0037,14,video_0037_14,Negative,False,False,False,False,000
video_0037,15,video_0037_15,Negative,False,False,False,False,000
video_0037,16,video_0037_16,Neutral,False,False,False,False,000
video_0037,17,video_0037_17,Negative,False,False,False,False,000
video_0037,18,video_0037_18,Negative,False,False,False,False,000
video_0037,19,video_0037_19,Negative,False,False,False,False,000
video_0037,20,video_0037_20,Negative,False,False,False,False,000
video_0037,21,video_0037_21,Negative,False,False,False,False,000
video_0037,22,video_0037_22,Negative,False,False,False,False,000
video_0037,23,video_0037_23,Positive,False,False,False,False,000
video_0037,24,video_0037_24,Negative,False,False,False,False,000
video_0037,25,video_0037_25,Negative,False,False,False,False,000
video_0038,1,video_0038_1,Positive,False,False,False,False,000
video_0038,2,video_0038_2,Neutral,False,False,False,False,000
video_0038,3,video_0038_3,Negative,False,False,False,False,000
video_0038,4,video_0038_4,Neutral,False,False,False,False,000
video_0038,5,video_0038_5,Neutral,False,False,False,False,000
video_0038,6,video_0038_6,Negative,False,False,False,False,000
video_0038,7,video_0038_7,Positive,False,False,False,False,000
video_0038,8,video_0038_8,Positive,False,False,False,False,000
video_0038,9,video_0038_9,Positive,False,False,False,False,000
video_0038,10,video_0038_10,Negative,False,False,False,False,000
video_0038,11,video_0038_11,Neutral,False,False,False,False,000
video_0038,12,video_0038_12,Positive,False,False,False,False,000
video_0038,13,video_0038_13,Neutral,False,False,False,False,000
video_0038,14,video_0038_14,Positive,False,False,False,False,000
video_0038,15,video_0038_15,Negative,False,False,False,False,000
video_0038,16,video_0038_16,Negative,False,False,False,False,000
video_0038,17,video_0038_17,Positive,False,False,False,False,000
video_0038,18,video_0038_18,Negative,False,False,False,False,000
video_0038,19,video_0038_19,Negative,False,False,False,False,000
video_0038,20,video_0038_20,Positive,False,False,False,False,000
video_0038,21,video_0038_21,Negative,False,False,False,False,000
video_0038,22,video_0038_22,Negative,False,False,False,False,000
video_0038,23,video_0038_23,Negative,False,False,False,False,000
video_0038,24,video_0038_24,Negative,False,False,False,False,000
video_0038,25,video_0038_25,Positive,False,False,False,False,000
video_0038,26,video_0038_26,Negative,False,False,False,False,000
video_0038,27,video_0038_27,Positive,False,False,False,False,000
video_0038,28,video_0038_28,Neutral,False,False,False,False,000
video_0038,29,video_0038_29,Negative,False,False,False,False,000
video_0038,30,video_0038_30,Positive,False,False,False,False,000
video_0038,31,video_0038_31,Neutral,False,False,False,False,000
video_0038,32,video_0038_32,Negative,False,False,False,False,000
video_0038,33,video_0038_33,Positive,False,False,False,False,000
video_0038,34,video_0038_34,Negative,False,False,False,False,000
video_0038,35,video_0038_35,Negative,False,False,False,False,000
video_0038,36,video_0038_36,Neutral,False,False,False,False,000
video_0038,37,video_0038_37,Negative,False,False,False,False,000
video_0038,38,video_0038_38,Negative,False,False,False,False,000
video_0038,39,video_0038_39,Neutral,False,False,False,False,000
video_0038,40,video_0038_40,Positive,False,False,False,False,000
video_0038,41,video_0038_41,Positive,False,False,False,False,000
video_0038,42,video_0038_42,Negative,False,False,False,False,000
video_0038,43,video_0038_43,Neutral,False,False,False,False,000
video_0038,44,video_0038_44,Neutral,False,False,False,False,000
video_0038,45,video_0038_45,Positive,False,False,False,False,000
video_0038,46,video_0038_46,Positive,False,False,False,False,000
video_0038,47,video_0038_47,Negative,False,False,False,False,000
video_0038,48,video_0038_48,Negative,False,False,False,False,000
video_0039,1,video_0039_1,Negative,False,False,False,False,000
video_0039,2,video_0039_2,Negative,False,False,False,False,000
video_0039,3,video_0039_3,Positive,False,False,False,False,000
video_0039,4,video_0039_4,Negative,False,False,False,False,000
video_0039,5,video_0039_5,Negative,False,False,False,False,000
video_0039,6,video_0039_6,Negative,False,False,False,False,000
video_0039,7,video_0039_7,Positive,False,False,False,False,000
video_0039,8,video_0039_8,Negative,False,False,False,False,000
video_0040,1,video_0040_1,Positive,False,False,False,False,000
video_0040,2,video_0040_2,Negative,False,False,False,False,000
video_0040,3,video_0040_3,Negative,False,False,False,False,000
video_0040,4,video_0040_4,Neutral,False,False,False,False,000
video_0040,5,video_0040_5,Neutral,False,False,False,False,000
video_0040,6,video_0040_6,Neutral,False,False,False,False,000
video_0040,7,video_0040_7,Negative,False,False,False,False,000
video_0040,8,video_0040_8,Positive,False,False,False,False,000
video_0040,9,video_0040_9,Negative,False,False,False,False,000
video_0040,10,video_0040_10,Negative,False,False,False,False,000
video_0040,11,video_0040_11,Negative,False,False,False,False,000
video_0040,12,video_0040_12,Negative,False,False,False,False,000
video_0040,13,video_0040_13,Negative,False,False,False,False,000
video_0040,14,video_0040_14,Negative,False,False,False,False,000
video_0040,15,video_0040_15,Negative,False,False,False,False,000
video_0040,16,video_0040_16,Neutral,False,False,False,False,000
video_0040,17,video_0040_17,Negative,False,False,False,False,000
video_0040,18,video_0040_18,Negative,False,False,False,False,000
video_0040,19,video_0040_19,Negative,False,False,False,False,000
video_0040,20,video_0040_20,Negative,False,False,False,False,000
video_0040,21,video_0040_21,Negative,False,False,False,False,000
video_0040,22,video_0040_22,Negative,False,False,False,False,000
video_0040,23,video_0040_23,Negative,False,False,False,False,000
video_0040,24,video_0040_24,Neutral,False,False,False,False,000
video_0040,25,video_0040_25,Neutral,False,False,False,False,000
video_0040,26,video_0040_26,Positive,False,False,False,False,000
video_0040,27,video_0040_27,Positive,False,False,False,False,000
video_0040,28,video_0040_28,Negative,False,False,False,False,000
video_0040,29,video_0040_29,Negative,False,False,False,False,000
video_0040,30,video_0040_30,Neutral,False,False,False,False,000
video_0040,31,video_0040_31,Negative,False,False,False,False,000
video_0040,32,video_0040_32,Negative,False,False,False,False,000
video_0040,33,video_0040_33,Negative,False,False,False,False,000
video_0040,34,video_0040_34,Negative,False,False,False,False,000
video_0040,35,video_0040_35,Negative,False,False,False,False,000
video_0040,36,video_0040_36,Negative,False,False,False,False,000
video_0040,37,video_0040_37,Negative,False,False,False,False,000
video_0040,38,video_0040_38,Negative,False,False,False,False,000
video_0040,39,video_0040_39,Negative,False,False,False,False,000
video_0040,40,video_0040_40,Negative,False,False,False,False,000
video_0040,41,video_0040_41,Negative,False,False,False,False,000
video_0040,42,video_0040_42,Negative,False,False,False,False,000
video_0040,43,video_0040_43,Negative,False,False,False,False,000
video_0040,44,video_0040_44,Negative,False,False,False,False,000
video_0040,45,video_0040_45,Negative,False,False,False,False,000
video_0040,46,video_0040_46,Negative,False,False,False,False,000
video_0040,47,video_0040_47,Neutral,False,False,False,False,000
video_0040,48,video_0040_48,Negative,False,False,False,False,000
video_0040,49,video_0040_49,Positive,False,False,False,False,000
video_0040,50,video_0040_50,Positive,False,False,False,False,000
video_0040,51,video_0040_51,Negative,False,False,False,False,000
video_0040,52,video_0040_52,Negative,False,False,False,False,000
video_0040,53,video_0040_53,Negative,False,False,False,False,000
video_0040,54,video_0040_54,Positive,False,False,False,False,000
video_0041,1,video_0041_1,Negative,False,False,False,False,000
video_0041,2,video_0041_2,Negative,False,False,False,False,000
video_0041,3,video_0041_3,Negative,False,False,False,False,000
video_0041,4,video_0041_4,Positive,False,False,False,False,000
video_0041,5,video_0041_5,Negative,False,False,False,False,000
video_0041,6,video_0041_6,Negative,False,False,False,False,000
video_0041,7,video_0041_7,Negative,False,False,False,False,000
video_0041,8,video_0041_8,Negative,False,False,False,False,000
video_0041,9,video_0041_9,Positive,False,False,False,False,000
video_0041,10,video_0041_10,Negative,False,False,False,False,000
video_0041,11,video_0041_11,Negative,False,False,False,False,000
video_0041,12,video_0041_12,Negative,False,False,False,False,000
video_0041,13,video_0041_13,Negative,False,False,False,False,000
video_0041,14,video_0041_14,Negative,False,False,False,False,000
video_0041,15,video_0041_15,Negative,False,False,False,False,000
video_0041,16,video_0041_16,Positive,False,False,False,False,000
video_0041,17,video_0041_17,Positive,False,False,False,False,000
video_0041,18,video_0041_18,Negative,False,False,False,False,000
video_0041,19,video_0041_19,Negative,False,False,False,False,000
video_0041,20,video_0041_20,Negative,False,False,False,False,000
video_0041,21,video_0041_21,Negative,False,False,False,False,000
video_0041,22,video_0041_22,Negative,False,False,False,False,000
video_0041,23,video_0041_23,Positive,False,False,False,False,000
video_0041,24,video_0041_24,Positive,False,False,False,False,000
video_0041,25,video_0041_25,Negative,False,False,False,False,000
video_0041,26,video_0041_26,Negative,False,False,False,False,000
video_0041,27,video_0041_27,Negative,False,False,False,False,000
video_0041,28,video_0041_28,Positive,False,False,False,False,000
video_0041,29,video_0041_29,Negative,False,False,False,False,000
video_0041,30,video_0041_30,Negative,False,False,False,False,000
video_0041,31,video_0041_31,Negative,False,False,False,False,000
video_0041,32,video_0041_32,Negative,False,False,False,False,000
video_0042,1,video_0042_1,Negative,False,False,False,False,000
video_0042,2,video_0042_2,Positive,False,False,False,False,000
video_0042,3,video_0042_3,Negative,False,False,False,False,000
video_0042,4,video_0042_4,Negative,False,False,False,False,000
video_0042,5,video_0042_5,Negative,False,False,False,False,000
video_0042,6,video_0042_6,Negative,False,False,False,False,000
video_0042,7,video_0042_7,Negative,False,False,False,False,000
video_0042,8,video_0042_8,Negative,False,False,False,False,000
video_0042,9,video_0042_9,Negative,False,False,False,False,000
video_0042,10,video_0042_10,Negative,False,False,False,False,000
video_0042,11,video_0042_11,Negative,False,False,False,False,000
video_0042,12,video_0042_12,Negative,False,False,False,False,000
video_0042,13,video_0042_13,Negative,False,False,False,False,000
video_0042,14,video_0042_14,Negative,False,False,False,False,000
video_0042,15,video_0042_15,Neutral,False,False,False,False,000
video_0042,16,video_0042_16,Negative,False,False,False,False,000
video_0042,17,video_0042_17,Negative,False,False,False,False,000
video_0042,18,video_0042_18,Positive,False,False,False,False,000
video_0042,19,video_0042_19,Positive,False,False,False,False,000
video_0042,20,video_0042_20,Negative,False,False,False,False,000
video_0043,1,video_0043_1,Positive,False,False,False,False,000
video_0043,2,video_0043_2,Positive,False,False,False,False,000
video_0043,3,video_0043_3,Negative,False,False,False,False,000
video_0043,4,video_0043_4,Neutral,False,False,False,False,000
video_0043,5,video_0043_5,Neutral,False,False,False,False,000
video_0043,6,video_0043_6,Positive,False,False,False,False,000
video_0043,7,video_0043_7,Negative,False,False,False,False,000
video_0043,8,video_0043_8,Positive,False,False,False,False,000
video_0043,9,video_0043_9,Positive,False,False,False,False,000
video_0043,10,video_0043_10,Positive,False,False,False,False,000
video_0043,11,video_0043_11,Positive,False,False,False,False,000
video_0043,12,video_0043_12,Positive,False,False,False,False,000
video_0043,13,video_0043_13,Negative,False,False,False,False,000
video_0043,14,video_0043_14,Negative,False,False,False,False,000
video_0043,15,video_0043_15,Negative,False,False,False,False,000
video_0043,16,video_0043_16,Neutral,False,False,False,False,000
video_0043,17,video_0043_17,Negative,False,False,False,False,000
video_0043,18,video_0043_18,Neutral,False,False,False,False,000
video_0043,19,video_0043_19,Neutral,False,False,False,False,000
video_0043,20,video_0043_20,Positive,False,False,False,False,000
video_0043,21,video_0043_21,Positive,False,False,False,False,000
video_0043,22,video_0043_22,Neutral,False,False,False,False,000
video_0043,23,video_0043_23,Negative,False,False,False,False,000
video_0043,24,video_0043_24,Negative,False,False,False,False,000
video_0043,25,video_0043_25,Negative,False,False,False,False,000
video_0043,26,video_0043_26,Positive,False,False,False,False,000
video_0043,27,video_0043_27,Neutral,False,False,False,False,000
video_0043,28,video_0043_28,Neutral,False,False,False,False,000
video_0043,29,video_0043_29,Negative,False,False,False,False,000
video_0043,30,video_0043_30,Negative,False,False,False,False,000
video_0043,31,video_0043_31,Neutral,False,False,False,False,000
video_0043,32,video_0043_32,Neutral,False,False,False,False,000
video_0043,33,video_0043_33,Neutral,False,False,False,False,000
video_0043,34,video_0043_34,Neutral,False,False,False,False,000
video_0043,35,video_0043_35,Positive,False,False,False,False,000
video_0043,36,video_0043_36,Negative,False,False,False,False,000
video_0043,37,video_0043_37,Negative,False,False,False,False,000
video_0043,38,video_0043_38,Negative,False,False,False,False,000
video_0043,39,video_0043_39,Neutral,False,False,False,False,000
video_0043,40,video_0043_40,Negative,False,False,False,False,000
video_0043,41,video_0043_41,Negative,False,False,False,False,000
video_0043,42,video_0043_42,Positive,False,False,False,False,000
video_0043,43,video_0043_43,Positive,False,False,False,False,000
video_0043,44,video_0043_44,Positive,False,False,False,False,000
video_0043,45,video_0043_45,Positive,False,False,False,False,000
video_0043,46,video_0043_46,Neutral,False,False,False,False,000
video_0043,47,video_0043_47,Positive,False,False,False,False,000
video_0043,48,video_0043_48,Neutral,False,False,False,False,000
video_0043,49,video_0043_49,Positive,False,False,False,False,000
video_0043,50,video_0043_50,Neutral,False,False,False,False,000
video_0043,51,video_0043_51,Positive,False,False,False,False,000
video_0043,52,video_0043_52,Positive,False,False,False,False,000
video_0043,53,video_0043_53,Negative,False,False,False,False,000
video_0043,54,video_0043_54,Neutral,False,False,False,False,000
video_0043,55,video_0043_55,Positive,False,False,False,False,000
video_0043,56,video_0043_56,Neutral,False,False,False,False,000
video_0043,57,video_0043_57,Positive,False,False,False,False,000
video_0043,58,video_0043_58,Positive,False,False,False,False,000
video_0043,59,video_0043_59,Positive,False,False,False,False,000
video_0043,60,video_0043_60,Neutral,False,False,False,False,000
video_0043,61,video_0043_61,Positive,False,False,False,False,000
video_0043,62,video_0043_62,Negative,False,False,False,False,000
video_0043,63,video_0043_63,Neutral,False,False,False,False,000
video_0043,64,video_0043_64,Neutral,False,False,False,False,000
video_0044,1,video_0044_1,Positive,False,False,False,False,000
video_0044,2,video_0044_2,Positive,False,False,False,False,000
video_0044,3,video_0044_3,Positive,False,False,False,False,000
video_0044,4,video_0044_4,Positive,False,False,False,False,000
video_0044,5,video_0044_5,Positive,False,False,False,False,000
video_0044,6,video_0044_6,Negative,False,False,False,False,000
video_0044,7,video_0044_7,Negative,False,False,False,False,000
video_0044,8,video_0044_8,Neutral,False,False,False,False,000
video_0044,9,video_0044_9,Negative,False,False,False,False,000
video_0044,10,video_0044_10,Negative,False,False,False,False,000
video_0045,1,video_0045_1,Positive,False,False,False,False,000
video_0045,2,video_0045_2,Neutral,False,False,False,False,000
video_0045,3,video_0045_3,Neutral,False,False,False,False,000
video_0045,4,video_0045_4,Positive,False,False,False,False,000
video_0045,5,video_0045_5,Positive,False,False,False,False,000
video_0045,6,video_0045_6,Positive,False,False,False,False,000
video_0045,7,video_0045_7,Neutral,False,False,False,False,000
video_0045,8,video_0045_8,Positive,False,False,False,False,000
video_0045,9,video_0045_9,Positive,False,False,False,False,000
video_0045,10,video_0045_10,Neutral,False,False,False,False,000
video_0045,11,video_0045_11,Positive,False,False,False,False,000
video_0045,12,video_0045_12,Negative,False,False,False,False,000
video_0045,13,video_0045_13,Neutral,False,False,False,False,000
video_0045,14,video_0045_14,Neutral,False,False,False,False,000
video_0045,15,video_0045_15,Neutral,False,False,False,False,000
video_0045,16,video_0045_16,Positive,False,False,False,False,000
video_0045,17,video_0045_17,Neutral,False,False,False,False,000
video_0045,18,video_0045_18,Neutral,False,False,False,False,000
video_0045,19,video_0045_19,Neutral,False,False,False,False,000
video_0045,20,video_0045_20,Positive,False,False,False,False,000
video_0045,21,video_0045_21,Positive,False,False,False,False,000
video_0045,22,video_0045_22,Positive,False,False,False,False,000
video_0045,23,video_0045_23,Positive,False,False,False,False,000
video_0045,24,video_0045_24,Neutral,False,False,False,False,000
video_0045,25,video_0045_25,Neutral,False,False,False,False,000
video_0045,26,video_0045_26,Positive,False,False,False,False,000
video_0045,27,video_0045_27,Neutral,False,False,False,False,000
video_0045,28,video_0045_28,Negative,False,False,False,False,000
video_0045,29,video_0045_29,Negative,False,False,False,False,000
video_0045,30,video_0045_30,Negative,False,False,False,False,000
video_0045,31,video_0045_31,Negative,False,False,False,False,000
video_0045,32,video_0045_32,Positive,False,False,False,False,000
video_0045,33,video_0045_33,Neutral,False,False,False,False,000
video_0045,34,video_0045_34,Positive,False,False,False,False,000
video_0045,35,video_0045_35,Positive,False,False,False,False,000
video_0045,36,video_0045_36,Positive,False,False,False,False,000
video_0045,37,video_0045_37,Neutral,False,False,False,False,000
video_0045,38,video_0045_38,Negative,False,False,False,False,000
video_0045,39,video_0045_39,Positive,False,False,False,False,000
video_0045,40,video_0045_40,Negative,False,False,False,False,000
video_0045,41,video_0045_41,Negative,False,False,False,False,000
video_0045,42,video_0045_42,Positive,False,False,False,False,000
video_0045,43,video_0045_43,Negative,False,False,False,False,000
video_0045,44,video_0045_44,Negative,False,False,False,False,000
video_0045,45,video_0045_45,Negative,False,False,False,False,000
video_0045,46,video_0045_46,Negative,False,False,False,False,000
video_0045,47,video_0045_47,Neutral,False,False,False,False,000
video_0045,48,video_0045_48,Negative,False,False,False,False,000
video_0045,49,video_0045_49,Neutral,False,False,False,False,000
video_0045,50,video_0045_50,Positive,False,False,False,False,000
video_0045,51,video_0045_51,Positive,False,False,False,False,000
video_0045,52,video_0045_52,Negative,False,False,False,False,000
video_0045,53,video_0045_53,Negative,False,False,False,False,000
video_0045,54,video_0045_54,Positive,False,False,False,False,000
video_0045,55,video_0045_55,Neutral,False,False,False,False,000
video_0045,56,video_0045_56,Neutral,False,False,False,False,000
video_0045,57,video_0045_57,Positive,False,False,False,False,000
video_0045,58,video_0045_58,Positive,False,False,False,False,000
video_0045,59,video_0045_59,Negative,False,False,False,False,000
video_0045,60,video_0045_60,Negative,False,False,False,False,000
video_0045,61,video_0045_61,Negative,False,False,False,False,000
video_0045,62,video_0045_62,Negative,False,False,False,False,000
video_0045,63,video_0045_63,Positive,False,False,False,False,000
video_0045,64,video_0045_64,Neutral,False,False,False,False,000
video_0045,65,video_0045_65,Neutral,False,False,False,False,000
video_0045,66,video_0045_66,Neutral,False,False,False,False,000
video_0045,67,video_0045_67,Positive,False,False,False,False,000
video_0045,68,video_0045_68,Negative,False,False,False,False,000
video_0045,69,video_0045_69,Positive,False,False,False,False,000
video_0045,70,video_0045_70,Positive,False,False,False,False,000
video_0045,71,video_0045_71,Negative,False,False,False,False,000
video_0045,72,video_0045_72,Positive,False,False,False,False,000
video_0045,73,video_0045_73,Positive,False,False,False,False,000
video_0045,74,video_0045_74,Positive,False,False,False,False,000
video_0045,75,video_0045_75,Negative,False,False,False,False,000
video_0045,76,video_0045_76,Neutral,False,False,False,False,000
video_0045,77,video_0045_77,Negative,False,False,False,False,000
video_0045,78,video_0045_78,Positive,False,False,False,False,000
video_0045,79,video_0045_79,Neutral,False,False,False,False,000
video_0045,80,video_0045_80,Neutral,False,False,False,False,000
video_0045,81,video_0045_81,Negative,False,False,False,False,000
video_0045,82,video_0045_82,Negative,False,False,False,False,000
video_0045,83,video_0045_83,Positive,False,False,False,False,000
video_0045,84,video_0045_84,Positive,False,False,False,False,000
video_0045,85,video_0045_85,Neutral,False,False,False,False,000
video_0045,86,video_0045_86,Neutral,False,False,False,False,000
video_0045,87,video_0045_87,Neutral,False,False,False,False,000
video_0045,88,video_0045_88,Neutral,False,False,False,False,000
video_0045,89,video_0045_89,Positive,False,False,False,False,000
video_0045,90,video_0045_90,Neutral,False,False,False,False,000
video_0045,91,video_0045_91,Negative,False,False,False,False,000
video_0045,92,video_0045_92,Negative,False,False,False,False,000
video_0045,93,video_0045_93,Negative,False,False,False,False,000
video_0045,94,video_0045_94,Negative,False,False,False,False,000
video_0045,95,video_0045_95,Negative,False,False,False,False,000
video_0045,96,video_0045_96,Negative,False,False,False,False,000
video_0045,97,video_0045_97,Negative,False,False,False,False,000
video_0045,98,video_0045_98,Negative,False,False,False,False,000
video_0045,99,video_0045_99,Positive,False,False,False,False,000
video_0045,100,video_0045_100,Positive,False,False,False,False,000
video_0045,101,video_0045_101,Neutral,False,False,False,False,000
video_0045,102,video_0045_102,Neutral,False,False,False,False,000
video_0045,103,video_0045_103,Neutral,False,False,False,False,000
video_0045,104,video_0045_104,Positive,False,False,False,False,000
video_0045,105,video_0045_105,Positive,False,False,False,False,000
video_0046,1,video_0046_1,Positive,False,False,False,False,000
video_0046,2,video_0046_2,Positive,False,False,False,False,000
video_0046,3,video_0046_3,Positive,False,False,False,False,000
video_0046,4,video_0046_4,Neutral,False,False,False,False,000
video_0046,5,video_0046_5,Negative,False,False,False,False,000
video_0046,6,video_0046_6,Neutral,False,False,False,False,000
video_0046,7,video_0046_7,Positive,False,False,False,False,000
video_0046,8,video_0046_8,Positive,False,False,False,False,000
video_0046,9,video_0046_9,Neutral,False,False,False,False,000
video_0046,10,video_0046_10,Neutral,False,False,False,False,000
video_0046,11,video_0046_11,Negative,False,False,False,False,000
video_0046,12,video_0046_12,Neutral,False,False,False,False,000
video_0046,13,video_0046_13,Neutral,False,False,False,False,000
video_0046,14,video_0046_14,Positive,False,False,False,False,000
video_0046,15,video_0046_15,Positive,False,False,False,False,000
video_0046,16,video_0046_16,Positive,False,False,False,False,000
video_0046,17,video_0046_17,Positive,False,False,False,False,000
video_0046,18,video_0046_18,Positive,False,False,False,False,000
video_0046,19,video_0046_19,Positive,False,False,False,False,000
video_0046,20,video_0046_20,Positive,False,False,False,False,000
video_0046,21,video_0046_21,Negative,False,False,False,False,000
video_0046,22,video_0046_22,Positive,False,False,False,False,000
video_0046,23,video_0046_23,Negative,False,False,False,False,000
video_0046,24,video_0046_24,Negative,False,False,False,False,000
video_0046,25,video_0046_25,Negative,False,False,False,False,000
video_0046,26,video_0046_26,Neutral,False,False,False,False,000
video_0046,27,video_0046_27,Negative,False,False,False,False,000
video_0046,28,video_0046_28,Negative,False,False,False,False,000
video_0046,29,video_0046_29,Negative,False,False,False,False,000
video_0046,30,video_0046_30,Negative,False,False,False,False,000
video_0046,31,video_0046_31,Negative,False,False,False,False,000
video_0046,32,video_0046_32,Positive,False,False,False,False,000
video_0046,33,video_0046_33,Positive,False,False,False,False,000
video_0046,34,video_0046_34,Negative,False,False,False,False,000
video_0046,35,video_0046_35,Negative,False,False,False,False,000
video_0046,36,video_0046_36,Positive,False,False,False,False,000
video_0046,37,video_0046_37,Positive,False,False,False,False,000
video_0046,38,video_0046_38,Positive,False,False,False,False,000
video_0046,39,video_0046_39,Positive,False,False,False,False,000
video_0046,40,video_0046_40,Positive,False,False,False,False,000
video_0046,41,video_0046_41,Positive,False,False,False,False,000
video_0046,42,video_0046_42,Negative,False,False,False,False,000
video_0046,43,video_0046_43,Negative,False,False,False,False,000
video_0046,44,video_0046_44,Neutral,False,False,False,False,000
video_0046,45,video_0046_45,Positive,False,False,False,False,000
video_0046,46,video_0046_46,Positive,False,False,False,False,000
video_0046,47,video_0046_47,Positive,False,False,False,False,000
video_0046,48,video_0046_48,Negative,False,False,False,False,000
video_0046,49,video_0046_49,Negative,False,False,False,False,000
video_0046,50,video_0046_50,Negative,False,False,False,False,000
video_0046,51,video_0046_51,Neutral,False,False,False,False,000
video_0046,52,video_0046_52,Positive,False,False,False,False,000
video_0046,53,video_0046_53,Neutral,False,False,False,False,000
video_0046,54,video_0046_54,Positive,False,False,False,False,000
video_0046,55,video_0046_55,Negative,False,False,False,False,000
video_0046,56,video_0046_56,Positive,False,False,False,False,000
video_0046,57,video_0046_57,Negative,False,False,False,False,000
video_0046,58,video_0046_58,Negative,False,False,False,False,000
video_0046,59,video_0046_59,Negative,False,False,False,False,000
video_0046,60,video_0046_60,Negative,False,False,False,False,000
video_0046,61,video_0046_61,Positive,False,False,False,False,000
video_0046,62,video_0046_62,Positive,False,False,False,False,000
video_0046,63,video_0046_63,Positive,False,False,False,False,000
video_0046,64,video_0046_64,Negative,False,False,False,False,000
video_0046,65,video_0046_65,Negative,False,False,False,False,000
video_0047,1,video_0047_1,Positive,False,False,False,False,000
video_0047,2,video_0047_2,Positive,False,False,False,False,000
video_0047,3,video_0047_3,Neutral,False,False,False,False,000
video_0047,4,video_0047_4,Neutral,False,False,False,False,000
video_0047,5,video_0047_5,Negative,False,False,False,False,000
video_0047,6,video_0047_6,Neutral,False,False,False,False,000
video_0047,7,video_0047_7,Positive,False,False,False,False,000
video_0047,8,video_0047_8,Negative,False,False,False,False,000
video_0047,9,video_0047_9,Neutral,False,False,False,False,000
video_0047,10,video_0047_10,Neutral,False,False,False,False,000
video_0047,11,video_0047_11,Negative,False,False,False,False,000
video_0047,12,video_0047_12,Neutral,False,False,False,False,000
video_0047,13,video_0047_13,Negative,False,False,False,False,000
video_0047,14,video_0047_14,Neutral,False,False,False,False,000
video_0047,15,video_0047_15,Positive,False,False,False,False,000
video_0047,16,video_0047_16,Neutral,False,False,False,False,000
video_0047,17,video_0047_17,Positive,False,False,False,False,000
video_0047,18,video_0047_18,Neutral,False,False,False,False,000
video_0047,19,video_0047_19,Neutral,False,False,False,False,000
video_0047,20,video_0047_20,Negative,False,False,False,False,000
video_0047,21,video_0047_21,Neutral,False,False,False,False,000
video_0047,22,video_0047_22,Neutral,False,False,False,False,000
video_0047,23,video_0047_23,Neutral,False,False,False,False,000
video_0047,24,video_0047_24,Negative,False,False,False,False,000
video_0047,25,video_0047_25,Neutral,False,False,False,False,000
video_0047,26,video_0047_26,Negative,False,False,False,False,000
video_0047,27,video_0047_27,Positive,False,False,False,False,000
video_0047,28,video_0047_28,Negative,False,False,False,False,000
video_0047,29,video_0047_29,Negative,False,False,False,False,000
video_0047,30,video_0047_30,Negative,False,False,False,False,000
video_0047,31,video_0047_31,Negative,False,False,False,False,000
video_0047,32,video_0047_32,Negative,False,False,False,False,000
video_0047,33,video_0047_33,Negative,False,False,False,False,000
video_0047,34,video_0047_34,Negative,False,False,False,False,000
video_0047,35,video_0047_35,Positive,False,False,False,False,000
video_0047,36,video_0047_36,Neutral,False,False,False,False,000
video_0047,37,video_0047_37,Neutral,False,False,False,False,000
video_0047,38,video_0047_38,Neutral,False,False,False,False,000
video_0047,39,video_0047_39,Neutral,False,False,False,False,000
video_0047,40,video_0047_40,Negative,False,False,False,False,000
video_0047,41,video_0047_41,Negative,False,False,False,False,000
video_0047,42,video_0047_42,Negative,False,False,False,False,000
video_0047,43,video_0047_43,Negative,False,False,False,False,000
video_0047,44,video_0047_44,Negative,False,False,False,False,000
video_0047,45,video_0047_45,Neutral,False,False,False,False,000
video_0047,46,video_0047_46,Neutral,False,False,False,False,000
video_0047,47,video_0047_47,Negative,False,False,False,False,000
video_0047,48,video_0047_48,Negative,False,False,False,False,000
video_0047,49,video_0047_49,Negative,False,False,False,False,000
video_0047,50,video_0047_50,Neutral,False,False,False,False,000
video_0047,51,video_0047_51,Negative,False,False,False,False,000
video_0047,52,video_0047_52,Neutral,False,False,False,False,000
video_0047,53,video_0047_53,Neutral,False,False,False,False,000
video_0047,54,video_0047_54,Neutral,False,False,False,False,000
video_0047,55,video_0047_55,Neutral,False,False,False,False,000
video_0047,56,video_0047_56,Neutral,False,False,False,False,000
video_0047,57,video_0047_57,Neutral,False,False,False,False,000
video_0047,58,video_0047_58,Neutral,False,False,False,False,000
video_0047,59,video_0047_59,Negative,False,False,False,False,000
video_0047,60,video_0047_60,Neutral,False,False,False,False,000
video_0047,61,video_0047_61,Neutral,False,False,False,False,000
video_0047,62,video_0047_62,Neutral,False,False,False,False,000
video_0047,63,video_0047_63,Negative,False,False,False,False,000
video_0047,64,video_0047_64,Neutral,False,False,False,False,000
video_0047,65,video_0047_65,Neutral,False,False,False,False,000
video_0047,66,video_0047_66,Neutral,False,False,False,False,000
video_0047,67,video_0047_67,Negative,False,False,False,False,000
video_0047,68,video_0047_68,Negative,False,False,False,False,000
video_0047,69,video_0047_69,Negative,False,False,False,False,000
video_0047,70,video_0047_70,Positive,False,False,False,False,000
video_0047,71,video_0047_71,Neutral,False,False,False,False,000
video_0047,72,video_0047_72,Negative,False,False,False,False,000
video_0047,73,video_0047_73,Neutral,False,False,False,False,000
video_0047,74,video_0047_74,Neutral,False,False,False,False,000
video_0047,75,video_0047_75,Neutral,False,False,False,False,000
video_0047,76,video_0047_76,Negative,False,False,False,False,000
video_0047,77,video_0047_77,Negative,False,False,False,False,000
video_0047,78,video_0047_78,Negative,False,False,False,False,000
video_0047,79,video_0047_79,Negative,False,False,False,False,000
video_0047,80,video_0047_80,Negative,False,False,False,False,000
video_0047,81,video_0047_81,Positive,False,False,False,False,000
video_0047,82,video_0047_82,Negative,False,False,False,False,000
video_0047,83,video_0047_83,Negative,False,False,False,False,000
video_0047,84,video_0047_84,Negative,False,False,False,False,000
video_0047,85,video_0047_85,Negative,False,False,False,False,000
video_0047,86,video_0047_86,Negative,False,False,False,False,000
video_0047,87,video_0047_87,Negative,False,False,False,False,000
video_0047,88,video_0047_88,Positive,False,False,False,False,000
video_0047,89,video_0047_89,Negative,False,False,False,False,000
video_0048,1,video_0048_1,Negative,False,False,False,False,000
video_0048,2,video_0048_2,Negative,False,False,False,False,000
video_0048,3,video_0048_3,Negative,False,False,False,False,000
video_0048,4,video_0048_4,Negative,False,False,False,False,000
video_0048,5,video_0048_5,Positive,False,False,False,False,000
video_0048,6,video_0048_6,Negative,False,False,False,False,000
video_0048,7,video_0048_7,Negative,False,False,False,False,000
video_0048,8,video_0048_8,Negative,False,False,False,False,000
video_0048,9,video_0048_9,Positive,False,False,False,False,000
video_0048,10,video_0048_10,Positive,False,False,False,False,000
video_0048,11,video_0048_11,Positive,False,False,False,False,000
video_0048,12,video_0048_12,Negative,False,False,False,False,000
video_0048,13,video_0048_13,Positive,False,False,False,False,000
video_0048,14,video_0048_14,Negative,False,False,False,False,000
video_0048,15,video_0048_15,Negative,False,False,False,False,000
video_0048,16,video_0048_16,Neutral,False,False,False,False,000
video_0048,17,video_0048_17,Negative,False,False,False,False,000
video_0048,18,video_0048_18,Negative,False,False,False,False,000
video_0048,19,video_0048_19,Negative,False,False,False,False,000
video_0048,20,video_0048_20,Negative,False,False,False,False,000
video_0048,21,video_0048_21,Neutral,False,False,False,False,000
video_0048,22,video_0048_22,Positive,False,False,False,False,000
video_0048,23,video_0048_23,Negative,False,False,False,False,000
video_0048,24,video_0048_24,Negative,False,False,False,False,000
video_0048,25,video_0048_25,Negative,False,False,False,False,000
video_0048,26,video_0048_26,Negative,False,False,False,False,000
video_0048,27,video_0048_27,Negative,False,False,False,False,000
video_0048,28,video_0048_28,Negative,False,False,False,False,000
video_0048,29,video_0048_29,Positive,False,False,False,False,000
video_0048,30,video_0048_30,Negative,False,False,False,False,000
video_0048,31,video_0048_31,Positive,False,False,False,False,000
video_0048,32,video_0048_32,Positive,False,False,False,False,000
video_0049,1,video_0049_1,Positive,False,False,False,False,000
video_0049,2,video_0049_2,Positive,False,False,False,False,000
video_0049,3,video_0049_3,Positive,False,False,False,False,000
video_0049,4,video_0049_4,Negative,False,False,False,False,000
video_0049,5,video_0049_5,Negative,False,False,False,False,000
video_0049,6,video_0049_6,Negative,False,False,False,False,000
video_0049,7,video_0049_7,Negative,False,False,False,False,000
video_0049,8,video_0049_8,Negative,False,False,False,False,000
video_0049,9,video_0049_9,Positive,False,False,False,False,000
video_0049,10,video_0049_10,Positive,False,False,False,False,000
video_0049,11,video_0049_11,Negative,False,False,False,False,000
video_0049,12,video_0049_12,Negative,False,False,False,False,000
video_0049,13,video_0049_13,Positive,False,False,False,False,000
video_0049,14,video_0049_14,Positive,False,False,False,False,000
video_0049,15,video_0049_15,Positive,False,False,False,False,000
video_0049,16,video_0049_16,Positive,False,False,False,False,000
video_0049,17,video_0049_17,Negative,False,False,False,False,000
video_0049,18,video_0049_18,Negative,False,False,False,False,000
video_0049,19,video_0049_19,Negative,False,False,False,False,000
video_0049,20,video_0049_20,Negative,False,False,False,False,000
video_0049,21,video_0049_21,Negative,False,False,False,False,000
video_0049,22,video_0049_22,Negative,False,False,False,False,000
video_0050,1,video_0050_1,Negative,False,False,False,False,000
video_0050,2,video_0050_2,Negative,False,False,False,False,000
video_0050,3,video_0050_3,Positive,False,False,False,False,000
video_0050,4,video_0050_4,Positive,False,False,False,False,000
video_0050,5,video_0050_5,Positive,False,False,False,False,000
video_0050,6,video_0050_6,Positive,False,False,False,False,000
video_0050,7,video_0050_7,Neutral,False,False,False,False,000
video_0050,8,video_0050_8,Negative,False,False,False,False,000
video_0050,9,video_0050_9,Negative,False,False,False,False,000
video_0050,10,video_0050_10,Positive,False,False,False,False,000
video_0050,11,video_0050_11,Positive,False,False,False,False,000
video_0050,12,video_0050_12,Negative,False,False,False,False,000
video_0050,13,video_0050_13,Negative,False,False,False,False,000
video_0051,1,video_0051_1,Positive,False,False,False,False,000
video_0051,2,video_0051_2,Positive,False,False,False,False,000
video_0051,3,video_0051_3,Negative,False,False,False,False,000
video_0051,4,video_0051_4,Negative,False,False,False,False,000
video_0051,5,video_0051_5,Negative,False,False,False,False,000
video_0051,6,video_0051_6,Negative,False,False,False,False,000
video_0051,7,video_0051_7,Positive,False,False,False,False,000
video_0051,8,video_0051_8,Negative,False,False,False,False,000
video_0051,9,video_0051_9,Neutral,False,False,False,False,000
video_0051,10,video_0051_10,Neutral,False,False,False,False,000
video_0051,11,video_0051_11,Neutral,False,False,False,False,000
video_0051,12,video_0051_12,Negative,False,False,False,False,000
video_0051,13,video_0051_13,Negative,False,False,False,False,000
video_0051,14,video_0051_14,Positive,False,False,False,False,000
video_0051,15,video_0051_15,Positive,False,False,False,False,000
video_0051,16,video_0051_16,Positive,False,False,False,False,000
video_0051,17,video_0051_17,Positive,False,False,False,False,000
video_0051,18,video_0051_18,Positive,False,False,False,False,000
video_0051,19,video_0051_19,Negative,False,False,False,False,000
video_0051,20,video_0051_20,Negative,False,False,False,False,000
video_0051,21,video_0051_21,Negative,False,False,False,False,000
video_0051,22,video_0051_22,Positive,False,False,False,False,000
video_0051,23,video_0051_23,Negative,False,False,False,False,000
video_0051,24,video_0051_24,Negative,False,False,False,False,000
video_0051,25,video_0051_25,Negative,False,False,False,False,000
video_0051,26,video_0051_26,Negative,False,False,False,False,000
video_0051,27,video_0051_27,Negative,False,False,False,False,000
video_0051,28,video_0051_28,Negative,False,False,False,False,000
video_0051,29,video_0051_29,Negative,False,False,False,False,000
video_0051,30,video_0051_30,Negative,False,False,False,False,000
video_0051,31,video_0051_31,Negative,False,False,False,False,000
video_0051,32,video_0051_32,Negative,False,False,False,False,000
video_0051,33,video_0051_33,Negative,False,False,False,False,000
video_0051,34,video_0051_34,Negative,False,False,False,False,000
video_0051,35,video_0051_35,Positive,False,False,False,False,000
video_0051,36,video_0051_36,Positive,False,False,False,False,000
video_0051,37,video_0051_37,Positive,False,False,False,False,000
video_0051,38,video_0051_38,Positive,False,False,False,False,000
video_0051,39,video_0051_39,Positive,False,False,False,False,000
video_0051,40,video_0051_40,Neutral,False,False,False,False,000
video_0051,41,video_0051_41,Negative,False,False,False,False,000
video_0051,42,video_0051_42,Negative,False,False,False,False,000
video_0051,43,video_0051_43,Positive,False,False,False,False,000
video_0051,44,video_0051_44,Positive,False,False,False,False,000
video_0051,45,video_0051_45,Positive,False,False,False,False,000
video_0051,46,video_0051_46,Positive,False,False,False,False,000
video_0051,47,video_0051_47,Positive,False,False,False,False,000
video_0051,48,video_0051_48,Positive,False,False,False,False,000
video_0051,49,video_0051_49,Positive,False,False,False,False,000
video_0051,50,video_0051_50,Positive,False,False,False,False,000
video_0051,51,video_0051_51,Neutral,False,False,False,False,000
video_0051,52,video_0051_52,Neutral,False,False,False,False,000
video_0051,53,video_0051_53,Positive,False,False,False,False,000
video_0051,54,video_0051_54,Positive,False,False,False,False,000
video_0051,55,video_0051_55,Neutral,False,False,False,False,000
video_0051,56,video_0051_56,Positive,False,False,False,False,000
video_0051,57,video_0051_57,Negative,False,False,False,False,000
video_0051,58,video_0051_58,Negative,False,False,False,False,000
video_0051,59,video_0051_59,Negative,False,False,False,False,000
video_0051,60,video_0051_60,Neutral,False,False,False,False,000
video_0051,61,video_0051_61,Negative,False,False,False,False,000
video_0051,62,video_0051_62,Negative,False,False,False,False,000
video_0051,63,video_0051_63,Negative,False,False,False,False,000
video_0051,64,video_0051_64,Negative,False,False,False,False,000
video_0051,65,video_0051_65,Neutral,False,False,False,False,000
video_0051,66,video_0051_66,Positive,False,False,False,False,000
video_0051,67,video_0051_67,Neutral,False,False,False,False,000
video_0051,68,video_0051_68,Negative,False,False,False,False,000
video_0051,69,video_0051_69,Positive,False,False,False,False,000
video_0051,70,video_0051_70,Positive,False,False,False,False,000
video_0051,71,video_0051_71,Positive,False,False,False,False,000
video_0052,1,video_0052_1,Positive,False,False,False,False,000
video_0052,2,video_0052_2,Negative,False,False,False,False,000
video_0052,3,video_0052_3,Positive,False,False,False,False,000
video_0052,4,video_0052_4,Positive,False,False,False,False,000
video_0052,5,video_0052_5,Positive,False,False,False,False,000
video_0052,6,video_0052_6,Negative,False,False,False,False,000
video_0052,7,video_0052_7,Negative,False,False,False,False,000
video_0052,8,video_0052_8,Negative,False,False,False,False,000
video_0052,9,video_0052_9,Negative,False,False,False,False,000
video_0052,10,video_0052_10,Negative,False,False,False,False,000
video_0052,11,video_0052_11,Positive,False,False,False,False,000
video_0052,12,video_0052_12,Positive,False,False,False,False,000
video_0052,13,video_0052_13,Positive,False,False,False,False,000
video_0052,14,video_0052_14,Positive,False,False,False,False,000
video_0052,15,video_0052_15,Negative,False,False,False,False,000
video_0052,16,video_0052_16,Negative,False,False,False,False,000
video_0052,17,video_0052_17,Negative,False,False,False,False,000
video_0052,18,video_0052_18,Positive,False,False,False,False,000
video_0052,19,video_0052_19,Neutral,False,False,False,False,000
video_0052,20,video_0052_20,Neutral,False,False,False,False,000
video_0052,21,video_0052_21,Neutral,False,False,False,False,000
video_0052,22,video_0052_22,Positive,False,False,False,False,000
video_0052,23,video_0052_23,Negative,False,False,False,False,000
video_0052,24,video_0052_24,Neutral,False,False,False,False,000
video_0052,25,video_0052_25,Negative,False,False,False,False,000
video_0052,26,video_0052_26,Positive,False,False,False,False,000
video_0052,27,video_0052_27,Positive,False,False,False,False,000
video_0052,28,video_0052_28,Positive,False,False,False,False,000
video_0052,29,video_0052_29,Negative,False,False,False,False,000
video_0052,30,video_0052_30,Positive,False,False,False,False,000
video_0052,31,video_0052_31,Positive,False,False,False,False,000
video_0053,1,video_0053_1,Neutral,False,False,False,False,000
video_0053,2,video_0053_2,Positive,False,False,False,False,000
video_0053,3,video_0053_3,Positive,False,False,False,False,000
video_0053,4,video_0053_4,Positive,False,False,False,False,000
video_0053,5,video_0053_5,Negative,False,False,False,False,000
video_0053,6,video_0053_6,Negative,False,False,False,False,000
video_0053,7,video_0053_7,Negative,False,False,False,False,000
video_0053,8,video_0053_8,Negative,False,False,False,False,000
video_0053,9,video_0053_9,Negative,False,False,False,False,000
video_0053,10,video_0053_10,Negative,False,False,False,False,000
video_0053,11,video_0053_11,Negative,False,False,False,False,000
video_0053,12,video_0053_12,Negative,False,False,False,False,000
video_0053,13,video_0053_13,Negative,False,False,False,False,000
video_0053,14,video_0053_14,Negative,False,False,False,False,000
video_0053,15,video_0053_15,Neutral,False,False,False,False,000
video_0053,16,video_0053_16,Neutral,False,False,False,False,000
video_0053,17,video_0053_17,Positive,False,False,False,False,000
video_0053,18,video_0053_18,Neutral,False,False,False,False,000
video_0053,19,video_0053_19,Negative,False,False,False,False,000
video_0053,20,video_0053_20,Negative,False,False,False,False,000
video_0053,21,video_0053_21,Positive,False,False,False,False,000
video_0053,22,video_0053_22,Positive,False,False,False,False,000
video_0053,23,video_0053_23,Neutral,False,False,False,False,000
video_0053,24,video_0053_24,Positive,False,False,False,False,000
video_0053,25,video_0053_25,Positive,False,False,False,False,000
video_0053,26,video_0053_26,Negative,False,False,False,False,000
video_0053,27,video_0053_27,Negative,False,False,False,False,000
video_0053,28,video_0053_28,Negative,False,False,False,False,000
video_0053,29,video_0053_29,Negative,False,False,False,False,000
video_0053,30,video_0053_30,Negative,False,False,False,False,000
video_0053,31,video_0053_31,Negative,False,False,False,False,000
video_0053,32,video_0053_32,Negative,False,False,False,False,000
video_0053,33,video_0053_33,Negative,False,False,False,False,000
video_0053,34,video_0053_34,Neutral,False,False,False,False,000
video_0053,35,video_0053_35,Positive,False,False,False,False,000
video_0053,36,video_0053_36,Positive,False,False,False,False,000
video_0053,37,video_0053_37,Negative,False,False,False,False,000
video_0053,38,video_0053_38,Negative,False,False,False,False,000
video_0053,39,video_0053_39,Negative,False,False,False,False,000
video_0053,40,video_0053_40,Neutral,False,False,False,False,000
video_0053,41,video_0053_41,Positive,False,False,False,False,000
video_0053,42,video_0053_42,Neutral,False,False,False,False,000
video_0053,43,video_0053_43,Positive,False,False,False,False,000
video_0053,44,video_0053_44,Negative,False,False,False,False,000
video_0053,45,video_0053_45,Negative,False,False,False,False,000
video_0053,46,video_0053_46,Negative,False,False,False,False,000
video_0053,47,video_0053_47,Negative,False,False,False,False,000
video_0053,48,video_0053_48,Negative,False,False,False,False,000
video_0053,49,video_0053_49,Positive,False,False,False,False,000
video_0053,50,video_0053_50,Positive,False,False,False,False,000
video_0053,51,video_0053_51,Positive,False,False,False,False,000
video_0053,52,video_0053_52,Positive,False,False,False,False,000
video_0053,53,video_0053_53,Positive,False,False,False,False,000
video_0053,54,video_0053_54,Positive,False,False,False,False,000
video_0053,55,video_0053_55,Neutral,False,False,False,False,000
video_0053,56,video_0053_56,Neutral,False,False,False,False,000
video_0053,57,video_0053_57,Negative,False,False,False,False,000
video_0053,58,video_0053_58,Positive,False,False,False,False,000
video_0053,59,video_0053_59,Negative,False,False,False,False,000
video_0053,60,video_0053_60,Negative,False,False,False,False,000
video_0053,61,video_0053_61,Positive,False,False,False,False,000
video_0054,1,video_0054_1,Positive,False,False,False,False,000
video_0054,2,video_0054_2,Positive,False,False,False,False,000
video_0054,3,video_0054_3,Positive,False,False,False,False,000
video_0054,4,video_0054_4,Positive,False,False,False,False,000
video_0054,5,video_0054_5,Positive,False,False,False,False,000
video_0054,6,video_0054_6,Negative,False,False,False,False,000
video_0054,7,video_0054_7,Positive,False,False,False,False,000
video_0054,8,video_0054_8,Positive,False,False,False,False,000
video_0054,9,video_0054_9,Positive,False,False,False,False,000
video_0054,10,video_0054_10,Negative,False,False,False,False,000
video_0054,11,video_0054_11,Negative,False,False,False,False,000
video_0054,12,video_0054_12,Negative,False,False,False,False,000
video_0054,13,video_0054_13,Positive,False,False,False,False,000
video_0054,14,video_0054_14,Negative,False,False,False,False,000
video_0054,15,video_0054_15,Positive,False,False,False,False,000
video_0054,16,video_0054_16,Positive,False,False,False,False,000
video_0054,17,video_0054_17,Negative,False,False,False,False,000
video_0054,18,video_0054_18,Positive,False,False,False,False,000
video_0054,19,video_0054_19,Positive,False,False,False,False,000
video_0054,20,video_0054_20,Positive,False,False,False,False,000
video_0054,21,video_0054_21,Positive,False,False,False,False,000
video_0054,22,video_0054_22,Negative,False,False,False,False,000
video_0054,23,video_0054_23,Negative,False,False,False,False,000
video_0054,24,video_0054_24,Negative,False,False,False,False,000
video_0054,25,video_0054_25,Negative,False,False,False,False,000
video_0054,26,video_0054_26,Neutral,False,False,False,False,000
video_0054,27,video_0054_27,Neutral,False,False,False,False,000
video_0054,28,video_0054_28,Negative,False,False,False,False,000
video_0054,29,video_0054_29,Neutral,False,False,False,False,000
video_0054,30,video_0054_30,Negative,False,False,False,False,000
video_0054,31,video_0054_31,Negative,False,False,False,False,000
video_0054,32,video_0054_32,Positive,False,False,False,False,000
video_0054,33,video_0054_33,Neutral,False,False,False,False,000
video_0054,34,video_0054_34,Positive,False,False,False,False,000
video_0054,35,video_0054_35,Positive,False,False,False,False,000
video_0054,36,video_0054_36,Positive,False,False,False,False,000
video_0054,37,video_0054_37,Positive,False,False,False,False,000
video_0054,38,video_0054_38,Negative,False,False,False,False,000
video_0054,39,video_0054_39,Negative,False,False,False,False,000
video_0054,40,video_0054_40,Positive,False,False,False,False,000
video_0054,41,video_0054_41,Neutral,False,False,False,False,000
video_0054,42,video_0054_42,Neutral,False,False,False,False,000
video_0054,43,video_0054_43,Positive,False,False,False,False,000
video_0054,44,video_0054_44,Neutral,False,False,False,False,000
video_0054,45,video_0054_45,Positive,False,False,False,False,000
video_0054,46,video_0054_46,Negative,False,False,False,False,000
video_0054,47,video_0054_47,Neutral,False,False,False,False,000
video_0054,48,video_0054_48,Negative,False,False,False,False,000
video_0054,49,video_0054_49,Negative,False,False,False,False,000
video_0054,50,video_0054_50,Neutral,False,False,False,False,000
video_0054,51,video_0054_51,Negative,False,False,False,False,000
video_0054,52,video_0054_52,Positive,False,False,False,False,000
video_0054,53,video_0054_53,Negative,False,False,False,False,000
video_0054,54,video_0054_54,Positive,False,False,False,False,000
video_0054,55,video_0054_55,Positive,False,False,False,False,000
video_0054,56,video_0054_56,Positive,False,False,False,False,000
video_0054,57,video_0054_57,Negative,False,False,False,False,000
video_0054,58,video_0054_58,Negative,False,False,False,False,000
video_0054,59,video_0054_59,Positive,False,False,False,False,000
video_0054,60,video_0054_60,Neutral,False,False,False,False,000
video_0054,61,video_0054_61,Negative,False,False,False,False,000
video_0054,62,video_0054_62,Positive,False,False,False,False,000
video_0054,63,video_0054_63,Neutral,False,False,False,False,000
video_0054,64,video_0054_64,Neutral,False,False,False,False,000
video_0054,65,video_0054_65,Positive,False,False,False,False,000
video_0054,66,video_0054_66,Positive,False,False,False,False,000
video_0054,67,video_0054_67,Positive,False,False,False,False,000
video_0054,68,video_0054_68,Negative,False,False,False,False,000
video_0054,69,video_0054_69,Neutral,False,False,False,False,000
video_0054,70,video_0054_70,Neutral,False,False,False,False,000
video_0054,71,video_0054_71,Negative,False,False,False,False,000
video_0054,72,video_0054_72,Negative,False,False,False,False,000
video_0054,73,video_0054_73,Negative,False,False,False,False,000
video_0054,74,video_0054_74,Neutral,False,False,False,False,000
video_0054,75,video_0054_75,Negative,False,False,False,False,000
video_0054,76,video_0054_76,Positive,False,False,False,False,000
video_0054,77,video_0054_77,Positive,False,False,False,False,000
video_0054,78,video_0054_78,Positive,False,False,False,False,000
video_0054,79,video_0054_79,Neutral,False,False,False,False,000
video_0054,80,video_0054_80,Negative,False,False,False,False,000
video_0054,81,video_0054_81,Negative,False,False,False,False,000
video_0054,82,video_0054_82,Negative,False,False,False,False,000
video_0054,83,video_0054_83,Negative,False,False,False,False,000
video_0054,84,video_0054_84,Positive,False,False,False,False,000
video_0054,85,video_0054_85,Negative,False,False,False,False,000
video_0054,86,video_0054_86,Negative,False,False,False,False,000
video_0054,87,video_0054_87,Negative,False,False,False,False,000
video_0054,88,video_0054_88,Negative,False,False,False,False,000
video_0054,89,video_0054_89,Neutral,False,False,False,False,000
video_0054,90,video_0054_90,Neutral,False,False,False,False,000
video_0054,91,video_0054_91,Neutral,False,False,False,False,000
video_0054,92,video_0054_92,Negative,False,False,False,False,000
video_0054,93,video_0054_93,Negative,False,False,False,False,000
video_0054,94,video_0054_94,Neutral,False,False,False,False,000
video_0054,95,video_0054_95,Neutral,False,False,False,False,000
video_0054,96,video_0054_96,Positive,False,False,False,False,000
video_0054,97,video_0054_97,Positive,False,False,False,False,000
video_0054,98,video_0054_98,Neutral,False,False,False,False,000
video_0054,99,video_0054_99,Positive,False,False,False,False,000
video_0054,100,video_0054_100,Neutral,False,False,False,False,000
video_0054,101,video_0054_101,Neutral,False,False,False,False,000
video_0054,102,video_0054_102,Neutral,False,False,False,False,000
video_0054,103,video_0054_103,Negative,False,False,False,False,000
video_0054,104,video_0054_104,Negative,False,False,False,False,000
video_0054,105,video_0054_105,Negative,False,False,False,False,000
video_0054,106,video_0054_106,Negative,False,False,False,False,000
video_0054,107,video_0054_107,Negative,False,False,False,False,000
video_0054,108,video_0054_108,Negative,False,False,False,False,000
video_0054,109,video_0054_109,Negative,False,False,False,False,000
video_0054,110,video_0054_110,Negative,False,False,False,False,000
video_0054,111,video_0054_111,Positive,False,False,False,False,000
video_0054,112,video_0054_112,Neutral,False,False,False,False,000
video_0054,113,video_0054_113,Neutral,False,False,False,False,000
video_0054,114,video_0054_114,Positive,False,False,False,False,000
video_0054,115,video_0054_115,Negative,False,False,False,False,000
video_0054,116,video_0054_116,Positive,False,False,False,False,000
video_0054,117,video_0054_117,Positive,False,False,False,False,000
video_0054,118,video_0054_118,Positive,False,False,False,False,000
video_0054,119,video_0054_119,Positive,False,False,False,False,000
video_0054,120,video_0054_120,Neutral,False,False,False,False,000
video_0054,121,video_0054_121,Neutral,False,False,False,False,000
video_0054,122,video_0054_122,Neutral,False,False,False,False,000
video_0054,123,video_0054_123,Neutral,False,False,False,False,000
video_0054,124,video_0054_124,Positive,False,False,False,False,000
video_0054,125,video_0054_125,Negative,False,False,False,False,000
video_0054,126,video_0054_126,Negative,False,False,False,False,000
video_0054,127,video_0054_127,Negative,False,False,False,False,000
video_0054,128,video_0054_128,Negative,False,False,False,False,000
video_0054,129,video_0054_129,Neutral,False,False,False,False,000
video_0054,130,video_0054_130,Positive,False,False,False,False,000
video_0054,131,video_0054_131,Positive,False,False,False,False,000
video_0054,132,video_0054_132,Positive,False,False,False,False,000
video_0054,133,video_0054_133,Negative,False,False,False,False,000
video_0054,134,video_0054_134,Negative,False,False,False,False,000
video_0054,135,video_0054_135,Negative,False,False,False,False,000
video_0054,136,video_0054_136,Negative,False,False,False,False,000
video_0054,137,video_0054_137,Positive,False,False,False,False,000
video_0054,138,video_0054_138,Neutral,False,False,False,False,000
video_0054,139,video_0054_139,Negative,False,False,False,False,000
video_0054,140,video_0054_140,Positive,False,False,False,False,000
video_0054,141,video_0054_141,Positive,False,False,False,False,000
video_0054,142,video_0054_142,Positive,False,False,False,False,000
video_0054,143,video_0054_143,Neutral,False,False,False,False,000
video_0054,144,video_0054_144,Negative,False,False,False,False,000
video_0054,145,video_0054_145,Neutral,False,False,False,False,000
video_0054,146,video_0054_146,Neutral,False,False,False,False,000
video_0054,147,video_0054_147,Neutral,False,False,False,False,000
video_0054,148,video_0054_148,Negative,False,False,False,False,000
video_0054,149,video_0054_149,Negative,False,False,False,False,000
video_0054,150,video_0054_150,Neutral,False,False,False,False,000
video_0054,151,video_0054_151,Negative,False,False,False,False,000
video_0054,152,video_0054_152,Negative,False,False,False,False,000
video_0054,153,video_0054_153,Positive,False,False,False,False,000
video_0054,154,video_0054_154,Neutral,False,False,False,False,000
video_0054,155,video_0054_155,Negative,False,False,False,False,000
video_0054,156,video_0054_156,Negative,False,False,False,False,000
video_0054,157,video_0054_157,Positive,False,False,False,False,000
video_0054,158,video_0054_158,Positive,False,False,False,False,000
video_0054,159,video_0054_159,Negative,False,False,False,False,000
video_0054,160,video_0054_160,Positive,False,False,False,False,000
video_0054,161,video_0054_161,Negative,False,False,False,False,000
video_0054,162,video_0054_162,Negative,False,False,False,False,000
video_0054,163,video_0054_163,Positive,False,False,False,False,000
video_0054,164,video_0054_164,Positive,False,False,False,False,000
video_0054,165,video_0054_165,Negative,False,False,False,False,000
video_0054,166,video_0054_166,Negative,False,False,False,False,000
video_0054,167,video_0054_167,Negative,False,False,False,False,000
video_0054,168,video_0054_168,Negative,False,False,False,False,000
video_0054,169,video_0054_169,Negative,False,False,False,False,000
video_0054,170,video_0054_170,Positive,False,False,False,False,000
video_0054,171,video_0054_171,Positive,False,False,False,False,000
video_0054,172,video_0054_172,Negative,False,False,False,False,000
video_0054,173,video_0054_173,Negative,False,False,False,False,000
video_0054,174,video_0054_174,Negative,False,False,False,False,000
video_0054,175,video_0054_175,Negative,False,False,False,False,000
video_0054,176,video_0054_176,Negative,False,False,False,False,000
video_0054,177,video_0054_177,Negative,False,False,False,False,000
video_0054,178,video_0054_178,Negative,False,False,False,False,000
video_0054,179,video_0054_179,Negative,False,False,False,False,000
video_0054,180,video_0054_180,Negative,False,False,False,False,000
video_0054,181,video_0054_181,Neutral,False,False,False,False,000
video_0054,182,video_0054_182,Neutral,False,False,False,False,000
video_0054,183,video_0054_183,Positive,False,False,False,False,000
video_0054,184,video_0054_184,Negative,False,False,False,False,000
video_0054,185,video_0054_185,Negative,False,False,False,False,000
video_0054,186,video_0054_186,Negative,False,False,False,False,000
video_0054,187,video_0054_187,Negative,False,False,False,False,000
video_0054,188,video_0054_188,Negative,False,False,False,False,000
video_0055,1,video_0055_1,Positive,False,False,False,False,000
video_0055,2,video_0055_2,Neutral,False,False,False,False,000
video_0055,3,video_0055_3,Positive,False,False,False,False,000
video_0055,4,video_0055_4,Negative,False,False,False,False,000
video_0055,5,video_0055_5,Positive,False,False,False,False,000
video_0055,6,video_0055_6,Negative,False,False,False,False,000
video_0055,7,video_0055_7,Neutral,False,False,False,False,000
video_0055,8,video_0055_8,Positive,False,False,False,False,000
video_0055,9,video_0055_9,Negative,False,False,False,False,000
video_0055,10,video_0055_10,Positive,False,False,False,False,000
video_0055,11,video_0055_11,Negative,False,False,False,False,000
video_0055,12,video_0055_12,Negative,False,False,False,False,000
video_0055,13,video_0055_13,Negative,False,False,False,False,000
video_0055,14,video_0055_14,Negative,False,False,False,False,000
video_0055,15,video_0055_15,Negative,False,False,False,False,000
video_0055,16,video_0055_16,Positive,False,False,False,False,000
video_0055,17,video_0055_17,Negative,False,False,False,False,000
video_0055,18,video_0055_18,Positive,False,False,False,False,000
video_0055,19,video_0055_19,Positive,False,False,False,False,000
video_0055,20,video_0055_20,Positive,False,False,False,False,000
video_0055,21,video_0055_21,Positive,False,False,False,False,000
video_0055,22,video_0055_22,Positive,False,False,False,False,000
video_0055,23,video_0055_23,Positive,False,False,False,False,000
video_0055,24,video_0055_24,Negative,False,False,False,False,000
video_0055,25,video_0055_25,Positive,False,False,False,False,000
video_0055,26,video_0055_26,Negative,False,False,False,False,000
video_0055,27,video_0055_27,Negative,False,False,False,False,000
video_0055,28,video_0055_28,Negative,False,False,False,False,000
video_0055,29,video_0055_29,Positive,False,False,False,False,000
video_0055,30,video_0055_30,Negative,False,False,False,False,000
video_0055,31,video_0055_31,Negative,False,False,False,False,000
video_0055,32,video_0055_32,Negative,False,False,False,False,000
video_0055,33,video_0055_33,Negative,False,False,False,False,000
video_0055,34,video_0055_34,Negative,False,False,False,False,000
video_0055,35,video_0055_35,Positive,False,False,False,False,000
video_0056,1,video_0056_1,Positive,False,False,False,False,000
video_0056,2,video_0056_2,Negative,False,False,False,False,000
video_0056,3,video_0056_3,Negative,False,False,False,False,000
video_0056,4,video_0056_4,Negative,False,False,False,False,000
video_0056,5,video_0056_5,Negative,False,False,False,False,000
video_0056,6,video_0056_6,Negative,False,False,False,False,000
video_0056,7,video_0056_7,Negative,False,False,False,False,000
video_0056,8,video_0056_8,Negative,False,False,False,False,000
video_0056,9,video_0056_9,Negative,False,False,False,False,000
video_0056,10,video_0056_10,Positive,False,False,False,False,000
video_0056,11,video_0056_11,Negative,False,False,False,False,000
video_0056,12,video_0056_12,Negative,False,False,False,False,000
video_0056,13,video_0056_13,Negative,False,False,False,False,000
video_0056,14,video_0056_14,Negative,False,False,False,False,000
video_0056,15,video_0056_15,Negative,False,False,False,False,000
video_0056,16,video_0056_16,Negative,False,False,False,False,000
video_0056,17,video_0056_17,Positive,False,False,False,False,000
video_0056,18,video_0056_18,Negative,False,False,False,False,000
video_0056,19,video_0056_19,Neutral,False,False,False,False,000
video_0056,20,video_0056_20,Positive,False,False,False,False,000
video_0056,21,video_0056_21,Neutral,False,False,False,False,000
video_0056,22,video_0056_22,Positive,False,False,False,False,000
video_0056,23,video_0056_23,Positive,False,False,False,False,000
video_0056,24,video_0056_24,Positive,False,False,False,False,000
video_0056,25,video_0056_25,Neutral,False,False,False,False,000
video_0056,26,video_0056_26,Negative,False,False,False,False,000
video_0056,27,video_0056_27,Positive,False,False,False,False,000
video_0056,28,video_0056_28,Positive,False,False,False,False,000
video_0056,29,video_0056_29,Negative,False,False,False,False,000
video_0056,30,video_0056_30,Positive,False,False,False,False,000
video_0056,31,video_0056_31,Positive,False,False,False,False,000
video_0056,32,video_0056_32,Positive,False,False,False,False,000
video_0056,33,video_0056_33,Positive,False,False,False,False,000
video_0056,34,video_0056_34,Negative,False,False,False,False,000
video_0056,35,video_0056_35,Negative,False,False,False,False,000
video_0056,36,video_0056_36,Positive,False,False,False,False,000
video_0056,37,video_0056_37,Negative,False,False,False,False,000
video_0056,38,video_0056_38,Negative,False,False,False,False,000
video_0056,39,video_0056_39,Negative,False,False,False,False,000
video_0056,40,video_0056_40,Positive,False,False,False,False,000
video_0056,41,video_0056_41,Positive,False,False,False,False,000
video_0056,42,video_0056_42,Positive,False,False,False,False,000
video_0056,43,video_0056_43,Positive,False,False,False,False,000
video_0056,44,video_0056_44,Neutral,False,False,False,False,000
video_0056,45,video_0056_45,Positive,False,False,False,False,000
video_0056,46,video_0056_46,Positive,False,False,False,False,000
video_0056,47,video_0056_47,Positive,False,False,False,False,000
video_0056,48,video_0056_48,Negative,False,False,False,False,000
video_0056,49,video_0056_49,Negative,False,False,False,False,000
video_0056,50,video_0056_50,Negative,False,False,False,False,000
video_0056,51,video_0056_51,Neutral,False,False,False,False,000
video_0056,52,video_0056_52,Negative,False,False,False,False,000
video_0056,53,video_0056_53,Positive,False,False,False,False,000
video_0056,54,video_0056_54,Negative,False,False,False,False,000
video_0056,55,video_0056_55,Negative,False,False,False,False,000
video_0056,56,video_0056_56,Negative,False,False,False,False,000
video_0056,57,video_0056_57,Negative,False,False,False,False,000
video_0056,58,video_0056_58,Negative,False,False,False,False,000
video_0056,59,video_0056_59,Positive,False,False,False,False,000
video_0056,60,video_0056_60,Neutral,False,False,False,False,000
video_0056,61,video_0056_61,Neutral,False,False,False,False,000
video_0056,62,video_0056_62,Neutral,False,False,False,False,000
video_0056,63,video_0056_63,Negative,False,False,False,False,000
video_0056,64,video_0056_64,Neutral,False,False,False,False,000
video_0056,65,video_0056_65,Negative,False,False,False,False,000
video_0056,66,video_0056_66,Negative,False,False,False,False,000
video_0056,67,video_0056_67,Negative,False,False,False,False,000
video_0056,68,video_0056_68,Negative,False,False,False,False,000
video_0056,69,video_0056_69,Neutral,False,False,False,False,000
video_0056,70,video_0056_70,Negative,False,False,False,False,000
video_0056,71,video_0056_71,Negative,False,False,False,False,000
video_0056,72,video_0056_72,Positive,False,False,False,False,000
video_0056,73,video_0056_73,Negative,False,False,False,False,000
video_0056,74,video_0056_74,Negative,False,False,False,False,000
video_0056,75,video_0056_75,Negative,False,False,False,False,000
video_0056,76,video_0056_76,Negative,False,False,False,False,000
video_0056,77,video_0056_77,Negative,False,False,False,False,000
video_0056,78,video_0056_78,Neutral,False,False,False,False,000
video_0056,79,video_0056_79,Positive,False,False,False,False,000
video_0056,80,video_0056_80,Negative,False,False,False,False,000
video_0056,81,video_0056_81,Negative,False,False,False,False,000
video_0056,82,video_0056_82,Negative,False,False,False,False,000
video_0056,83,video_0056_83,Negative,False,False,False,False,000
video_0056,84,video_0056_84,Negative,False,False,False,False,000
video_0056,85,video_0056_85,Neutral,False,False,False,False,000
video_0056,86,video_0056_86,Negative,False,False,False,False,000
video_0056,87,video_0056_87,Positive,False,False,False,False,000
video_0056,88,video_0056_88,Positive,False,False,False,False,000
video_0056,89,video_0056_89,Positive,False,False,False,False,000
video_0056,90,video_0056_90,Negative,False,False,False,False,000
video_0056,91,video_0056_91,Positive,False,False,False,False,000
video_0057,1,video_0057_1,Negative,False,False,False,False,000
video_0057,2,video_0057_2,Negative,False,False,False,False,000
video_0057,3,video_0057_3,Negative,False,False,False,False,000
video_0057,4,video_0057_4,Negative,False,False,False,False,000
video_0057,5,video_0057_5,Negative,False,False,False,False,000
video_0057,6,video_0057_6,Neutral,False,False,False,False,000
video_0057,7,video_0057_7,Positive,False,False,False,False,000
video_0057,8,video_0057_8,Negative,False,False,False,False,000
video_0057,9,video_0057_9,Negative,False,False,False,False,000
video_0057,10,video_0057_10,Negative,False,False,False,False,000
video_0057,11,video_0057_11,Negative,False,False,False,False,000
video_0057,12,video_0057_12,Positive,False,False,False,False,000
video_0057,13,video_0057_13,Positive,False,False,False,False,000
video_0057,14,video_0057_14,Positive,False,False,False,False,000
video_0057,15,video_0057_15,Positive,False,False,False,False,000
video_0057,16,video_0057_16,Negative,False,False,False,False,000
video_0057,17,video_0057_17,Negative,False,False,False,False,000
video_0057,18,video_0057_18,Negative,False,False,False,False,000
video_0057,19,video_0057_19,Negative,False,False,False,False,000
video_0057,20,video_0057_20,Negative,False,False,False,False,000
video_0057,21,video_0057_21,Negative,False,False,False,False,000
video_0057,22,video_0057_22,Negative,False,False,False,False,000
video_0057,23,video_0057_23,Positive,False,False,False,False,000
video_0057,24,video_0057_24,Negative,False,False,False,False,000
video_0057,25,video_0057_25,Negative,False,False,False,False,000
video_0058,1,video_0058_1,Positive,False,False,False,False,000
video_0058,2,video_0058_2,Negative,False,False,False,False,000
video_0058,3,video_0058_3,Negative,False,False,False,False,000
video_0058,4,video_0058_4,Negative,False,False,False,False,000
video_0058,5,video_0058_5,Negative,False,False,False,False,000
video_0058,6,video_0058_6,Negative,False,False,False,False,000
video_0058,7,video_0058_7,Negative,False,False,False,False,000
video_0058,8,video_0058_8,Positive,False,False,False,False,000
video_0058,9,video_0058_9,Negative,False,False,False,False,000
video_0058,10,video_0058_10,Positive,False,False,False,False,000
video_0058,11,video_0058_11,Neutral,False,False,False,False,000
video_0058,12,video_0058_12,Positive,False,False,False,False,000
video_0058,13,video_0058_13,Negative,False,False,False,False,000
video_0058,14,video_0058_14,Negative,False,False,False,False,000
video_0058,15,video_0058_15,Negative,False,False,False,False,000
video_0058,16,video_0058_16,Negative,False,False,False,False,000
video_0059,1,video_0059_1,Negative,False,False,False,False,000
video_0059,2,video_0059_2,Negative,False,False,False,False,000
video_0059,3,video_0059_3,Positive,False,False,False,False,000
video_0059,4,video_0059_4,Positive,False,False,False,False,000
video_0059,5,video_0059_5,Negative,False,False,False,False,000
video_0059,6,video_0059_6,Negative,False,False,False,False,000
video_0059,7,video_0059_7,Negative,False,False,False,False,000
video_0059,8,video_0059_8,Negative,False,False,False,False,000
video_0059,9,video_0059_9,Negative,False,False,False,False,000
video_0059,10,video_0059_10,Neutral,False,False,False,False,000
video_0059,11,video_0059_11,Negative,False,False,False,False,000
video_0059,12,video_0059_12,Negative,False,False,False,False,000
video_0059,13,video_0059_13,Negative,False,False,False,False,000
video_0059,14,video_0059_14,Negative,False,False,False,False,000
video_0059,15,video_0059_15,Negative,False,False,False,False,000
video_0060,1,video_0060_1,Positive,False,False,False,False,000
video_0060,2,video_0060_2,Positive,False,False,False,False,000
video_0060,3,video_0060_3,Positive,False,False,False,False,000
video_0060,4,video_0060_4,Negative,False,False,False,False,000
video_0060,5,video_0060_5,Positive,False,False,False,False,000
video_0060,6,video_0060_6,Neutral,False,False,False,False,000
video_0060,7,video_0060_7,Positive,False,False,False,False,000
video_0060,8,video_0060_8,Negative,False,False,False,False,000
video_0060,9,video_0060_9,Positive,False,False,False,False,000
video_0060,10,video_0060_10,Negative,False,False,False,False,000
video_0060,11,video_0060_11,Positive,False,False,False,False,000
video_0060,12,video_0060_12,Negative,False,False,False,False,000
video_0060,13,video_0060_13,Positive,False,False,False,False,000
video_0060,14,video_0060_14,Positive,False,False,False,False,000
video_0060,15,video_0060_15,Neutral,False,False,False,False,000
video_0060,16,video_0060_16,Negative,False,False,False,False,000
video_0060,17,video_0060_17,Negative,False,False,False,False,000
video_0060,18,video_0060_18,Neutral,False,False,False,False,000
video_0060,19,video_0060_19,Negative,False,False,False,False,000
video_0060,20,video_0060_20,Negative,False,False,False,False,000
video_0060,21,video_0060_21,Negative,False,False,False,False,000
video_0060,22,video_0060_22,Negative,False,False,False,False,000
video_0060,23,video_0060_23,Negative,False,False,False,False,000
video_0060,24,video_0060_24,Positive,False,False,False,False,000
video_0060,25,video_0060_25,Negative,False,False,False,False,000
video_0060,26,video_0060_26,Neutral,False,False,False,False,000
video_0060,27,video_0060_27,Negative,False,False,False,False,000
video_0060,28,video_0060_28,Positive,False,False,False,False,000
video_0060,29,video_0060_29,Negative,False,False,False,False,000
video_0060,30,video_0060_30,Positive,False,False,False,False,000
video_0060,31,video_0060_31,Negative,False,False,False,False,000
video_0060,32,video_0060_32,Negative,False,False,False,False,000
video_0060,33,video_0060_33,Negative,False,False,False,False,000
video_0060,34,video_0060_34,Negative,False,False,False,False,000
video_0060,35,video_0060_35,Negative,False,False,False,False,000
video_0060,36,video_0060_36,Neutral,False,False,False,False,000
video_0060,37,video_0060_37,Negative,False,False,False,False,000
video_0060,38,video_0060_38,Positive,False,False,False,False,000
video_0060,39,video_0060_39,Positive,False,False,False,False,000
video_0060,40,video_0060_40,Negative,False,False,False,False,000
video_0060,41,video_0060_41,Neutral,False,False,False,False,000
video_0060,42,video_0060_42,Neutral,False,False,False,False,000
video_0060,43,video_0060_43,Negative,False,False,False,False,000
