video_id,clip_id,text,label_T,label_A,label_V,label_M,sentiment,split,sample_id,has_text,has_video,has_audio,text_char_len,complete_3modal
video_0001,1,我不想嫁给李茶,-1.0,-1.0,-1.0,-1.0,Negative,train,1_1,True,True,True,7,True
video_0001,2,你这是嫁入豪门啊！,1.0,1.0,0.8,1.0,Positive,train,1_2,True,True,True,9,True
video_0001,3,我不想嫁入什么豪门，我们不就是豪门吗？,-1.0,-0.8,-1.0,-1.0,Negative,test,1_3,True,True,True,19,True
video_0001,4,有那么明显吗？,-1.0,-0.6,-1.0,-1.0,Negative,train,1_4,True,True,True,7,True
video_0001,5,我在这消费这么多钱，我低血糖吃块糖还不行了,-1.0,-1.0,-1.0,-1.0,Negative,train,1_5,True,True,True,21,True
video_0001,6,够了，每次都是这一套，我不想再听了。,-1.0,-1.0,-1.0,-1.0,Negative,test,1_6,True,True,True,18,True
video_0001,7,我刚才信号不好，现在可以了，怎么样，妈，公司给我安排的海景别墅楼。,1.0,1.0,1.0,1.0,Positive,train,1_7,True,True,True,33,True
video_0001,8,我刚才是一害怕我就跟王安迪撒了个谎,-1.0,-0.8,-1.0,-1.0,Negative,train,1_8,True,True,True,17,True
video_0001,9,说到演讲啊，我不禁想起了我在我的母校。,0.4,0.4,0.0,0.4,Positive,test,1_9,True,True,True,19,True
video_0001,10,经理经理，别忘了我那五十万和副科长。,1.0,0.4,0.6,1.0,Positive,train,1_10,True,True,True,18,True
video_0001,11,友德读懂了您对我的暗示。,1.0,0.6,0.6,1.0,Positive,train,1_11,True,True,True,12,True
video_0001,12,这个神经病,-1.0,-1.0,-0.6,-1.0,Negative,valid,1_12,True,True,True,5,True
video_0001,13,有人假扮我，我要把事情弄清楚。,0.0,-0.8,-0.2,0.6,Neutral,train,1_13,True,True,True,15,True
video_0001,14,觉得委屈你就走呗。,-0.2,-1.0,-0.2,-0.2,Negative,train,1_14,True,True,True,9,True
video_0001,15,我实话跟你说吧，我们家破产了。,-1.0,-0.6,-0.6,-1.0,Negative,train,1_15,True,True,True,15,True
video_0001,16,我爸想自杀骗保，追求莫妮卡是我爸活下去的唯一希望,-1.0,-0.8,-0.8,-1.0,Negative,train,1_16,True,True,True,24,True
video_0001,17,到干妈的公司来做CEO啊，对对对，年薪一个亿,1.0,1.0,1.0,1.0,Positive,test,1_17,True,True,True,22,True
video_0001,18,哦，对对对，她身份很特别，不想让我张扬出去。,1.0,0.6,0.0,1.0,Positive,train,1_18,True,True,True,22,True
video_0001,19,我说就算你给我一个亿我都不乐意，我就想在大渣集团干到断气,-1.0,0.0,-1.0,-1.0,Negative,train,1_19,True,True,True,28,True
video_0001,20,我的话不好使吗？,-0.8,-1.0,-1.0,-0.4,Negative,train,1_20,True,True,True,8,True
video_0001,21,巧了，人事科正好缺了一个副科长。,0.6,0.8,0.6,0.8,Positive,valid,1_21,True,True,True,16,True
video_0001,22,副科长还一步登天，我今天要不混上个正科长，我都对不起自己这顿折腾。,-1.0,-1.0,-1.0,-1.0,Negative,valid,1_22,True,True,True,33,True
video_0001,23,黄先生我都听说了，我的干儿子沧海被你提升为副科长。,1.0,0.6,0.8,1.0,Positive,valid,1_23,True,True,True,25,True
video_0001,24,这样吧，你自己说说，咱们集团什么职位比较轻松啊！,-0.4,0.4,0.2,-0.2,Negative,train,1_24,True,True,True,24,True
video_0001,25,我们想找你聊聊。,-0.6,0.0,-0.2,-0.4,Negative,train,1_25,True,True,True,8,True
video_0001,26,你觉得他该怎么办啊,-0.6,-0.6,0.0,-0.6,Negative,train,1_26,True,True,True,9,True
video_0001,27,但是您现在可以卖身救集团，干还是不干是吧？,0.0,-0.8,-0.4,0.0,Neutral,test,1_27,True,True,True,21,True
video_0001,28,尊严丢了，整个人就破产了,-0.6,-0.8,-0.6,-0.6,Negative,test,1_28,True,True,True,12,True
video_0001,29,在他们眼里，莫妮卡根本就不是一个人，而是一堆钞票。,-0.8,-0.8,-0.8,-0.8,Negative,train,1_29,True,True,True,25,True
video_0001,30,大渣集团的小职员？,0.2,-0.4,-0.6,1.0,Positive,train,1_30,True,True,True,9,True
video_0001,31,不是都快破产了吗,0.6,-0.8,-0.8,1.0,Positive,test,1_31,True,True,True,8,True
video_0001,32,咱俩都得烧死,-1.0,-1.0,-0.6,-1.0,Negative,valid,1_32,True,True,True,6,True
video_0001,33,我只是希望每个明天你都在。,1.0,0.8,0.4,1.0,Positive,test,1_33,True,True,True,13,True
video_0001,34,明天我在，后天就不一定了。,-0.8,-0.6,-0.4,-1.0,Negative,train,1_34,True,True,True,13,True
video_0001,35,我根本就不想嫁给你。,-1.0,-1.0,-1.0,-1.0,Negative,train,1_35,True,True,True,10,True
video_0002,1,也不知道是贵球队的哪位领导，在茫茫人海中一眼就叨中了我这只老妖精,0.2,0.6,0.6,0.6,Positive,train,2_1,True,True,True,32,True
video_0002,2,这菜还没凉，要不吃点？,0.0,0.4,0.0,0.4,Neutral,train,2_2,True,True,True,11,True
video_0002,3,你说的那些都是我的业余爱好,0.0,0.4,0.6,-0.6,Neutral,test,2_3,True,True,True,13,True
video_0002,4,我认为你没有理由拒绝。,-1.0,-0.2,-0.6,0.4,Negative,test,2_4,True,True,True,11,True
video_0002,5,你们就一个球都别想进,0.0,-0.8,-0.6,-0.8,Neutral,train,2_5,True,True,True,10,True
video_0002,6,咱们球队上上下下都是非常信任你，认为你就是能力不行。,-0.8,-0.6,0.6,-0.2,Negative,valid,2_6,True,True,True,26,True
video_0002,7,好聚好散，有时间回来看一看。,-0.2,-0.2,0.6,-0.2,Negative,valid,2_7,True,True,True,14,True
video_0002,8,必须留下，他要是走了，我也不干了,-1.0,-1.0,-1.0,-1.0,Negative,test,2_8,True,True,True,16,True
video_0002,9,你们不要太嚣张了。,-1.0,-1.0,-1.0,-0.6,Negative,valid,2_9,True,True,True,9,True
video_0002,10,我没事儿，他们应该也不是故意的。,0.6,0.6,0.2,0.2,Positive,valid,2_10,True,True,True,16,True
video_0002,11,别听他颠倒黑白啊，我们就是故意的,-1.0,-0.8,-1.0,-1.0,Negative,train,2_11,True,True,True,16,True
video_0002,12,你要非要感谢，那你把我签了也行。,0.4,0.6,0.4,-0.6,Positive,train,2_12,True,True,True,16,True
video_0002,13,知不知道你爷爷其实有一个弟弟。,0.0,0.0,0.0,-0.4,Neutral,train,2_13,True,True,True,15,True
video_0002,14,哎，先别太激动。,-0.4,-0.4,-0.6,-0.2,Negative,train,2_14,True,True,True,8,True
video_0002,15,王多鱼，我是你二爷。,-0.2,0.0,-0.8,-1.0,Negative,train,2_15,True,True,True,10,True
video_0002,16,当我知道你是我唯一继承人的时候，我他妈差不多就直接哏屁了你这个孙子诶,-1.0,-1.0,-1.0,-1.0,Negative,train,2_16,True,True,True,34,True
video_0002,17,如果放弃选择的话，那这三百亿怎么处置？,0.0,-0.4,0.0,-0.2,Neutral,test,2_17,True,True,True,19,True
video_0002,18,那将会由殷先生和赖先生的基金会打理。,0.0,0.0,0.0,0.0,Neutral,train,2_18,True,True,True,18,True
video_0002,19,你那点财务还需要助理,0.2,-0.8,-0.6,1.0,Positive,train,2_19,True,True,True,10,True
video_0002,20,你放心，你的猪脑我另作他用。,0.2,-0.4,0.6,0.2,Positive,valid,2_20,True,True,True,14,True
video_0002,21,我这是自家小球队，我也没有办法。,-0.8,-0.8,-1.0,-1.0,Negative,train,2_21,True,True,True,16,True
video_0002,22,但是要全包进来，一天起码也有十几万。,-0.2,-0.2,-0.4,-0.6,Negative,train,2_22,True,True,True,18,True
video_0002,23,非常理解您想请朋友们把酒言欢的心情。,-0.6,0.8,-0.2,-1.0,Negative,valid,2_23,True,True,True,18,True
video_0002,24,您实在是太精明了，一时间我竟无言以对。,0.6,0.6,1.0,-0.6,Positive,train,2_24,True,True,True,19,True
video_0002,25,我看你跟王老板关系那么好，他没赏你个啥挣钱的职位？,-0.2,0.2,0.2,-0.6,Negative,test,2_25,True,True,True,25,True
video_0002,26,你说那个，你还是没有一技之长，就是大款身边的狗腿子呗，哈哈哈哈,-0.2,-0.8,0.2,-0.2,Negative,valid,2_26,True,True,True,31,True
video_0002,27,我工作以来从来没有算错过任何一笔账，我不会因为你而破例,0.2,-0.4,-0.2,-0.6,Positive,train,2_27,True,True,True,27,True
video_0002,28,王多鱼是我哥们，你们总说我是他身边的一条狗,-1.0,-1.0,-1.0,-1.0,Negative,valid,2_28,True,True,True,21,True
video_0002,29,不太理想，话题太高端。,-0.6,-0.6,-0.2,0.4,Negative,test,2_29,True,True,True,11,True
video_0002,30,王先生，你忘了我刚跟你说半年的事。,-1.0,0.0,-0.6,-1.0,Negative,train,2_30,True,True,True,17,True
video_0002,31,我之前在法国专门选修过庭院设计，纯属爱好。,0.8,0.4,0.6,0.8,Positive,train,2_31,True,True,True,21,True
video_0002,32,为什么算了，这么好的院子哪能就这么算了。,-1.0,-0.8,-1.0,-1.0,Negative,test,2_32,True,True,True,20,True
video_0002,33,那你好好做你的园丁，别再来找我了。,-1.0,-1.0,-0.6,-1.0,Negative,test,2_33,True,True,True,17,True
video_0002,34,明天早上我来上班，工具我那儿都齐。,1.0,0.4,0.8,1.0,Positive,valid,2_34,True,True,True,17,True
video_0002,35,我给你两分钟，你给我好好介绍一下，你怎么得的精神病,-0.8,-0.6,0.2,-0.2,Negative,train,2_35,True,True,True,25,True
video_0002,36,王总您放心，我已经在最高点套现了，这次收益起码一个亿。,1.0,0.8,1.0,0.6,Positive,train,2_36,True,True,True,27,True
video_0002,37,他可是资本市场良心啊,0.8,1.0,0.8,0.8,Positive,test,2_37,True,True,True,10,True
video_0002,38,他变了，他竟然开始嫉妒我的才华。,-1.0,-1.0,-1.0,-1.0,Negative,train,2_38,True,True,True,16,True
video_0003,1,当然，也不能说是百分之百,-0.4,0.0,0.0,0.8,Negative,test,3_1,True,True,True,12,True
video_0003,2,你看都这个样了，那什么时候才能见好啊！,-1.0,-1.0,-1.0,-1.0,Negative,train,3_2,True,True,True,19,True
video_0003,3,有你这样教育孩子的吗？,-1.0,-1.0,-1.0,-0.8,Negative,train,3_3,True,True,True,11,True
video_0003,4,我真不想看电影了。,-1.0,-0.6,-0.8,-1.0,Negative,train,3_4,True,True,True,9,True
video_0003,5,我什么都可以不要，我不去欧洲了，我不要LV了，我也不换车了。,-1.0,-0.6,-1.0,-1.0,Negative,valid,3_5,True,True,True,30,True
video_0003,6,这事结婚前咱俩不是说好了？,-1.0,-0.8,-0.8,-0.8,Negative,test,3_6,True,True,True,13,True
video_0004,1,不耽误不耽误，这是应该的，您捐钱给我们建新校舍。,0.6,0.8,0.8,1.0,Positive,train,4_1,True,True,True,24,True
video_0004,2,这车窗是你砸的吧？,-0.8,-0.8,-1.0,-1.0,Negative,train,4_2,True,True,True,9,True
video_0004,3,那就抱歉了，我也不知道你女儿在哪,-0.4,-0.8,-1.0,0.6,Negative,test,4_3,True,True,True,16,True
video_0005,1,这不有病吗这,-1.0,-1.0,-1.0,-1.0,Negative,train,5_1,True,True,True,6,True
video_0005,2,不是，我是真觉得咱们应该讨论讨论,0.0,-0.2,0.0,0.6,Neutral,test,5_2,True,True,True,16,True
video_0005,3,您怎么会觉得他没错,-1.0,-1.0,-1.0,0.0,Negative,valid,5_3,True,True,True,9,True
video_0005,4,我们是倍儿严肃认真的认为他有罪,-0.2,-0.8,-0.2,-0.8,Negative,train,5_4,True,True,True,15,True
video_0005,5,如果没有不同意的，我们现在就开始啊,0.0,0.6,0.0,0.0,Neutral,valid,5_5,True,True,True,17,True
video_0005,6,这一般人家的孩子是真干不出来。,-1.0,-0.6,-1.0,-1.0,Negative,train,5_6,True,True,True,15,True
video_0005,7,心情不好能作为自己不在场的证明吗,-1.0,-0.4,-1.0,0.6,Negative,train,5_7,True,True,True,16,True
video_0005,8,这就是我赞赏你态度的原因。,0.6,0.8,0.6,0.4,Positive,valid,5_8,True,True,True,13,True
video_0005,9,这典型一好孩子这是。,0.6,1.0,0.2,-0.4,Positive,train,5_9,True,True,True,10,True
video_0005,10,有你什么事啊？,-1.0,-0.8,-1.0,-1.0,Negative,test,5_10,True,True,True,7,True
video_0005,11,活了74岁了。,-1.0,0.0,-1.0,-1.0,Negative,valid,5_11,True,True,True,7,True
video_0005,12,他一穿着破衣服的老头。,-1.0,-0.8,-1.0,-1.0,Negative,test,5_12,True,True,True,11,True
video_0005,13,人跟你不一样，人家有的是钱,-1.0,-0.2,-0.6,-1.0,Negative,valid,5_13,True,True,True,13,True
video_0005,14,哎，这个大哥肯定是一清二楚,1.0,0.6,0.6,1.0,Positive,valid,5_14,True,True,True,13,True
video_0005,15,所有的证据证人全是对的,-0.2,0.6,-0.6,-1.0,Negative,train,5_15,True,True,True,11,True
video_0005,16,用脑子想想就应该发现这里边有问题。,-0.8,-0.6,-0.2,-0.2,Negative,valid,5_16,True,True,True,17,True
video_0005,17,我不关心怎么了,-1.0,-1.0,-1.0,-0.8,Negative,train,5_17,True,True,True,7,True
video_0006,1,嗨，大家就叫我小王吧,1.0,0.2,1.0,1.0,Positive,valid,6_1,True,True,True,10,True
video_0006,2,就在这咸鱼翻身的日子里边,1.0,0.6,1.0,1.0,Positive,valid,6_2,True,True,True,12,True
video_0006,3,在这没人惯着你们。,-1.0,-1.0,-1.0,-1.0,Negative,valid,6_3,True,True,True,9,True
video_0006,4,"现在是关键时刻，大家要团结嘛,啊！",0.0,1.0,-0.2,-1.0,Neutral,test,6_4,True,True,True,17,True
video_0006,5,能力强，责任就大,1.0,0.6,0.4,1.0,Positive,valid,6_5,True,True,True,8,True
video_0006,6,一个人走，我实在是不放心,-1.0,-1.0,-0.4,0.0,Negative,train,6_6,True,True,True,12,True
video_0006,7,你不尝试怎么知道是真的？,-0.2,-0.6,-1.0,-1.0,Negative,train,6_7,True,True,True,12,True
video_0006,8,我在你这儿不就一直就是个笑话吗,-1.0,-1.0,-0.2,-1.0,Negative,valid,6_8,True,True,True,15,True
video_0006,9,以后有哥的肉吃，绝对有你的汤喝,1.0,1.0,1.0,-1.0,Positive,train,6_9,True,True,True,15,True
video_0006,10,你哪来那么多鱼呀,1.0,0.4,1.0,1.0,Positive,train,6_10,True,True,True,8,True
video_0006,11,我们发现了一个好地方，那叫要什么有什么。,1.0,0.8,0.6,1.0,Positive,train,6_11,True,True,True,20,True
video_0006,12,现在想过来了啊，是不太晚了。,-0.6,-0.8,-1.0,-1.0,Negative,train,6_12,True,True,True,14,True
video_0006,13,大家觉得我这地方怎么样啊？有点意思吗？,0.2,0.6,0.8,0.0,Positive,test,6_13,True,True,True,19,True
video_0006,14,这又向前跨了一大步。,1.0,1.0,1.0,0.6,Positive,train,6_14,True,True,True,10,True
video_0006,15,这什么乱七八糟，你弄一个扑克牌在这糊弄鬼呢你？,-1.0,-1.0,-1.0,-1.0,Negative,test,6_15,True,True,True,23,True
video_0006,16,你给三十我们都不会,-1.0,-0.4,-1.0,-1.0,Negative,test,6_16,True,True,True,9,True
video_0006,17,燕雀安知鸿鹄之志哉,1.0,0.8,0.2,1.0,Positive,valid,6_17,True,True,True,9,True
video_0006,18,你，你这不是放高利贷吗,-1.0,-1.0,-1.0,-1.0,Negative,train,6_18,True,True,True,11,True
video_0006,19,就不讲理了呗,-1.0,-1.0,-0.6,-1.0,Negative,valid,6_19,True,True,True,6,True
video_0006,20,哎，讲什么理吧，规矩是我定的。,-0.6,-0.2,-1.0,-1.0,Negative,train,6_20,True,True,True,15,True
video_0006,21,我不一直是你的二货小跟班嘛？,-1.0,-1.0,-1.0,-0.6,Negative,train,6_21,True,True,True,14,True
video_0006,22,你为什么这么对我,-1.0,-1.0,-1.0,-1.0,Negative,train,6_22,True,True,True,8,True
video_0007,1,这么重要的时候，我怎么能不来啊？,1.0,0.4,0.4,1.0,Positive,train,7_1,True,True,True,16,True
video_0007,2,还记得今天是什么日子吗？,-0.8,0.0,-0.2,-1.0,Negative,train,7_2,True,True,True,12,True
video_0007,3,你有病吧你。,-1.0,-1.0,-1.0,-0.2,Negative,valid,7_3,True,True,True,6,True
video_0007,4,别在这占着茅坑不拉屎,-1.0,-1.0,-1.0,-1.0,Negative,test,7_4,True,True,True,10,True
video_0007,5,今天是姐人生中最倒霉的一天。,-1.0,-1.0,-1.0,-1.0,Negative,train,7_5,True,True,True,14,True
video_0007,6,要是你能多来看我几次，可能会好一点。,1.0,0.6,0.8,1.0,Positive,train,7_6,True,True,True,18,True
video_0007,7,根本不是你们想的那样。,-1.0,-0.8,-0.6,-1.0,Negative,train,7_7,True,True,True,11,True
video_0007,8,都能让你开心的不得了。,1.0,0.8,0.6,1.0,Positive,train,7_8,True,True,True,11,True
video_0007,9,你吃面能不能小点声啊,-1.0,-0.8,-1.0,-1.0,Negative,train,7_9,True,True,True,10,True
video_0007,10,我是你女儿的朋友，她生病了。,-1.0,-0.8,-0.2,-1.0,Negative,valid,7_10,True,True,True,14,True
video_0007,11,穿衣服的时候别为了臭美老是穿那么少。,-1.0,-0.8,-0.8,-1.0,Negative,test,7_11,True,True,True,18,True
video_0007,12,就算拼，也不拼给你这种既无耻又混蛋的老板。,-1.0,-1.0,-1.0,-0.6,Negative,train,7_12,True,True,True,21,True
video_0008,1,你的小金鱼有那么重要吗,-0.6,-0.2,-0.6,0.2,Negative,train,8_1,True,True,True,11,True
video_0008,2,100多里，你赶个屁。,-1.0,-1.0,-1.0,-0.2,Negative,train,8_2,True,True,True,11,True
video_0008,3,大夫说了，要不做手术，她一年都活不过,-1.0,-0.8,-1.0,-1.0,Negative,train,8_3,True,True,True,18,True
video_0008,4,今天我想当面跟你说。,0.6,-0.4,0.0,0.8,Positive,train,8_4,True,True,True,10,True
video_0008,5,我想看看你今天晚上有没有安排？,0.0,0.0,0.0,0.8,Neutral,train,8_5,True,True,True,15,True
video_0008,6,要不这样吧，让给我们家做年夜饭的酒店给你们送。,1.0,0.0,0.4,1.0,Positive,valid,8_6,True,True,True,23,True
video_0008,7,回家看电视去了。,0.2,0.0,0.2,0.4,Positive,train,8_7,True,True,True,8,True
video_0008,8,照顾我生意啊,1.0,0.0,-0.2,1.0,Positive,train,8_8,True,True,True,6,True
video_0008,9,生意生意，你就知道生意。,-1.0,-1.0,-1.0,-0.6,Negative,train,8_9,True,True,True,12,True
video_0008,10,我也不会跟你说下不为例。,-0.8,-0.6,-0.4,-0.4,Negative,train,8_10,True,True,True,12,True
video_0008,11,花多少钱我都可以的啦。,-0.2,0.6,0.4,0.2,Negative,test,8_11,True,True,True,11,True
video_0008,12,该问的也都问了，我们家已经通知监狱了。,-0.8,-0.4,-0.4,-1.0,Negative,train,8_12,True,True,True,19,True
video_0009,1,姐姐这靴子真是好看。,1.0,0.6,0.8,1.0,Positive,train,9_1,True,True,True,10,True
video_0009,2,妹妹不敢有任何非分之想。,-0.4,0.2,0.2,0.0,Negative,train,9_2,True,True,True,12,True
video_0009,3,以后好好相处便是。,1.0,0.6,0.2,1.0,Positive,test,9_3,True,True,True,9,True
video_0009,4,我怀疑有眼线，不安全。,-0.8,-1.0,-0.2,0.0,Negative,train,9_4,True,True,True,11,True
video_0009,5,已经安排他进了高家的赌场。,-0.2,0.0,-0.2,0.0,Negative,train,9_5,True,True,True,13,True
video_0009,6,我今天赢回了这么多金瓜子，你怎么不高兴啊？,1.0,-0.8,0.6,1.0,Positive,train,9_6,True,True,True,21,True
video_0009,7,恐怕赵良娣未必与太子妃同心。,-1.0,-1.0,-0.2,-1.0,Negative,valid,9_7,True,True,True,14,True
video_0009,8,你也觉得奇怪啊，我刚才也觉得奇怪。,-0.4,-0.6,0.0,-0.6,Negative,valid,9_8,True,True,True,17,True
video_0009,9,赵良娣之前因为旭娘的事情与太子殿下狠狠地闹了一场。,-0.6,-0.8,-0.2,-1.0,Negative,train,9_9,True,True,True,25,True
video_0009,10,是赵良娣去了承恩殿，待了有小半日。,0.0,0.0,0.0,-0.2,Neutral,train,9_10,True,True,True,17,True
video_0009,11,别跟永娘说，我问了话，下去吧。,0.0,-0.4,0.0,0.0,Neutral,test,9_11,True,True,True,15,True
video_0009,12,但是他手脚不利索，偷听了两次就被我的人发现了。,-0.6,-0.6,-0.2,-0.4,Negative,train,9_12,True,True,True,23,True
video_0009,13,不论发现什么，我们都要装作不知道。,0.0,-0.4,0.0,0.0,Neutral,train,9_13,True,True,True,17,True
video_0009,14,我意已决，你不用再劝我。,-0.6,-0.2,-0.4,-0.6,Negative,valid,9_14,True,True,True,12,True
video_0009,15,只有活着才有机会去弥补一切。,0.2,0.6,-0.2,-1.0,Positive,valid,9_15,True,True,True,14,True
video_0009,16,我不是担心你嘛，就过来看看。,0.0,0.4,0.4,-0.2,Neutral,train,9_16,True,True,True,14,True
video_0009,17,他是一个神仙一般的人。,1.0,1.0,0.6,1.0,Positive,train,9_17,True,True,True,11,True
video_0009,18,我要看看这个神仙一样的人，是不是真的配得上我的明月姐姐,1.0,0.6,1.0,1.0,Positive,train,9_18,True,True,True,27,True
video_0009,19,来什么来，老子偏不信这个邪,-1.0,-1.0,-1.0,-1.0,Negative,test,9_19,True,True,True,13,True
video_0009,20,今日天气好，瑟瑟就想到姐姐这里来坐。,1.0,0.6,1.0,1.0,Positive,valid,9_20,True,True,True,18,True
video_0009,21,没有，我就穿上这身衣服试试。,0.4,0.0,0.6,1.0,Positive,test,9_21,True,True,True,14,True
video_0009,22,是我自小随身携带的香，啊，太子殿下，也喜欢这个味道呢。,0.8,0.8,0.6,1.0,Positive,valid,9_22,True,True,True,27,True
video_0009,23,你好端端的来这干嘛？他有没有为难你啊,-1.0,-0.8,-0.8,-0.2,Negative,train,9_23,True,True,True,18,True
video_0009,24,你这话什么意思啊，我为什么要为难她,-1.0,-1.0,-1.0,-1.0,Negative,train,9_24,True,True,True,17,True
video_0009,25,所以我就成了横在他和赵良娣之间最讨厌的人,-0.8,-1.0,-1.0,-0.2,Negative,train,9_25,True,True,True,20,True
video_0009,26,可是我越想西洲，就越讨厌冷冷清清的东宫,-1.0,-1.0,-1.0,-1.0,Negative,train,9_26,True,True,True,19,True
video_0009,27,该用张参来离间高相和皇后,0.0,-0.6,0.0,0.0,Neutral,valid,9_27,True,True,True,12,True
video_0009,28,你们等着，给我等着,-1.0,-1.0,-1.0,-1.0,Negative,test,9_28,True,True,True,9,True
video_0009,29,哪个王八蛋，敢动老子地盘？,-1.0,-1.0,-1.0,-1.0,Negative,train,9_29,True,True,True,13,True
video_0009,30,那妾身现在就召人准备茶,0.2,0.0,0.4,1.0,Positive,valid,9_30,True,True,True,11,True
video_0009,31,你怎么能在陛下面前如此失礼？,-1.0,-1.0,-1.0,-1.0,Negative,test,9_31,True,True,True,14,True
video_0009,32,衙门却草草掩尸结案，衙门不肯秉公办理啊,-1.0,-0.8,-1.0,-1.0,Negative,train,9_32,True,True,True,19,True
video_0009,33,儿臣理应为朝政、为父皇分忧。,0.8,0.0,0.0,1.0,Positive,train,9_33,True,True,True,14,True
video_0009,34,我也是没有办法才把他带到这里来的。,-1.0,-0.8,-1.0,-1.0,Negative,train,9_34,True,True,True,17,True
video_0009,35,到底是谁给朕唱的这一出好戏？,-1.0,-0.6,-0.8,-0.6,Negative,train,9_35,True,True,True,14,True
video_0009,36,确实很可疑，那此事更要继续查。,-0.4,-0.8,-0.4,-0.8,Negative,train,9_36,True,True,True,15,True
video_0009,37,我到现在都没找到一个合适的人选。,-0.8,-0.2,-0.2,-0.6,Negative,test,9_37,True,True,True,16,True
video_0009,38,赵士玄是你娘家人，让他协理也是理所应当的,0.8,0.4,0.0,1.0,Positive,valid,9_38,True,True,True,20,True
video_0009,39,高震如此行事，必有猫腻,-1.0,-0.8,-0.8,-1.0,Negative,train,9_39,True,True,True,11,True
video_0009,40,高震这个混账王八蛋就一定大事化小，小事化了了。,-1.0,-1.0,-1.0,-1.0,Negative,train,9_40,True,True,True,23,True
video_0009,41,你让我唱就唱啊。,-0.2,-0.8,-1.0,-0.4,Negative,train,9_41,True,True,True,8,True
video_0009,42,我只会唱这一首。,-0.2,0.0,-0.8,-0.2,Negative,train,9_42,True,True,True,8,True
video_0010,1,我爸你还不知道，他就那样，对不对,-0.8,-0.6,0.2,-1.0,Negative,test,10_1,True,True,True,16,True
video_0010,2,他比较自私，你知道吧，我妈，我妈不是以为你走了吗？,-0.8,-0.8,0.2,-1.0,Negative,valid,10_2,True,True,True,25,True
video_0010,3,我是说磊儿县城来的，对北京不了解啊，我怕他在学校闹什么笑话你们同学到时候笑他,-0.2,-0.8,-0.6,-0.8,Negative,train,10_3,True,True,True,38,True
video_0010,4,才好了一天又不回家了，也不跟他们说一声，让咱们在家里干着急，你看。,-1.0,-1.0,-1.0,-1.0,Negative,train,10_4,True,True,True,33,True
video_0010,5,方一凡俩人还聊的欢声笑语的，行，哥儿俩处的不错，挺好。,1.0,1.0,0.8,0.6,Positive,valid,10_5,True,True,True,27,True
video_0010,6,我怕磊儿自卑，又到了一个陌生的环境，还要看别人脸色。,-0.4,-0.8,-0.6,-0.8,Negative,train,10_6,True,True,True,26,True
video_0010,7,这个混小子，让他别回来了，就住他舅舅的车场里，这个家呀容不下他。,-1.0,-1.0,-1.0,-1.0,Negative,test,10_7,True,True,True,32,True
video_0010,8,我一定不辜负你的期望，好好学习，好好努力，要考一个好的大学。,0.6,1.0,0.0,0.4,Positive,train,10_8,True,True,True,30,True
video_0010,9,"妈妈，其实我，我,我想你了。",0.2,0.4,-1.0,0.6,Positive,train,10_9,True,True,True,14,True
video_0010,10,这不是早上起来头脑清楚嘛，我就跑了个步，再做个听力。,0.0,0.6,0.4,0.2,Neutral,train,10_10,True,True,True,26,True
video_0010,11,年轻的时候，我就是想先把业立起来，踏踏实实地为老百姓做点事。,0.0,0.6,0.0,-1.0,Neutral,train,10_11,True,True,True,30,True
video_0010,12,哎，我跟你说那就是陈奇怪太弱了。,-0.8,-0.6,0.2,-0.6,Negative,train,10_12,True,True,True,16,True
video_0010,13,林磊儿，我表弟，学霸一枚,1.0,1.0,1.0,0.0,Positive,train,10_13,True,True,True,12,True
video_0010,14,我希望你们都提起精神来给我好好考。,0.4,0.6,-0.4,-0.8,Positive,train,10_14,True,True,True,17,True
video_0010,15,50分一下就没了，你好歹写俩字啊,-1.0,-1.0,-1.0,-1.0,Negative,valid,10_15,True,True,True,16,True
video_0010,16,我们想接触接触洋洋的兴趣爱好，以后也好跟他沟通。,0.4,0.4,0.0,-0.4,Positive,train,10_16,True,True,True,24,True
video_0010,17,我觉得这个想法不错，提议也不赖。,0.8,1.0,1.0,0.8,Positive,train,10_17,True,True,True,16,True
video_0010,18,我哪点搞不定了？她胡说什么呢？,-1.0,-1.0,-1.0,-1.0,Negative,valid,10_18,True,True,True,15,True
video_0010,19,没本事的人才这么干呢。,-1.0,-0.8,-1.0,-1.0,Negative,train,10_19,True,True,True,11,True
video_0010,20,无不无聊啊，你先保护好你自己吧。,-1.0,-1.0,-0.6,-1.0,Negative,train,10_20,True,True,True,16,True
video_0010,21,你们这里有一大半的人都考不上一本。,-1.0,-0.6,-1.0,-1.0,Negative,train,10_21,True,True,True,17,True
video_0010,22,同学们在这，有同学们陪我，我肯定不走。,0.8,0.4,0.4,1.0,Positive,train,10_22,True,True,True,19,True
video_0010,23,我吧，以前也是这个春风中学的老师。,0.0,0.0,0.2,0.4,Neutral,test,10_23,True,True,True,17,True
video_0010,24,真的，你看你这个流氓样子。,0.6,-1.0,0.2,1.0,Positive,train,10_24,True,True,True,13,True
video_0010,25,能有毒吗，我能害我自己闺女吗,-1.0,-0.8,-1.0,-1.0,Negative,train,10_25,True,True,True,14,True
video_0010,26,脸都不要了，还要什么面子,-1.0,-1.0,-1.0,1.0,Negative,train,10_26,True,True,True,12,True
video_0010,27,你俩是没决裂哈，还挺亲密，像两口子似的,0.8,0.8,0.8,0.6,Positive,test,10_27,True,True,True,19,True
video_0010,28,周末有时间再来细说，成不成，我们明天还要考英语和理综呢,-1.0,-0.6,-0.4,-1.0,Negative,train,10_28,True,True,True,27,True
video_0010,29,亲爱的，怎么跟外星人似的,0.6,0.0,0.8,1.0,Positive,train,10_29,True,True,True,12,True
video_0010,30,你也是闲的，还老跟人提问题，你说这女的不神经病吗？,-1.0,-1.0,-1.0,-0.6,Negative,test,10_30,True,True,True,25,True
video_0010,31,你以后别再给他买这些了，他都高三了，多耽误学习。,-1.0,-0.8,-1.0,-1.0,Negative,valid,10_31,True,True,True,24,True
video_0010,32,而且姐夫今天特意给我打一电话呢，说想了解一下杨杨的兴趣爱好。,0.4,0.4,0.0,0.2,Positive,test,10_32,True,True,True,30,True
video_0010,33,晚上要加一个晚自习，答答疑，明天还有一天呢。,0.0,0.0,0.0,-0.2,Neutral,train,10_33,True,True,True,22,True
video_0010,34,感情您这是带着筹码跟我谈判呢。,-1.0,-1.0,-0.8,-0.2,Negative,train,10_34,True,True,True,15,True
video_0010,35,季胜利的儿子绝不允许进慢班。,-1.0,-0.6,-0.6,-0.4,Negative,train,10_35,True,True,True,14,True
video_0010,36,你看他发挥多稳定啊，说明他心理素质特别好。,1.0,0.8,1.0,0.6,Positive,test,10_36,True,True,True,21,True
video_0010,37,你们家磊儿真是学霸呀。,1.0,1.0,1.0,0.6,Positive,test,10_37,True,True,True,11,True
video_0010,38,你妈说来磊儿来了影响方一凡学习。,-0.8,-0.6,-1.0,-0.2,Negative,test,10_38,True,True,True,16,True
video_0011,1,不全是因为她身孕的缘故，她是难得的稳重。,0.6,1.0,0.4,0.2,Positive,train,11_1,True,True,True,20,True
video_0011,2,是吗？那可太好了。,1.0,1.0,1.0,1.0,Positive,train,11_2,True,True,True,9,True
video_0011,3,是正事，华妃失势难免不会东山再起。,0.2,-0.6,-0.2,0.6,Positive,train,11_3,True,True,True,17,True
video_0011,4,皇上怕是也没心情见二位小主了。,-0.8,-0.6,-0.6,-0.6,Negative,test,11_4,True,True,True,15,True
video_0011,5,儿臣与莞娘娘有缘。,1.0,0.8,0.6,1.0,Positive,train,11_5,True,True,True,9,True
video_0011,6,从前小看了那个病歪歪的甄嬛，以后走着瞧吧,-1.0,-1.0,-1.0,-1.0,Negative,train,11_6,True,True,True,20,True
video_0011,7,与其心生敬佩，不如自己便是那样的人。,0.8,0.6,0.2,1.0,Positive,valid,11_7,True,True,True,18,True
video_0011,8,会疼人的才是男子汉呢,0.8,0.6,0.4,1.0,Positive,train,11_8,True,True,True,10,True
video_0011,9,我倒盼着是个公主，和温宜一样的可爱呢,1.0,1.0,1.0,1.0,Positive,train,11_9,True,True,True,18,True
video_0011,10,怎能送她这么贵重的东西。,-0.6,-0.6,-0.8,-0.2,Negative,test,11_10,True,True,True,12,True
video_0011,11,今日之事一个人都不许说起，否则，我死无葬身之地,-0.8,-1.0,-0.8,-1.0,Negative,test,11_11,True,True,True,23,True
video_0011,12,娘娘盛情，嫔妾自当从命,1.0,0.6,0.4,1.0,Positive,test,11_12,True,True,True,11,True
video_0011,13,那日竟然难产而死，只留下四阿哥,-1.0,-0.8,-0.4,-1.0,Negative,train,11_13,True,True,True,15,True
video_0011,14,你随便一舞即可,0.0,0.0,0.0,0.0,Neutral,train,11_14,True,True,True,7,True
video_0011,15,不能得见故皇后之舞姿是臣妾之憾。,-1.0,-1.0,-1.0,-1.0,Negative,valid,11_15,True,True,True,16,True
video_0011,16,梅妃含情所著的楼东赋没有能使她再度得幸于唐玄宗，倒是华妃娘娘感动了皇上。,0.8,0.2,0.0,1.0,Positive,valid,11_16,True,True,True,36,True
video_0011,17,我是怕这日子又要难过了。,-1.0,-1.0,-1.0,-1.0,Negative,test,11_17,True,True,True,12,True
video_0011,18,叫我怎么甘心呢,-1.0,-1.0,-1.0,-1.0,Negative,valid,11_18,True,True,True,7,True
video_0011,19,端亲王有倨傲的本钱。,0.4,0.4,0.0,0.0,Positive,train,11_19,True,True,True,10,True
video_0011,20,身为皇后，永远都不能有说厌烦的时候。,-0.4,0.2,-0.2,-0.8,Negative,test,11_20,True,True,True,18,True
video_0011,21,娘娘正当盛时，肯定还能再添一位阿哥,1.0,1.0,0.6,1.0,Positive,test,11_21,True,True,True,17,True
video_0011,22,弘晖死的时候，外面也是这样的雨天,-1.0,-0.8,-1.0,-1.0,Negative,train,11_22,True,True,True,16,True
video_0011,23,孩子长得快，一会就长大了。,1.0,0.8,1.0,1.0,Positive,valid,11_23,True,True,True,13,True
video_0011,24,我父亲下狱了,-1.0,-0.8,-1.0,-1.0,Negative,train,11_24,True,True,True,6,True
video_0011,25,好端端的，怎么会出这样的事呢？,-1.0,-0.8,-1.0,-1.0,Negative,test,11_25,True,True,True,15,True
video_0011,26,怎么，贵人您是为了安答应的父亲求情来了。,-0.2,0.0,-0.2,-1.0,Negative,test,11_26,True,True,True,20,True
video_0011,27,您没看见皇上方才为这事发多大的脾气呢,-0.8,-0.8,-0.8,-1.0,Negative,test,11_27,True,True,True,18,True
video_0011,28,一去不知何时才能回来，要不先到偏殿等候吧。,0.2,-0.4,0.0,1.0,Positive,valid,11_28,True,True,True,21,True
video_0011,29,娘娘如此关怀，臣妾感同身受。,1.0,0.6,0.2,0.4,Positive,train,11_29,True,True,True,14,True
video_0011,30,想必是与皇后反其道而行之，想让皇上从严处置安比槐吧,0.0,-0.4,0.0,0.0,Neutral,valid,11_30,True,True,True,25,True
video_0011,31,再亲自去向娘娘道谢吧,1.0,0.4,0.4,0.6,Positive,valid,11_31,True,True,True,10,True
video_0011,32,小主，浣碧不是有意的。,-1.0,-0.8,-1.0,-1.0,Negative,train,11_32,True,True,True,11,True
video_0011,33,天气炎热，公主吃不下，难免瘦了些。,0.0,-0.6,0.4,0.8,Neutral,train,11_33,True,True,True,17,True
video_0011,34,这法子真是巧，皇上真真是有心了。,1.0,1.0,1.0,1.0,Positive,train,11_34,True,True,True,16,True
video_0011,35,不小心说与了旁人听，而说者无心，听者有意。,-0.2,-0.4,-0.4,-1.0,Negative,train,11_35,True,True,True,21,True
video_0012,1,馆陶真棒,1.0,1.0,1.0,1.0,Positive,train,12_1,True,True,True,4,True
video_0012,2,娘娘，你要的药熬好了,0.0,0.0,-0.2,-0.2,Neutral,train,12_2,True,True,True,10,True
video_0012,3,带弟弟去午睡，母后要做事了,0.6,0.0,0.4,1.0,Positive,train,12_3,True,True,True,13,True
video_0012,4,本宫也算死得其所，求仁得仁,-0.6,-0.2,-0.8,-1.0,Negative,train,12_4,True,True,True,13,True
video_0012,5,娘娘，不要,-1.0,-0.8,-1.0,-1.0,Negative,train,12_5,True,True,True,5,True
video_0012,6,为什么没有人禀报,-1.0,-0.2,-1.0,-1.0,Negative,train,12_6,True,True,True,8,True
video_0012,7,赶巧了，这大事就发生了,-1.0,-0.4,-0.2,-1.0,Negative,valid,12_7,True,True,True,11,True
video_0012,8,你敢说跟你没关系。,-1.0,-1.0,-1.0,-1.0,Negative,train,12_8,True,True,True,9,True
video_0012,9,此时此刻最重要的是世子的安危啊！,-0.6,-0.6,-0.6,-0.8,Negative,valid,12_9,True,True,True,16,True
video_0012,10,子冉，孤王对不起你,-1.0,-1.0,-1.0,-1.0,Negative,train,12_10,True,True,True,9,True
video_0012,11,是你杀死了我的尊儿，你心里高兴，所以你哭不出来是不是,-1.0,-0.8,-1.0,-1.0,Negative,test,12_11,True,True,True,26,True
video_0012,12,宫中一连发生两件丧事，臣妾哀伤至极,-1.0,-1.0,-0.8,-1.0,Negative,test,12_12,True,True,True,17,True
video_0012,13,吕雉啊吕雉，你也不过如此，哈哈哈哈哈哈,0.6,1.0,0.2,0.6,Positive,train,12_13,True,True,True,19,True
video_0012,14,王后娘娘一人之下，还缺什么呢,-0.2,0.4,-0.8,-0.2,Negative,valid,12_14,True,True,True,14,True
video_0012,15,哀家如果饿死了不正好遂了你的意吗？,-1.0,-0.8,-1.0,-1.0,Negative,train,12_15,True,True,True,17,True
video_0012,16,你别难过，馆陶会一直陪着你的,1.0,0.8,0.8,0.0,Positive,test,12_16,True,True,True,14,True
video_0012,17,今天在紫苏那里，本王差点就保不住你了。,-1.0,-0.8,-1.0,-1.0,Negative,valid,12_17,True,True,True,19,True
video_0012,18,她不见我，还不让我进去。,-1.0,-0.8,-1.0,-1.0,Negative,test,12_18,True,True,True,12,True
video_0012,19,到时候代王的伤痛也许就过去了。,0.4,-0.2,0.2,-0.8,Positive,train,12_19,True,True,True,15,True
video_0012,20,吕路他们弄的那个小皇帝进宫了吗,0.0,0.0,0.0,0.0,Neutral,train,12_20,True,True,True,15,True
video_0012,21,盯着就不出岔子了，一群蠢货。,-1.0,-1.0,-0.8,0.2,Negative,train,12_21,True,True,True,14,True
video_0012,22,这不可能,-1.0,-0.4,-1.0,-1.0,Negative,train,12_22,True,True,True,4,True
video_0012,23,想造哀家的反，你还差了点。,-1.0,-1.0,-1.0,-1.0,Negative,test,12_23,True,True,True,13,True
video_0012,24,恭喜侯爷，凯旋归来。,1.0,1.0,0.2,0.4,Positive,test,12_24,True,True,True,10,True
video_0012,25,你没有想到，本侯爷也有今天吧,-0.6,0.0,0.2,-0.8,Negative,train,12_25,True,True,True,14,True
video_0012,26,你说我怎么就生了你这样一个笨女儿呢我。,-1.0,-1.0,-1.0,-1.0,Negative,test,12_26,True,True,True,19,True
video_0012,27,我要做爹了。,1.0,0.8,1.0,1.0,Positive,test,12_27,True,True,True,6,True
video_0012,28,我们现在有孩子了，不能再像以前那样得过且过。,-0.2,0.4,-0.4,0.2,Negative,train,12_28,True,True,True,22,True
video_0012,29,太皇太后没有杀我们，说明她老了心软了。,0.4,0.6,0.2,-0.4,Positive,valid,12_29,True,True,True,19,True
video_0012,30,我求你，我求你给我们吕家的子孙留一条活路,-1.0,-1.0,-1.0,-1.0,Negative,train,12_30,True,True,True,20,True
video_0012,31,转眼间，我已经变成太后娘娘了,0.4,0.0,0.0,0.8,Positive,train,12_31,True,True,True,14,True
video_0012,32,我真希望可以停在看你跳舞的那天晚上。,0.2,0.4,0.0,0.2,Positive,train,12_32,True,True,True,18,True
video_0012,33,也不知道这一走我们什么时候还能再见面,-0.2,-1.0,-0.2,0.8,Negative,train,12_33,True,True,True,18,True
video_0012,34,总是希望武儿能够胜过他哥哥,0.2,0.4,-0.4,0.8,Positive,train,12_34,True,True,True,13,True
video_0012,35,周亚夫虽然是个人才，但是多年没有带兵了。,-0.2,-0.6,-0.2,-0.2,Negative,train,12_35,True,True,True,20,True
video_0012,36,皇上看奏折的时候不喜欢别人打扰，你以后最好少出现为妙。,-0.8,-0.8,-0.6,-0.4,Negative,train,12_36,True,True,True,27,True
video_0012,37,朕看奏折的时候不许打扰。,-1.0,-0.8,-1.0,-1.0,Negative,valid,12_37,True,True,True,12,True
video_0012,38,你可别告诉我你不喜欢美女。,0.0,-0.4,0.0,1.0,Neutral,train,12_38,True,True,True,13,True
video_0012,39,太好了，你这么想就对了。,1.0,1.0,1.0,1.0,Positive,valid,12_39,True,True,True,12,True
video_0012,40,傻孩子，你胆子也太大了。,-1.0,-1.0,-1.0,-1.0,Negative,train,12_40,True,True,True,12,True
video_0012,41,回公主的话，还没有办好。,-1.0,-0.6,-0.8,-0.8,Negative,train,12_41,True,True,True,12,True
video_0012,42,只要你给他一个温暖的怀抱，让她觉得安全，其他的都不重要。,0.8,0.6,0.8,1.0,Positive,valid,12_42,True,True,True,28,True
video_0012,43,如果她真的想死的话，没人帮得了她,-0.8,-0.8,-0.8,-0.4,Negative,train,12_43,True,True,True,16,True
video_0012,44,我活得好辛苦，我真的好辛苦。,-1.0,-1.0,-1.0,-1.0,Negative,valid,12_44,True,True,True,14,True
video_0012,45,姐姐不是进宫以来一直都过着轻松的日子吗？,0.2,0.6,0.4,0.8,Positive,valid,12_45,True,True,True,20,True
video_0012,46,反正本宫横竖都得不到皇上的爱。,-0.8,-0.8,-0.2,1.0,Negative,train,12_46,True,True,True,15,True
video_0012,47,如果皇上宠幸你的话，你求个情不就行了吗？,-0.6,0.6,-1.0,-1.0,Negative,valid,12_47,True,True,True,20,True
video_0013,1,哎，我走的时候落了一本书，你看到没啊？,0.0,-0.2,0.0,0.0,Neutral,valid,13_1,True,True,True,19,True
video_0013,2,那怎么办？那我们现在出去玩。,0.2,0.2,0.0,0.2,Positive,train,13_2,True,True,True,14,True
video_0013,3,怕你啊，喝就喝,-0.2,0.2,-1.0,-1.0,Negative,train,13_3,True,True,True,7,True
video_0013,4,老规矩，就是脱衣服。,1.0,-0.4,0.6,0.8,Positive,train,13_4,True,True,True,10,True
video_0013,5,行，你说什么就是什么，你说什么规矩就是什么规矩,0.2,0.4,-0.2,0.4,Positive,valid,13_5,True,True,True,23,True
video_0013,6,我凭什么出去啊，你有本事进来啊！,-1.0,-0.6,-1.0,-1.0,Negative,train,13_6,True,True,True,16,True
video_0013,7,今天她进了我这屋，谁也别想把他带走,-1.0,-1.0,-0.8,-1.0,Negative,train,13_7,True,True,True,17,True
video_0013,8,你们一帮大男人设牌局对付一个女孩，合适吗,-1.0,-1.0,-1.0,-1.0,Negative,train,13_8,True,True,True,20,True
video_0013,9,神经病啊你。,-1.0,-1.0,-1.0,-1.0,Negative,valid,13_9,True,True,True,6,True
video_0013,10,我从来就没见过一个女生，三更半夜还在男生宿舍打牌厮混,-1.0,-0.8,-1.0,-1.0,Negative,valid,13_10,True,True,True,26,True
video_0013,11,我就知道你这种人做什么事都半途而废。,-1.0,-1.0,-1.0,-1.0,Negative,valid,13_11,True,True,True,18,True
video_0013,12,真的呀。,1.0,0.6,0.6,1.0,Positive,valid,13_12,True,True,True,4,True
video_0013,13,还没有呢。,-0.4,0.0,-0.4,-0.6,Negative,train,13_13,True,True,True,5,True
video_0013,14,就水到渠成的时候，自然而然就牵了。,1.0,0.6,0.6,1.0,Positive,valid,13_14,True,True,True,17,True
video_0013,15,欢迎各位同学来到沧浪书院，首先呢，要恭喜大家都过了大一,0.6,1.0,0.8,0.0,Positive,train,13_15,True,True,True,27,True
video_0013,16,好大的一碗心灵鸡汤。,-0.2,0.2,0.2,-1.0,Negative,train,13_16,True,True,True,10,True
video_0013,17,我怎么觉得挺好的呢？还挺有意思的。,1.0,1.0,0.8,1.0,Positive,test,13_17,True,True,True,17,True
video_0013,18,人没目标死了算了，他的意思就是让你放任自流。,-1.0,-0.8,-0.6,-1.0,Negative,valid,13_18,True,True,True,22,True
video_0013,19,别被他那一双正直的双眼给蒙蔽了。,-1.0,-0.8,-0.6,-1.0,Negative,train,13_19,True,True,True,16,True
video_0013,20,你知不知道一个小小的差错？就可以让一整栋大楼倒塌。,-0.8,-0.2,-0.4,-0.4,Negative,train,13_20,True,True,True,25,True
video_0013,21,我很好奇，你到底喜不喜欢建筑,-0.4,0.0,0.0,-1.0,Negative,train,13_21,True,True,True,14,True
video_0013,22,喂，娟儿，我收工了,1.0,0.0,0.6,1.0,Positive,train,13_22,True,True,True,9,True
video_0013,23,啊，就是因为你这个棋谱，完，一夜回到解放前了。,0.2,-1.0,0.2,1.0,Positive,train,13_23,True,True,True,23,True
video_0013,24,这个是送你的礼物。,1.0,0.0,0.6,1.0,Positive,train,13_24,True,True,True,9,True
video_0013,25,不行，改天就找不到,-1.0,-0.6,-0.6,-1.0,Negative,train,13_25,True,True,True,9,True
video_0013,26,把本来已经平息了的事件再次推到了风口浪尖上。,-1.0,-0.8,-0.6,-1.0,Negative,test,13_26,True,True,True,22,True
video_0013,27,郑微你能不能清醒一点啊！,-1.0,-1.0,-1.0,-1.0,Negative,valid,13_27,True,True,True,12,True
video_0013,28,"不是这样的,我不相信",-1.0,-0.8,-1.0,-1.0,Negative,valid,13_28,True,True,True,10,True
video_0013,29,你为什么不接我电话呀，你知道我打了多少个电话吗？,-0.8,-1.0,-0.8,-0.8,Negative,train,13_29,True,True,True,24,True
video_0013,30,不好意思，我没听见。,-0.6,-0.8,-0.8,-1.0,Negative,train,13_30,True,True,True,10,True
video_0013,31,我就要这么作践自己,-1.0,-1.0,-1.0,-1.0,Negative,valid,13_31,True,True,True,9,True
video_0013,32,我喜欢那个曾经聪颖独立，潇洒自如的你,-0.2,1.0,-0.4,-0.8,Negative,train,13_32,True,True,True,18,True
video_0013,33,我在年轻的时候有一个男孩子他很爱很爱我。,-0.2,0.8,-1.0,-1.0,Negative,valid,13_33,True,True,True,20,True
video_0013,34,你乖乖把这些吃了，你想知道什么我都会告诉你。,0.0,0.6,0.4,0.2,Neutral,train,13_34,True,True,True,22,True
video_0013,35,你这偷懒的方法太低级了,0.2,-0.8,0.4,1.0,Positive,test,13_35,True,True,True,11,True
video_0014,1,这么想我呀，看见我激动的犯病啦？,0.6,0.2,0.4,1.0,Positive,train,14_1,True,True,True,16,True
video_0014,2,还差个300多，你们家那房写的谁的名？,-0.6,0.0,0.2,-0.2,Negative,train,14_2,True,True,True,19,True
video_0014,3,哎，反正你别把这件事算在郑开司头上，人家如果需要赔偿的话，就从我工资里扣呗。,-0.6,-0.6,-0.8,-0.2,Negative,valid,14_3,True,True,True,38,True
video_0014,4,这时候要是办砸了，我可跟你玩命。,-0.6,-1.0,-0.8,-1.0,Negative,train,14_4,True,True,True,16,True
video_0014,5,我当年就应该把你从我们家阳台推下去摔死。,-1.0,-1.0,-0.8,-1.0,Negative,train,14_5,True,True,True,20,True
video_0014,6,哥，我求你，不要丢我一个人在这里，可以吗？,-1.0,-1.0,-1.0,-1.0,Negative,valid,14_6,True,True,True,21,True
video_0014,7,输了你得去死,-1.0,-1.0,-1.0,-1.0,Negative,valid,14_7,True,True,True,6,True
video_0014,8,这事不能我们自己干，一旦被人发现就没人跟我们比了。,-0.2,-0.6,-0.8,-0.8,Negative,valid,14_8,True,True,True,25,True
video_0014,9,你一段让我想起来会汗毛倒立的口哨,-0.6,-0.8,-0.2,-0.2,Negative,train,14_9,True,True,True,16,True
video_0014,10,要不是你带着我，我估计早就被人骗进小黑屋了，我命就交给你了。,0.0,-0.4,-0.2,-0.2,Neutral,valid,14_10,True,True,True,30,True
video_0014,11,我在大量搜集某一种牌型的时候也非常在意其他牌型的数量,-0.2,0.0,-0.2,-0.8,Negative,train,14_11,True,True,True,26,True
video_0014,12,你想在我们面前炫耀，所以你才会输,-0.2,-0.6,-0.6,0.2,Negative,train,14_12,True,True,True,16,True
video_0014,13,你同伴告诉我的。,0.8,0.0,0.0,1.0,Positive,valid,14_13,True,True,True,8,True
video_0014,14,三张石头，一张剪刀一张布,0.0,0.0,-0.2,0.0,Neutral,train,14_14,True,True,True,12,True
video_0014,15,我就知道你没憋什么好屁,-1.0,-1.0,-0.6,-1.0,Negative,test,14_15,True,True,True,11,True
video_0014,16,想知道被淘汰是什么下场吗？,-0.4,-0.2,-0.8,-0.6,Negative,train,14_16,True,True,True,13,True
video_0014,17,我以我的生命起誓，这次绝对不是在骗你,0.4,0.6,-0.2,-0.2,Positive,valid,14_17,True,True,True,18,True
video_0014,18,等布再减少两张，我们就行动,0.0,0.0,0.0,-0.2,Neutral,valid,14_18,True,True,True,13,True
video_0014,19,拿石头去比，最差也是平局,-0.2,0.0,-0.2,-0.6,Negative,train,14_19,True,True,True,12,True
video_0014,20,可你不把这张卡片打出去，那就死定了,-0.6,-0.8,-0.6,-0.6,Negative,train,14_20,True,True,True,17,True
video_0014,21,跟我比吧，你要是赢了，我给你两颗星，要是输了，你只需要给我一颗,0.0,0.0,0.4,-0.2,Neutral,valid,14_21,True,True,True,31,True
video_0014,22,那个人要是真的愿意出来，也是选择跟我盲比，毕竟还有赢的机会。,0.0,0.0,-0.4,0.4,Neutral,train,14_22,True,True,True,30,True
video_0014,23,我等你。,1.0,0.4,-0.2,1.0,Positive,test,14_23,True,True,True,4,True
video_0014,24,别担心，我替你们去,-0.2,0.4,0.0,-0.6,Negative,valid,14_24,True,True,True,9,True
video_0014,25,我们也只是听说，万一。,-1.0,0.0,-0.4,-1.0,Negative,train,14_25,True,True,True,11,True
video_0014,26,我不同意，我不想赎他,-0.6,-1.0,-0.8,-0.2,Negative,train,14_26,True,True,True,10,True
video_0014,27,最少能卖150万美金，如果抗到最后，价格没准还能更高,0.0,0.2,-0.8,-0.8,Neutral,valid,14_27,True,True,True,26,True
video_0014,28,你他妈真是个骗子啊,-1.0,-1.0,-1.0,-1.0,Negative,test,14_28,True,True,True,9,True
video_0014,29,从今天起，你妈就是我妈,-1.0,0.6,0.0,-1.0,Negative,train,14_29,True,True,True,11,True
video_0014,30,亲兄弟也靠不住啊,-0.6,-1.0,-1.0,-0.8,Negative,valid,14_30,True,True,True,8,True
video_0014,31,这样就可以多维持几个月,-1.0,0.6,-0.6,-1.0,Negative,valid,14_31,True,True,True,11,True
video_0014,32,爸爸尽力了,-1.0,-0.2,-1.0,-1.0,Negative,valid,14_32,True,True,True,5,True
video_0014,33,但他一定需要你陪在他身边。,0.2,0.4,0.6,-0.4,Positive,train,14_33,True,True,True,13,True
video_0015,1,据我推测应该是送她的同伙杀人越货。,0.0,-0.6,-0.6,-0.2,Neutral,test,15_1,True,True,True,17,True
video_0015,2,我最恨骗子。,-0.6,-1.0,-0.6,0.0,Negative,train,15_2,True,True,True,6,True
video_0015,3,你实在是太low了,-1.0,-1.0,-1.0,-1.0,Negative,test,15_3,True,True,True,9,True
video_0015,4,平均值一万四千九百六十万千米。,0.0,0.0,0.0,0.2,Neutral,train,15_4,True,True,True,15,True
video_0015,5,承认你妈啊承让。,-1.0,-0.8,-1.0,-0.8,Negative,train,15_5,True,True,True,8,True
video_0015,6,你想要什么我都给你啊！,-0.6,0.4,-0.6,-1.0,Negative,valid,15_6,True,True,True,11,True
video_0015,7,看来我暗示的还不够明显啊，我问你金子呢,-1.0,-0.8,-1.0,-1.0,Negative,valid,15_7,True,True,True,19,True
video_0015,8,都是道上的，给点面子啦,-0.6,0.8,0.0,-1.0,Negative,valid,15_8,True,True,True,11,True
video_0015,9,纹一半太疼受不了，就喊停了,-0.6,-0.6,-1.0,-1.0,Negative,train,15_9,True,True,True,13,True
video_0015,10,你把箱子放哪了？,-1.0,0.0,-1.0,-1.0,Negative,train,15_10,True,True,True,8,True
video_0015,11,表妹，今天这个生日，你一定会很惊喜，祝你幸福。,0.6,1.0,0.8,0.8,Positive,valid,15_11,True,True,True,23,True
video_0015,12,那箱子是封死的嘛，谁知道里面是黄金呢,-1.0,-0.2,-0.8,-1.0,Negative,test,15_12,True,True,True,18,True
video_0015,13,我哪知道他怎么死的,-1.0,-0.6,-1.0,-1.0,Negative,train,15_13,True,True,True,9,True
video_0015,14,你别扯淡了，那我的命在陪你玩，要玩你自己玩，我必须走。,-1.0,-1.0,-1.0,-1.0,Negative,train,15_14,True,True,True,27,True
video_0015,15,唐仁，抓人呐,-1.0,-0.6,-1.0,-0.6,Negative,train,15_15,True,True,True,6,True
video_0015,16,两份资料里唯一重合的信息。,0.0,0.0,0.0,0.0,Neutral,train,15_16,True,True,True,13,True
video_0015,17,小妹妹，这个人你认识吗,1.0,0.4,0.2,0.6,Positive,train,15_17,True,True,True,11,True
video_0015,18,他是我隔壁班同学，好久都没有去学校了。,-0.2,0.0,0.0,0.6,Negative,valid,15_18,True,True,True,19,True
video_0015,19,你真好看。,1.0,1.0,0.0,0.4,Positive,train,15_19,True,True,True,5,True
video_0015,20,行行行，好，五天就五天，再减就成负的了,-1.0,-0.8,-1.0,-0.2,Negative,valid,15_20,True,True,True,19,True
video_0015,21,全泰国黑白两道，都没人敢惹他,-1.0,-0.8,-1.0,-1.0,Negative,train,15_21,True,True,True,14,True
video_0015,22,你怎么又是一个人在家？,0.0,-0.6,-0.2,0.0,Neutral,train,15_22,True,True,True,11,True
video_0015,23,你不是很上镜,1.0,-0.8,0.6,1.0,Positive,train,15_23,True,True,True,6,True
video_0015,24,丹的爸爸，他一直在跟踪你。,-0.2,-0.6,-0.6,0.0,Negative,train,15_24,True,True,True,13,True
video_0015,25,可以去澳洲啊，那边阳光好，海鲜也很棒啊！,-0.2,1.0,0.6,-1.0,Negative,valid,15_25,True,True,True,20,True
video_0015,26,可怜可怜我吧，我真的很惨的，我们几个人策划了半年多。,-1.0,-1.0,-1.0,-1.0,Negative,train,15_26,True,True,True,26,True
video_0015,27,外面千好万好，都不如家好，可是回去又能干什么呢？,-1.0,-0.8,-1.0,-1.0,Negative,train,15_27,True,True,True,24,True
video_0015,28,我想我完成一次完美的犯罪。,0.0,-0.2,0.2,0.0,Neutral,test,15_28,True,True,True,13,True
video_0015,29,哭哭个毛线啊，又不是溺水,-1.0,-1.0,-1.0,-1.0,Negative,valid,15_29,True,True,True,12,True
video_0015,30,这话好像是大反派的回答,-0.4,-0.4,-0.8,-1.0,Negative,valid,15_30,True,True,True,11,True
video_0015,31,这种桥段，在我们侦探推理届并不新鲜。,1.0,-0.6,0.6,1.0,Positive,train,15_31,True,True,True,18,True
video_0015,32,利用监控录像，把我包装成了嫌疑犯,-0.4,-0.6,-0.2,-1.0,Negative,train,15_32,True,True,True,16,True
video_0015,33,我不得不说，干得实在是太漂亮了,1.0,1.0,0.2,1.0,Positive,train,15_33,True,True,True,15,True
video_0015,34,住嘴,-1.0,-1.0,-1.0,-1.0,Negative,train,15_34,True,True,True,2,True
video_0015,35,就算这本日记是真的，你也不能指证我是凶手。,-0.6,-0.8,-0.4,-0.8,Negative,test,15_35,True,True,True,21,True
video_0015,36,这只是个巧合，证据呢,-0.4,-0.4,0.0,-0.8,Negative,valid,15_36,True,True,True,10,True
video_0015,37,这种蓝牙音箱有记忆功能，你打开手机，看能不能自动连接上,0.0,0.0,0.0,0.0,Neutral,train,15_37,True,True,True,27,True
video_0015,38,谁要嫁给你啊？穷光蛋。,-1.0,-1.0,-1.0,-1.0,Negative,train,15_38,True,True,True,11,True
video_0015,39,你说话好像不结巴了,1.0,0.2,1.0,1.0,Positive,train,15_39,True,True,True,9,True
video_0015,40,当然，这些都是假设，也没有证据可以证明一个死人的性取向。,0.0,-0.6,0.0,0.0,Neutral,train,15_40,True,True,True,28,True
video_0015,41,恶人是不是该这么笑，哈哈哈,0.2,-0.4,0.6,1.0,Positive,valid,15_41,True,True,True,13,True
video_0016,1,那年冬季长跑，我跑第一,1.0,0.6,0.8,1.0,Positive,train,16_1,True,True,True,11,True
video_0016,2,那年过年我爸去给您送了一个索尼收音机。,1.0,0.4,0.2,1.0,Positive,train,16_2,True,True,True,19,True
video_0016,3,我是梦特，我现在叫孟特娇,1.0,0.0,1.0,1.0,Positive,train,16_3,True,True,True,12,True
video_0016,4,都是同学啊，咱们派一个代表讲两句好不好，夏洛！,1.0,0.6,1.0,1.0,Positive,valid,16_4,True,True,True,23,True
video_0016,5,你不是跟我说你给你妈扫墓去了吗,-0.2,-0.4,-0.4,1.0,Negative,test,16_5,True,True,True,15,True
video_0016,6,你看，我都不知道你结婚我就穿成这样就来了，实在是不好意思，恭喜恭喜啊，恭喜啊伯父,1.0,0.6,0.2,1.0,Positive,train,16_6,True,True,True,40,True
video_0016,7,你胃不好，别喝了呗，要喝咱回家喝，咱家也有酒啊,0.8,0.2,0.8,1.0,Positive,test,16_7,True,True,True,23,True
video_0016,8,行吧，喝点酒有时有晌的，赶紧,0.0,-0.8,-1.0,0.0,Neutral,train,16_8,True,True,True,14,True
video_0016,9,你搁这又唱又跳，穿的跟个鸡毛掸子似的，你嘚瑟什么呀？,-1.0,-1.0,-1.0,-1.0,Negative,valid,16_9,True,True,True,26,True
video_0016,10,自己挣的钱，你好意思吗夏洛，从毕业到现在，你挣过一分钱吗,-1.0,-1.0,-1.0,-1.0,Negative,train,16_10,True,True,True,28,True
video_0016,11,你可倒好，你随个份子，你把我饭都,-1.0,-1.0,-1.0,-1.0,Negative,train,16_11,True,True,True,16,True
video_0016,12,咱俩结婚的时候什么仪式都没有,-1.0,-0.6,-0.8,-1.0,Negative,valid,16_12,True,True,True,14,True
video_0016,13,你天天跟我们排名，这大傻子那二傻子，我们就有前途了,-1.0,-0.6,-1.0,-1.0,Negative,train,16_13,True,True,True,25,True
video_0016,14,我也不知道我要干什么,-1.0,-0.4,-1.0,-1.0,Negative,train,16_14,True,True,True,10,True
video_0016,15,你有什么心结可以对我说，不要伤害女同学。,-1.0,-0.8,-0.8,-1.0,Negative,train,16_15,True,True,True,20,True
video_0016,16,讨厌就不愿意和你们这些男孩玩，气死老娘了。,-1.0,-1.0,-0.6,-1.0,Negative,test,16_16,True,True,True,21,True
video_0016,17,你们说夏洛什么时候能找她呀？,-1.0,0.0,-0.2,-1.0,Negative,train,16_17,True,True,True,14,True
video_0016,18,我警告你别瞎叫，我跟夏洛的事还不一定呢，讨厌。,-1.0,-1.0,-0.2,-1.0,Negative,train,16_18,True,True,True,23,True
video_0016,19,我会对你负责任,1.0,0.8,0.6,1.0,Positive,train,16_19,True,True,True,7,True
video_0016,20,冬梅，你是入学以来第一个主动要求坐在我身边的,1.0,0.6,0.6,1.0,Positive,valid,16_20,True,True,True,22,True
video_0016,21,放心吧，让一个人毁灭之前，必须先让其膨胀,-1.0,-0.8,-1.0,-1.0,Negative,train,16_21,True,True,True,20,True
video_0016,22,现在好了，汽水不冰了，可我的心却是冰冰的,-1.0,-1.0,-0.6,-1.0,Negative,test,16_22,True,True,True,20,True
video_0016,23,好，只要你现在告诉我你讨厌我，我就永远在你面。,-1.0,-0.8,-1.0,-1.0,Negative,test,16_23,True,True,True,23,True
video_0016,24,看不出来呀，小伙子啊，挺会聊天啊！,1.0,1.0,1.0,1.0,Positive,train,16_24,True,True,True,17,True
video_0016,25,差钱的话，你告诉我个数，我回去凑还不行吗？,0.0,-0.8,-0.6,-0.4,Neutral,train,16_25,True,True,True,21,True
video_0016,26,唉，你能不能就我现在这身儿行头记性？即兴赋诗一首。,1.0,0.4,0.4,1.0,Positive,train,16_26,True,True,True,25,True
video_0016,27,早就不练了，有一年比赛，我把标枪扎，裁判身上了，后来就被终身禁赛了。,0.4,-0.6,0.2,1.0,Positive,train,16_27,True,True,True,34,True
video_0016,28,怎么，吃不惯啊,0.0,-0.8,-0.8,1.0,Neutral,valid,16_28,True,True,True,7,True
video_0016,29,哎呀，你慢点吃，又没人跟你抢,1.0,0.2,1.0,1.0,Positive,train,16_29,True,True,True,14,True
video_0016,30,曾经做过一个梦，梦见咱俩结婚了,0.0,1.0,0.4,0.0,Neutral,train,16_30,True,True,True,15,True
video_0016,31,你为了让我戒烟，把家里所有的打火机都藏在暖气片后面,-0.4,-0.4,-0.6,0.0,Negative,valid,16_31,True,True,True,25,True
video_0016,32,也是茴香的味道，能让我在将来厌倦你的时候多去回想你的好。,-1.0,0.6,0.0,-1.0,Negative,train,16_32,True,True,True,28,True
video_0016,33,夏洛夏洛，我赢了，夏洛你知道吗，我为了打败你这套连招我练了多少年啊？,1.0,1.0,1.0,1.0,Positive,test,16_33,True,True,True,34,True
video_0016,34,大春我真嫉妒你，能像个傻逼似的。,0.8,-0.2,0.2,1.0,Positive,test,16_34,True,True,True,16,True
video_0016,35,谁那么不识相？敢抢夏洛的女人。,-1.0,-1.0,-1.0,-1.0,Negative,train,16_35,True,True,True,15,True
video_0016,36,夏洛你个王八蛋，你怎么可以这样？,-1.0,-1.0,-1.0,-1.0,Negative,train,16_36,True,True,True,16,True
video_0016,37,快带我去检查,-1.0,-0.6,-1.0,-1.0,Negative,valid,16_37,True,True,True,6,True
video_0016,38,给我也查查吧,-1.0,0.0,-0.8,-1.0,Negative,test,16_38,True,True,True,6,True
video_0016,39,洛儿，你看你现在活成什么样子了,-1.0,-0.8,-1.0,-1.0,Negative,train,16_39,True,True,True,15,True
video_0016,40,张扬，谢谢你,-0.6,1.0,0.2,-1.0,Negative,test,16_40,True,True,True,6,True
video_0016,41,打今儿起，咱俩各论各的，我管你叫哥,1.0,0.4,1.0,1.0,Positive,valid,16_41,True,True,True,17,True
video_0016,42,不许这样对你张叔叔,-1.0,-0.8,-1.0,-1.0,Negative,train,16_42,True,True,True,9,True
video_0016,43,那麻烦您能告诉我他现在情况怎么样了吗？,0.6,-0.4,0.6,1.0,Positive,valid,16_43,True,True,True,19,True
video_0016,44,病人很不配合治疗，不太乐观。,-1.0,-1.0,-0.6,-0.8,Negative,train,16_44,True,True,True,14,True
video_0016,45,夏洛，我跟大春来看你来了,1.0,0.0,1.0,1.0,Positive,train,16_45,True,True,True,12,True
video_0016,46,小的时候吧，我就喜欢赖着你，跟你玩过家家，我当爸爸。,0.8,0.6,0.6,1.0,Positive,train,16_46,True,True,True,26,True
video_0016,47,再后来呢，你就成了大明星了，我也就不敢再喜欢你了。,-0.6,0.0,0.2,0.4,Negative,train,16_47,True,True,True,25,True
video_0017,1,B超超出来说是四胞胎，县城的医院说只能来北京生，我们那儿生不了，没这技术。,-0.2,-0.8,-0.8,0.0,Negative,train,17_1,True,True,True,37,True
video_0017,2,我们不建议你们再以安全性作为一家商品主要的卖点,-0.6,-0.6,-0.8,0.0,Negative,train,17_2,True,True,True,23,True
video_0017,3,怎么样？考虑好了吗？,0.0,0.0,0.0,-0.2,Neutral,train,17_3,True,True,True,10,True
video_0017,4,校长，我有人要照顾。,0.0,0.4,0.0,1.0,Neutral,train,17_4,True,True,True,10,True
video_0017,5,你打死我吧，打死我，你每个月少三十斤粮票,-0.6,-0.2,-1.0,-0.2,Negative,train,17_5,True,True,True,20,True
video_0017,6,你以为我供你上大学，嫁给你，把饭留给你吃，是贪图你挣的30斤粮票,-1.0,-0.2,-1.0,-0.8,Negative,train,17_6,True,True,True,32,True
video_0017,7,校长，我自己的事情了了，我现在可以去九所工作了。,-0.2,0.4,0.0,0.0,Negative,train,17_7,True,True,True,24,True
video_0017,8,胡说，哪有学生不走，老师走的道理。,-0.2,-0.2,-0.6,0.6,Negative,train,17_8,True,True,True,17,True
video_0017,9,我对David已经忍无可忍了,-0.8,-1.0,-0.6,0.0,Negative,train,17_9,True,True,True,14,True
video_0017,10,我一定会努力的，不辜负您的希望。,1.0,1.0,0.6,0.6,Positive,train,17_10,True,True,True,16,True
video_0017,11,许博超是我的中学语文老师，刘淑芬是他妻子。,-0.4,0.0,-0.2,-1.0,Negative,train,17_11,True,True,True,21,True
video_0017,12,我拿了同事们的看护报告，把信纸蒙在上面拓的字,-0.2,0.0,-0.4,-1.0,Negative,train,17_12,True,True,True,22,True
video_0017,13,我没有，她们胡说，我给谁写呀？,-0.6,-1.0,-1.0,-0.8,Negative,train,17_13,True,True,True,15,True
video_0017,14,我接到任务以后太紧张了，就生病了,-1.0,-0.8,-1.0,-0.8,Negative,train,17_14,True,True,True,16,True
video_0017,15,我我丈夫，她勾引我丈夫,-1.0,-1.0,-1.0,-1.0,Negative,valid,17_15,True,True,True,11,True
video_0017,16,我怕我承认了，他们就不让我去支边了。,-1.0,-0.8,-1.0,-1.0,Negative,train,17_16,True,True,True,18,True
video_0017,17,伯母，不是华北之大，容不下一张平静的课桌，是整个国家危亡，所以我们都要去当兵,-0.6,0.6,-0.6,-0.4,Negative,train,17_17,True,True,True,38,True
video_0017,18,我看以后就别再清明这一天去扫墓了,-0.4,-0.4,-0.6,-0.8,Negative,train,17_18,True,True,True,16,True
video_0017,19,说什么呢你，再苦也要去，没有你李叔叔，我和你妈早死了边疆。,-0.6,-0.8,-1.0,-0.2,Negative,train,17_19,True,True,True,29,True
video_0018,1,给我弄死他,-1.0,-1.0,-1.0,-1.0,Negative,train,18_1,True,True,True,5,True
video_0018,2,这些衣服不干净，他们报案等于自首,-0.4,-0.4,-0.2,0.2,Negative,train,18_2,True,True,True,16,True
video_0018,3,到了补给站，你自己回吧,0.0,-0.2,-0.2,-0.2,Neutral,train,18_3,True,True,True,11,True
video_0018,4,闭嘴，不是来抓你的。,-1.0,-0.4,-1.0,-1.0,Negative,train,18_4,True,True,True,10,True
video_0018,5,你有什么资格替我做决定,-1.0,-1.0,-1.0,-0.4,Negative,train,18_5,True,True,True,11,True
video_0018,6,我说错什么了,-1.0,-0.4,-1.0,-1.0,Negative,valid,18_6,True,True,True,6,True
video_0018,7,所有车辆全体人员，戴头盔,-0.6,0.0,-1.0,-1.0,Negative,train,18_7,True,True,True,12,True
video_0018,8,熟练的安装火石最起码要经过13个月的专业训练,-1.0,0.0,-1.0,-1.0,Negative,test,18_8,True,True,True,22,True
video_0018,9,我们只能靠自己了。,-0.4,0.0,-0.6,-0.4,Negative,train,18_9,True,True,True,9,True
video_0018,10,今天是中国新年的第一天。,0.0,0.2,0.4,0.0,Neutral,train,18_10,True,True,True,12,True
video_0018,11,儿子，对不起。,-1.0,-1.0,-1.0,-0.4,Negative,train,18_11,True,True,True,7,True
video_0018,12,可是现在你已经长大成人了,-1.0,0.0,-1.0,-0.2,Negative,train,18_12,True,True,True,12,True
video_0019,1,我想沈小姐可能收到我的信了，我的司机前两天送来了。,0.0,0.0,0.0,-0.2,Neutral,test,19_1,True,True,True,25,True
video_0019,2,无所谓，乱世。,-0.4,-0.6,-0.6,-0.8,Negative,test,19_2,True,True,True,7,True
video_0019,3,那么过两天我还可以再来吗？,0.0,0.0,0.0,0.0,Neutral,valid,19_3,True,True,True,13,True
video_0019,4,我记事以来，从没见过我妈笑过，她30多岁就去世了，我爸一滴眼泪都没流。,-1.0,-0.6,-0.8,-0.4,Negative,train,19_4,True,True,True,35,True
video_0019,5,披肩很漂亮。,0.8,0.8,0.4,0.8,Positive,train,19_5,True,True,True,6,True
video_0019,6,最近我也很怕听这种音乐，一听鼻子就酸。,-0.6,-1.0,-0.8,0.0,Negative,test,19_6,True,True,True,19,True
video_0019,7,不是，我们分手了，没有孩子，不算太痛苦,-0.8,-0.2,-0.2,-0.2,Negative,valid,19_7,True,True,True,19,True
video_0019,8,要我自己动手，我还怕痛呢,-1.0,-0.8,-1.0,-1.0,Negative,train,19_8,True,True,True,12,True
video_0019,9,春望，我被老爷侮辱，也怀过他的孩子，你还要我吗？,-1.0,-0.8,-1.0,-1.0,Negative,train,19_9,True,True,True,24,True
video_0019,10,不过呢，男人可以常常换，所以我一直把你的照片挂在我的心里。,1.0,0.8,1.0,1.0,Positive,test,19_10,True,True,True,29,True
video_0019,11,哼，放下你的鞭子。,-1.0,-1.0,-0.2,-1.0,Negative,train,19_11,True,True,True,9,True
video_0019,12,我笑你打他两巴掌。,1.0,0.4,1.0,1.0,Positive,train,19_12,True,True,True,9,True
video_0019,13,不过只要你喜欢呢，人家就是拼了命也值得,1.0,1.0,0.4,1.0,Positive,train,19_13,True,True,True,19,True
video_0019,14,沈小姐，章能才躲在哪儿？我让他替我偿命,-1.0,-1.0,-1.0,-1.0,Negative,valid,19_14,True,True,True,19,True
video_0019,15,我们三个啊，今生今世都要在一起吃饭。,1.0,1.0,0.8,1.0,Positive,train,19_15,True,True,True,18,True
video_0019,16,是我们自愿的，他把他的心交给他的梦，我把我的心交给他。,0.4,0.8,0.0,0.6,Positive,valid,19_16,True,True,True,27,True
video_0020,1,红色的也好看呀，但是要是买了红的，我肯定也会后悔，对吧？,-0.4,-0.2,0.0,0.0,Negative,test,20_1,True,True,True,28,True
video_0020,2,如果存在平行宇宙，这样的问题就好解决了,0.6,0.6,0.4,0.2,Positive,train,20_2,True,True,True,19,True
video_0020,3,所以呢，如果选了物理小组也会想回去改的。,-0.4,-0.2,0.0,-0.2,Negative,train,20_3,True,True,True,20,True
video_0020,4,还有物理老头也不喜欢我。,-1.0,-0.8,-1.0,-0.8,Negative,train,20_4,True,True,True,12,True
video_0020,5,而且天文组好像没有我们班同学。,0.6,-0.4,-0.2,0.6,Positive,test,20_5,True,True,True,15,True
video_0020,6,没有选物理小组也可以参加物理竞赛嘛,0.4,0.2,0.4,0.4,Positive,train,20_6,True,True,True,17,True
video_0020,7,正好市里的口语比赛，还有两个直升高中的名额,0.0,0.0,0.2,0.2,Neutral,test,20_7,True,True,True,21,True
video_0020,8,我们走吧，你让我妹妹坐前面吧，她个子比较小。,0.6,0.0,0.0,0.8,Positive,valid,20_8,True,True,True,22,True
video_0020,9,你们根本没有找过，对不对？,-1.0,-0.6,-1.0,-0.6,Negative,test,20_9,True,True,True,13,True
video_0020,10,这不是爱因斯坦。,-0.6,-0.2,-1.0,-1.0,Negative,train,20_10,True,True,True,8,True
video_0020,11,这样想，心里就会好受一些了,0.2,0.6,0.4,0.6,Positive,train,20_11,True,True,True,13,True
video_0020,12,我们去哪儿啊,0.8,0.0,0.4,0.8,Positive,test,20_12,True,True,True,6,True
video_0020,13,反正我觉得挺好听的。,1.0,1.0,1.0,1.0,Positive,test,20_13,True,True,True,10,True
video_0021,1,杨瑞，我们还剩十分钟就要撤离,0.0,0.0,-0.6,-0.6,Neutral,test,21_1,True,True,True,14,True
video_0021,2,全体注意，为保证人质安全，各位置必须同步攻击，等我命令,0.0,0.0,-0.4,-0.4,Neutral,train,21_2,True,True,True,27,True
video_0021,3,看看能不能延缓一下他们的行动,-0.4,0.0,-0.2,0.0,Negative,test,21_3,True,True,True,14,True
video_0021,4,你能跟着罗星，说明你有两下,0.4,0.8,0.6,0.0,Positive,test,21_4,True,True,True,13,True
video_0021,5,那也让我见识下你的本事。,-0.2,0.6,0.4,-0.2,Negative,test,21_5,True,True,True,12,True
video_0021,6,她那边情况到底怎么样？,-0.2,-0.2,-0.2,-0.6,Negative,test,21_6,True,True,True,11,True
video_0021,7,人救了，可是家没了,-0.6,-1.0,-1.0,-0.4,Negative,train,21_7,True,True,True,9,True
video_0021,8,他是我见过最好的狙击手。,0.4,1.0,0.2,0.0,Positive,valid,21_8,True,True,True,12,True
video_0021,9,我其实一直在追查黑市核原料黄饼的买卖，被恐怖分子抓走的那个威廉是其中最大的卖家。,-0.4,-0.6,-0.6,-0.4,Negative,train,21_9,True,True,True,40,True
video_0021,10,如果我不跟你说，我没有办法拿到我要的东西,-1.0,-0.2,-1.0,-1.0,Negative,valid,21_10,True,True,True,20,True
video_0021,11,如果要救那么多人走的话，就不可能原路返回了。,-0.4,-0.2,-0.8,-0.6,Negative,test,21_11,True,True,True,22,True
video_0022,1,我没什么可以坚持的，也没什么要放弃的,-0.4,-0.4,-0.2,-0.2,Negative,valid,22_1,True,True,True,18,True
video_0022,2,回？回个屁呀。,-1.0,-1.0,-1.0,-1.0,Negative,test,22_2,True,True,True,7,True
video_0022,3,信上不是写了吗？我考虑几天才给你回的信。,-0.2,0.0,-0.6,-0.4,Negative,train,22_3,True,True,True,20,True
video_0022,4,人家把信寄了，我想回复信,0.0,0.0,-0.2,-0.2,Neutral,train,22_4,True,True,True,12,True
video_0022,5,我就知道你们俩离开我一会儿都不行。,-0.2,-0.4,-0.2,-0.2,Negative,train,22_5,True,True,True,17,True
video_0022,6,小题大做，我能有什么事？,-1.0,-1.0,-1.0,-0.8,Negative,train,22_6,True,True,True,12,True
video_0022,7,谁混日子了，苏韵哪有你们想的那么简单,-1.0,-1.0,-1.0,-1.0,Negative,test,22_7,True,True,True,18,True
video_0022,8,我们是不懂，可我知道你说的比唱的好听,-1.0,-0.6,-0.2,-1.0,Negative,train,22_8,True,True,True,18,True
video_0022,9,就算失败，也不许回头。,-0.4,0.2,-0.2,-1.0,Negative,train,22_9,True,True,True,11,True
video_0022,10,我们这儿大的帮小的先来了帮后到的,0.6,0.4,0.6,1.0,Positive,train,22_10,True,True,True,16,True
video_0022,11,我这几年四处演出，不知道为什么来到这里感觉特别温暖。,0.6,1.0,0.8,0.4,Positive,train,22_11,True,True,True,26,True
video_0022,12,我才要感谢你们，让我有机会唱歌给小朋友们听，谢谢。,0.6,1.0,0.8,1.0,Positive,train,22_12,True,True,True,25,True
video_0022,13,如果这次我们还还不上，你说怎么着就怎么着？我们也认了,-0.6,-0.6,-1.0,-1.0,Negative,train,22_13,True,True,True,26,True
video_0022,14,你们凭什么不经过我的同意就卖我的东西,-1.0,-1.0,-1.0,-1.0,Negative,train,22_14,True,True,True,18,True
video_0022,15,不是跟你说过吗？一直给你留着间卧室。,-0.4,0.0,-0.4,-0.6,Negative,train,22_15,True,True,True,18,True
video_0022,16,你不会是身体不舒服吧？,-0.6,-0.8,-1.0,-0.2,Negative,train,22_16,True,True,True,11,True
video_0022,17,一家人不说两家话啊，你就当我事儿,0.6,0.0,0.2,1.0,Positive,train,22_17,True,True,True,16,True
video_0022,18,可能很多人啊，都会认为孤儿一定是一段非常悲惨的经历。,-0.4,-0.6,-0.6,0.2,Negative,train,22_18,True,True,True,26,True
video_0022,19,在我的记忆当中，反而都是温暖的，我也把这些带入到我的作品当中了。,0.6,1.0,0.6,0.6,Positive,test,22_19,True,True,True,32,True
video_0022,20,大家都忙着捡瓶子卖钱，只要你成天就是画画,0.2,-0.6,-0.6,1.0,Positive,train,22_20,True,True,True,20,True
video_0022,21,疯了吗你？,-1.0,-1.0,-1.0,-1.0,Negative,train,22_21,True,True,True,5,True
video_0022,22,你说你想怎么样？我们俩都陪你，行吗？你说。,-1.0,0.2,-1.0,-1.0,Negative,train,22_22,True,True,True,21,True
video_0023,1,就你这脸型得多笑，不然就更长了,0.2,-0.6,-0.2,0.6,Positive,train,23_1,True,True,True,15,True
video_0023,2,越难啃的骨头骨头你更要有耐心啊，你得好好啃我我。,-0.2,0.2,0.2,-1.0,Negative,test,23_2,True,True,True,24,True
video_0023,3,我发现古小姐你说话的方式还是挺逗的,1.0,1.0,1.0,1.0,Positive,train,23_3,True,True,True,17,True
video_0023,4,50平的菜园子，100平方的大草坪。,1.0,0.0,0.6,1.0,Positive,train,23_4,True,True,True,18,True
video_0023,5,开窗可见绿，开门可踏青，依山傍水，绝对楼王！,1.0,1.0,1.0,1.0,Positive,train,23_5,True,True,True,22,True
video_0023,6,我老婆有病，走了，孩子在美国也成家了。,0.4,0.0,0.4,1.0,Positive,train,23_6,True,True,True,19,True
video_0023,7,你看我行吗？,1.0,0.4,0.4,1.0,Positive,test,23_7,True,True,True,6,True
video_0023,8,不是我们俩刚认识，你确定吗？,-0.6,-0.4,-0.6,-1.0,Negative,valid,23_8,True,True,True,14,True
video_0023,9,这不用确定吧，就像俺卖土豆一样，谈好条件，相中就定,1.0,0.6,0.6,1.0,Positive,test,23_9,True,True,True,25,True
video_0023,10,慢慢培养呗！,1.0,0.0,1.0,1.0,Positive,test,23_10,True,True,True,6,True
video_0023,11,这个房子现在买了，那可是婚前财产啊，不好意思啊，我得把房子写到我的名下。,-0.4,-0.6,-0.8,-0.8,Negative,test,23_11,True,True,True,36,True
video_0023,12,你的项目不是缺投资吗，我给你投,1.0,0.8,0.6,1.0,Positive,train,23_12,True,True,True,15,True
video_0023,13,你的被骗经历，我们大致已经了解了，现在登记一下你的基本资料,0.0,0.0,0.0,0.0,Neutral,train,23_13,True,True,True,29,True
video_0023,14,你是2018年人。,-0.4,0.0,-0.6,-0.8,Negative,valid,23_14,True,True,True,9,True
video_0023,15,那我们要同时开门，我属啥呀？,-0.4,0.0,-0.6,-1.0,Negative,test,23_15,True,True,True,14,True
video_0023,16,我的东西就无所谓是吗？,-1.0,-1.0,-1.0,-1.0,Negative,train,23_16,True,True,True,11,True
video_0023,17,要不然你可以到我们99年那边啊，然后我带你去那院子摘一些花种上不就完了吗,0.2,-0.2,0.6,-0.4,Positive,train,23_17,True,True,True,36,True
video_0023,18,哎，那个你开门带我去躺18年看看呗！,0.0,0.4,0.6,0.0,Neutral,train,23_18,True,True,True,18,True
video_0023,19,那时候没准我都是地产大亨了。,1.0,0.6,0.4,1.0,Positive,train,23_19,True,True,True,14,True
video_0023,20,你搬走了，也许这就恢复原样了,-0.4,0.0,-0.6,0.0,Negative,valid,23_20,True,True,True,14,True
video_0023,21,那我是女生，你不得让着我呀。,-1.0,0.0,-1.0,-1.0,Negative,train,23_21,True,True,True,14,True
video_0023,22,我先来的，我比你早20年就住这了。,-1.0,0.2,-1.0,-1.0,Negative,valid,23_22,True,True,True,17,True
video_0023,23,我搬走了，房东也会找一个人住进来，万一是变态呢，我不变态。,-0.4,0.2,0.0,-1.0,Negative,train,23_23,True,True,True,29,True
video_0023,24,你们现在用什么听歌,0.0,0.0,0.0,0.2,Neutral,test,23_24,True,True,True,9,True
video_0023,25,我是捞海底最会扯的员工啦，不好意思，我可不可以借你们的卫生间用一下,0.4,0.4,0.2,0.8,Positive,train,23_25,True,True,True,33,True
video_0023,26,酒驾车祸，烧的什么都没有了。,-0.4,-1.0,-0.8,-0.4,Negative,valid,23_26,True,True,True,14,True
video_0023,27,你不怕我揭发你吗？,-1.0,-0.6,-1.0,-1.0,Negative,train,23_27,True,True,True,9,True
video_0023,28,我跟他20多年了，公司从没到有，我立了多少功，最后我得到什么了,-0.6,-1.0,-0.6,-0.6,Negative,train,23_28,True,True,True,31,True
video_0023,29,你这样会让老板破产的，你这是犯法，会坐牢的。,-0.4,-1.0,-0.8,-0.8,Negative,valid,23_29,True,True,True,22,True
video_0023,30,我的事不用你管，你就替自己想想吧啊，这么好的一笔投资你不要，你还要什么，小陆,-1.0,-0.6,-0.2,-1.0,Negative,test,23_30,True,True,True,38,True
video_0023,31,够不着什么呀，不就在这儿呢嘛,-1.0,-0.6,-1.0,-1.0,Negative,test,23_31,True,True,True,14,True
video_0023,32,这六家店呀，就你们最不让人人省心了。,-1.0,-1.0,-1.0,-1.0,Negative,valid,23_32,True,True,True,18,True
video_0023,33,脑子是木头吗，不知道该干什么呀,-1.0,-1.0,-1.0,-1.0,Negative,train,23_33,True,True,True,15,True
video_0023,34,那您看我们这还需要调整什么呀？,0.2,0.0,0.4,0.8,Positive,train,23_34,True,True,True,15,True
video_0023,35,焦糖拿铁对吧？,1.0,0.0,0.4,1.0,Positive,test,23_35,True,True,True,7,True
video_0023,36,亲爱的，真的是你呀。,1.0,1.0,1.0,1.0,Positive,train,23_36,True,True,True,10,True
video_0023,37,听说你嫁个富豪啊！,1.0,1.0,0.8,0.2,Positive,train,23_37,True,True,True,9,True
video_0023,38,嘘什么呀，这是大好事啊，恭喜你，恭喜你。,1.0,1.0,1.0,1.0,Positive,train,23_38,True,True,True,20,True
video_0023,39,就这么定了啊，我现在就去安排一下，晚一点能让我司机来接你。,1.0,0.4,1.0,0.8,Positive,train,23_39,True,True,True,29,True
video_0023,40,陆先生你好，我跟小江呢大学最好的闺蜜，你叫我小雅就好了,1.0,0.8,1.0,1.0,Positive,valid,23_40,True,True,True,27,True
video_0023,41,老公，你真好，应该早点出现嘛,1.0,1.0,1.0,0.2,Positive,valid,23_41,True,True,True,14,True
video_0023,42,你是怕你同学觉得担心你，所以你就表现的稍微那么浮夸一点,-0.8,-0.2,-0.6,-0.8,Negative,valid,23_42,True,True,True,27,True
video_0023,43,你试试啊,1.0,0.0,0.2,1.0,Positive,test,23_43,True,True,True,4,True
video_0023,44,女士，你看我有没有点重影啊？,-0.2,-0.2,0.0,0.0,Negative,valid,23_44,True,True,True,14,True
video_0023,45,我是不是化不化妆都美。,1.0,1.0,0.8,1.0,Positive,train,23_45,True,True,True,11,True
video_0023,46,你想吃小馒头吗？,1.0,0.0,0.8,1.0,Positive,train,23_46,True,True,True,8,True
video_0023,47,我没有没有，我这原则性的问题，我绝对就是，谁有谁不要脸。,-0.6,-0.4,-0.6,-1.0,Negative,train,23_47,True,True,True,28,True
video_0023,48,你笑得多好，那些有钱人眼里绝对没有你这样的纯粹。,1.0,0.8,1.0,1.0,Positive,valid,23_48,True,True,True,24,True
video_0023,49,其实也没什么的，生活还能继续嘛,0.6,0.6,0.0,0.2,Positive,train,23_49,True,True,True,15,True
video_0023,50,别做梦了好吗，就那破图能成楼吗,-1.0,-1.0,-1.0,-1.0,Negative,valid,23_50,True,True,True,15,True
video_0023,51,我都不存在吗？你跟着我干嘛呀？老斑鸠。,-1.0,-1.0,-1.0,-1.0,Negative,test,23_51,True,True,True,19,True
video_0023,52,为什么我手上多了条疤？同时多了记忆，为什么？,-1.0,-0.4,-1.0,-1.0,Negative,test,23_52,True,True,True,22,True
video_0023,53,你对我好一点儿啊，要不然未来的我根本看不上你，现在都不想要你了。,-0.6,-1.0,-0.2,-1.0,Negative,train,23_53,True,True,True,32,True
video_0023,54,而且每天以后我都默念远离姓谷的女人，给未来的我心理暗示,0.0,-0.8,0.4,-0.4,Neutral,train,23_54,True,True,True,27,True
video_0023,55,哎，反正投资确定了，我就不算业务垫底了，你也没有权利让我离开公司。,0.2,-0.8,0.6,0.2,Positive,train,23_55,True,True,True,33,True
video_0023,56,反正你这笔钱我是不需要了，我也劝你好自为之。,-0.4,-1.0,-0.8,-0.4,Negative,train,23_56,True,True,True,22,True
video_0023,57,满意满意，非常满意。,1.0,1.0,1.0,1.0,Positive,train,23_57,True,True,True,10,True
video_0023,58,回到正规上来，这才是重要的。,-0.2,0.4,0.4,-0.4,Negative,valid,23_58,True,True,True,14,True
video_0023,59,你真的挺了解我的啊，带我吃高级餐厅，还有洋气的小提琴乐队，连巧克力蛋糕都记着呢。,1.0,1.0,1.0,1.0,Positive,train,23_59,True,True,True,40,True
video_0023,60,你穿西装的样子真的很帅。,1.0,1.0,1.0,1.0,Positive,test,23_60,True,True,True,12,True
video_0023,61,陆石屹让我告诉你，接受赵俊以，他当年就是这么做的。,0.0,0.0,0.2,0.6,Neutral,train,23_61,True,True,True,25,True
video_0023,62,当然是你了，陆石屹给我的就是我想要的生活。,0.6,1.0,0.8,0.4,Positive,train,23_62,True,True,True,21,True
video_0023,63,我这么忙，肯定不像从前那样对你那么关照，你懂点事儿。,-0.4,-0.6,-0.6,-0.2,Negative,train,23_63,True,True,True,26,True
video_0023,64,你后来都近视了你知道吗。我不喜欢看你戴眼镜,-1.0,-0.8,-1.0,-0.2,Negative,train,23_64,True,True,True,21,True
video_0024,1,亲自为儿子做的生日礼物,0.6,0.6,0.6,1.0,Positive,valid,24_1,True,True,True,11,True
video_0024,2,用足球改的地球仪，怎么样,0.6,0.0,1.0,1.0,Positive,test,24_2,True,True,True,12,True
video_0024,3,老师再给你讲最后一次啊！,1.0,-0.2,-0.4,1.0,Positive,train,24_3,True,True,True,12,True
video_0024,4,这位火炬手，就是我们东配大桥的设计师。,1.0,0.0,1.0,1.0,Positive,train,24_4,True,True,True,19,True
video_0024,5,跑步之后，本市最大的峰会大桥，将会正式投入使用,1.0,0.2,1.0,1.0,Positive,valid,24_5,True,True,True,23,True
video_0024,6,那要你爸爸，那就是我祖宗。,-1.0,-0.8,-1.0,-1.0,Negative,valid,24_6,True,True,True,13,True
video_0024,7,因为他们很喜欢爸爸的工作啊,1.0,1.0,1.0,1.0,Positive,valid,24_7,True,True,True,13,True
video_0024,8,要过这个河啊，要走很远很远的路。,0.0,-0.2,0.0,0.4,Neutral,train,24_8,True,True,True,16,True
video_0024,9,等你长大以后一定要做自己最喜欢的事情。,0.6,0.6,1.0,1.0,Positive,valid,24_9,True,True,True,19,True
video_0024,10,是万恶的太空碎片，打碎了返回舱的隔热瓦,-0.6,-0.6,-0.6,-0.6,Negative,test,24_10,True,True,True,19,True
video_0024,11,这一切都发生在飞船刚刚开始制动的返回阶段。,0.0,0.0,0.0,0.0,Neutral,train,24_11,True,True,True,21,True
video_0024,12,无论我们选择自主返回，或者手动返回,0.0,0.0,-0.4,0.0,Neutral,train,24_12,True,True,True,17,True
video_0024,13,我们是碰上了亿万分之一的概率。,-0.2,0.0,-0.6,-0.4,Negative,valid,24_13,True,True,True,15,True
video_0024,14,永远就都是你的问题，然后就没了。,-1.0,-0.8,-1.0,-1.0,Negative,train,24_14,True,True,True,16,True
video_0024,15,咱俩也走到这了。,-1.0,-0.6,-1.0,-1.0,Negative,valid,24_15,True,True,True,8,True
video_0024,16,地球仪摔坏了，你要替我修,0.0,-0.6,-0.4,0.2,Neutral,train,24_16,True,True,True,12,True
video_0024,17,我不会，王老师说我缺根弦,-0.2,-0.6,-0.6,0.2,Negative,train,24_17,True,True,True,12,True
video_0024,18,你是这个地球上最聪明的孩子。,1.0,1.0,1.0,1.0,Positive,train,24_18,True,True,True,14,True
video_0024,19,你是什么洗脑组织吗？,-1.0,-0.8,-1.0,-1.0,Negative,train,24_19,True,True,True,10,True
video_0024,20,干什么,-1.0,0.0,-1.0,-1.0,Negative,valid,24_20,True,True,True,3,True
video_0024,21,还我地球仪,-1.0,-0.4,-1.0,-1.0,Negative,train,24_21,True,True,True,5,True
video_0024,22,那是我爸爸给我的,-1.0,0.2,-1.0,-1.0,Negative,test,24_22,True,True,True,8,True
video_0024,23,妈妈跟孟叔叔带你去个新地方。,0.0,0.6,0.4,-0.2,Neutral,train,24_23,True,True,True,14,True
video_0024,24,什么地方？,0.0,0.0,0.0,-0.2,Neutral,test,24_24,True,True,True,5,True
video_0024,25,一个能让你脱胎换骨的地方,0.2,0.8,0.6,0.6,Positive,test,24_25,True,True,True,12,True
video_0024,26,就得指着天上随便有一个星星来忽悠她。,0.0,-0.6,-0.4,-0.2,Neutral,valid,24_26,True,True,True,18,True
video_0024,27,不好意思，我就是来找我儿子的。,-0.4,-0.4,0.0,-0.4,Negative,test,24_27,True,True,True,15,True
video_0024,28,你是提前了，还是越狱了,-0.4,-0.4,-0.6,-0.4,Negative,train,24_28,True,True,True,11,True
video_0024,29,哦，我是昨晚跑出来的,-0.2,0.0,-0.2,-0.2,Negative,test,24_29,True,True,True,10,True
video_0024,30,来了，怎么没喝点东西呢？,0.0,-0.2,0.2,0.2,Neutral,train,24_30,True,True,True,12,True
video_0024,31,老马，平时在里边儿都爱喝啥啊,0.4,0.0,0.4,1.0,Positive,test,24_31,True,True,True,14,True
video_0024,32,管教会奖励喝一袋板蓝根。,0.0,0.2,0.4,0.8,Neutral,train,24_32,True,True,True,12,True
video_0024,33,进云，说了每三个月带儿子看了一下，一次没去过。,-1.0,-0.2,-1.0,-1.0,Negative,train,24_33,True,True,True,23,True
video_0024,34,寄宿学校怎么了？我觉得寄宿学校非常好。,0.0,0.6,-0.2,-0.8,Neutral,train,24_34,True,True,True,19,True
video_0024,35,不管多忙，我都坚持两头跑，我容易吗，我为谁呀？,-1.0,-1.0,-1.0,-1.0,Negative,test,24_35,True,True,True,23,True
video_0024,36,都笑傲江湖了，怎么还这么没种啊？,-0.2,-1.0,-0.4,1.0,Negative,train,24_36,True,True,True,16,True
video_0024,37,又是你。,-1.0,-0.4,-1.0,-1.0,Negative,test,24_37,True,True,True,4,True
video_0024,38,孔夫子尚且说有教无类。,-0.6,0.6,-0.2,-1.0,Negative,train,24_38,True,True,True,11,True
video_0024,39,而你们只在乎升学率，那些落后的孩子呢？,-1.0,-1.0,-1.0,-1.0,Negative,train,24_39,True,True,True,19,True
video_0024,40,而是快速地抛弃他们，为人师的有何博喻可谈,-1.0,-1.0,-1.0,-1.0,Negative,valid,24_40,True,True,True,20,True
video_0024,41,说的太好了。,1.0,1.0,1.0,1.0,Positive,train,24_41,True,True,True,6,True
video_0024,42,你搅和什么呀，马皓文,-1.0,-1.0,-1.0,-1.0,Negative,train,24_42,True,True,True,10,True
video_0024,43,我这都差点给人跪下了，你要干嘛呀？,-1.0,-1.0,-1.0,-1.0,Negative,train,24_43,True,True,True,17,True
video_0024,44,学校处罚学生不用经过班主任同意，呵呵,1.0,-0.8,-0.2,1.0,Positive,train,24_44,True,True,True,18,True
video_0024,45,从今天起，他从寄宿改成走读。,-0.4,0.0,-0.6,-0.8,Negative,valid,24_45,True,True,True,14,True
video_0024,46,初一结束，马飞的名次考到多少？学校不会开除他,-0.8,0.0,-0.2,-1.0,Negative,train,24_46,True,True,True,22,True
video_0024,47,好，就按你说的，班级前十名。,1.0,0.4,0.0,1.0,Positive,train,24_47,True,True,True,14,True
video_0024,48,他会是这个学校最出色的孩子。,0.6,1.0,0.8,-0.6,Positive,test,24_48,True,True,True,14,True
video_0024,49,总有一天你会把它挂在墙上。,0.2,0.6,0.4,-1.0,Positive,train,24_49,True,True,True,13,True
video_0024,50,年纪前十应该什么来着,-1.0,0.0,-0.4,-1.0,Negative,valid,24_50,True,True,True,10,True
video_0024,51,我是她妈，我为她好。,-0.6,0.6,-0.6,-1.0,Negative,valid,24_51,True,True,True,10,True
video_0024,52,再没有比我是为她好，更恐怖的借口,-0.6,-0.8,-0.8,-1.0,Negative,test,24_52,True,True,True,16,True
video_0024,53,出事了，出大事。,-1.0,-1.0,-1.0,-1.0,Negative,train,24_53,True,True,True,8,True
video_0024,54,倒是也行，你是法人，你看着办。,-0.6,0.0,-0.4,-1.0,Negative,test,24_54,True,True,True,15,True
video_0024,55,你看你的酸萝卜样,-1.0,-1.0,-1.0,-1.0,Negative,train,24_55,True,True,True,8,True
video_0024,56,没事没事儿，我没事儿，你走你的。,-0.4,0.4,-0.4,-1.0,Negative,valid,24_56,True,True,True,16,True
video_0024,57,以前不都五毛一碗吗？,-0.2,0.0,0.0,-0.8,Negative,train,24_57,True,True,True,10,True
video_0024,58,那得多以前啊,-0.2,-0.8,-0.4,0.0,Negative,valid,24_58,True,True,True,6,True
video_0024,59,换成那个橘子汽水。,0.0,-0.2,0.0,0.0,Neutral,train,24_59,True,True,True,9,True
video_0024,60,多放香菜，多放辣椒，多放蒜苗,0.0,0.0,0.0,0.0,Neutral,train,24_60,True,True,True,14,True
video_0024,61,可不可以直接来四碗,-0.2,0.0,-0.4,-0.2,Negative,train,24_61,True,True,True,9,True
video_0024,62,我给你重新打印的，您看我的简历行吗？,0.6,0.4,0.6,0.6,Positive,test,24_62,True,True,True,18,True
video_0024,63,我特别崇拜你。,1.0,0.8,1.0,1.0,Positive,train,24_63,True,True,True,7,True
video_0024,64,我毕业那年去设计院，您亲自面试的我。,0.6,0.6,0.8,1.0,Positive,valid,24_64,True,True,True,18,True
video_0024,65,然后那个我成绩不好，您没看上我,-0.2,-0.4,0.4,1.0,Negative,train,24_65,True,True,True,15,True
video_0024,66,叫我总算出了这口恶气。,-1.0,-1.0,-1.0,-1.0,Negative,train,24_66,True,True,True,11,True
video_0024,67,你到底收了多少黑心钱,-1.0,-1.0,-1.0,-1.0,Negative,train,24_67,True,True,True,10,True
video_0024,68,但爸爸相信你不是,0.4,1.0,0.0,-0.8,Positive,valid,24_68,True,True,True,8,True
video_0024,69,他爸爸这个人不会塌，儿子，相信爸爸。,0.6,1.0,0.8,0.2,Positive,valid,24_69,True,True,True,18,True
video_0024,70,给我500块，两分钟帮你搞定。,0.6,0.8,0.6,0.8,Positive,train,24_70,True,True,True,15,True
video_0024,71,你两分钟就能搞定啊，赶紧给我滚蛋。,-1.0,-1.0,-1.0,-1.0,Negative,train,24_71,True,True,True,17,True
video_0024,72,最好咱们还是别让邻居们发现。,-0.4,-0.4,-0.6,-0.2,Negative,valid,24_72,True,True,True,14,True
video_0024,73,要不是闫主任给我打电话我都不知道，你干嘛呢在？,-1.0,-0.8,-1.0,-1.0,Negative,train,24_73,True,True,True,23,True
video_0024,74,你就非得把你脑子那些东西弄给他，你弄给他干嘛呢？,-1.0,-1.0,-1.0,-1.0,Negative,train,24_74,True,True,True,24,True
video_0024,75,你不知道我在外边哼哧哼哧干活挣钱遭多少罪吧。,-1.0,-1.0,-1.0,-1.0,Negative,test,24_75,True,True,True,22,True
video_0024,76,马皓文他将来被社会淘汰了，咱怎么办呀？,-1.0,-1.0,-1.0,-1.0,Negative,train,24_76,True,True,True,19,True
video_0024,77,你是人吗，怎么办呀，你告诉我，你不是会说吗，你回答我呀。,-1.0,-1.0,-1.0,-1.0,Negative,train,24_77,True,True,True,28,True
video_0024,78,你居然让他在家玩电脑。,-1.0,-1.0,-0.8,-1.0,Negative,train,24_78,True,True,True,11,True
video_0024,79,他们眼中那种厌倦，我们真的看不见吗？,-0.6,-1.0,-0.8,-1.0,Negative,test,24_79,True,True,True,18,True
video_0024,80,如果你不介意，以后我可以帮马飞改善伙食。,1.0,0.8,0.8,1.0,Positive,valid,24_80,True,True,True,20,True
video_0024,81,知识的营养重要，可身体的营养更重要。,0.6,0.4,0.6,1.0,Positive,train,24_81,True,True,True,18,True
video_0024,82,我觉得最重要的是这孩子眼里有光了,1.0,0.8,1.0,1.0,Positive,test,24_82,True,True,True,16,True
video_0024,83,小高老师，我必须要提醒你注意自己的立场,-1.0,-0.4,-1.0,-1.0,Negative,train,24_83,True,True,True,19,True
video_0024,84,你不相信爸爸吗，别回头，走，走,-0.4,-0.6,-0.6,-0.8,Negative,train,24_84,True,True,True,15,True
video_0024,85,小高老师被记过处分了。,-0.6,-1.0,-1.0,-1.0,Negative,valid,24_85,True,True,True,11,True
video_0024,86,如果差一分，我也会被开除的。,-1.0,-0.8,-1.0,-1.0,Negative,valid,24_86,True,True,True,14,True
video_0024,87,爸爸，我不是不努力，可我真的不想上学了。,-1.0,-0.8,-1.0,-1.0,Negative,train,24_87,True,True,True,20,True
video_0024,88,太难了，爸爸，我还是去卖煎饼吧，太难了,-1.0,-1.0,-1.0,-1.0,Negative,train,24_88,True,True,True,19,True
video_0024,89,我不会认输的。,-1.0,0.8,-0.6,-1.0,Negative,train,24_89,True,True,True,7,True
video_0024,90,爸，只让带一样东西，我带上了它。,0.2,0.0,0.4,0.6,Positive,valid,24_90,True,True,True,16,True
video_0024,91,就像那次考试前我做的一切一样，我尽力了,-0.6,0.4,0.0,-0.8,Negative,test,24_91,True,True,True,19,True
video_0024,92,我真的跑了几十趟了。,-1.0,-0.2,-0.6,-1.0,Negative,train,24_92,True,True,True,10,True
video_0024,93,你把我当球踢呢,-1.0,-1.0,-0.6,-1.0,Negative,train,24_93,True,True,True,7,True
video_0024,94,什么乱七八糟的。,-1.0,-1.0,-1.0,-1.0,Negative,test,24_94,True,True,True,8,True
video_0024,95,对不起儿子。,-0.6,-1.0,-0.8,-0.6,Negative,train,24_95,True,True,True,6,True
video_0024,96,所以爸爸也会犯错误,-0.6,-1.0,-0.8,-1.0,Negative,train,24_96,True,True,True,9,True
video_0024,97,马上就要期末考试了，你不是还跟阎主任打赌要年级前十吗,-1.0,0.2,-1.0,-1.0,Negative,train,24_97,True,True,True,26,True
video_0024,98,这不是他一生中最重要的时刻，绝对。,-0.4,0.2,-0.8,-1.0,Negative,train,24_98,True,True,True,17,True
video_0024,99,他一生中最重要的时刻应该是均匀的散布在他的每一天，每一分每一秒。,0.2,0.6,0.4,-0.2,Positive,train,24_99,True,True,True,32,True
video_0024,100,请相信一个爸爸对儿子的爱。,1.0,0.8,0.8,1.0,Positive,test,24_100,True,True,True,13,True
video_0024,101,谁能告诉我马飞去哪儿了？,-1.0,-0.2,-1.0,-1.0,Negative,test,24_101,True,True,True,12,True
video_0024,102,就是在我们路过的时候，旁边的农田已经全部被冲垮掉了,-0.4,-0.6,-0.8,-0.8,Negative,train,24_102,True,True,True,25,True
video_0024,103,马飞,-1.0,0.0,-1.0,-1.0,Negative,valid,24_103,True,True,True,2,True
video_0024,104,隔热瓦损坏的前提下，我们唯一的办法就是采取升力式返回,0.0,0.0,-0.4,0.0,Neutral,train,24_104,True,True,True,26,True
video_0024,105,马飞同学确实是进步巨大,1.0,1.0,1.0,1.0,Positive,train,24_105,True,True,True,11,True
video_0024,106,念下这篇作文，可以吗？,0.2,-0.2,0.4,0.6,Positive,valid,24_106,True,True,True,11,True
video_0024,107,孩儿想申请科研经费，率先打造宇宙飞船。,0.0,0.4,0.6,0.6,Neutral,valid,24_107,True,True,True,19,True
video_0024,108,63年考的师范，我是光着脚走进学校的,0.0,-0.2,-0.2,0.0,Neutral,valid,24_108,True,True,True,18,True
video_0024,109,您说的我完全理解。,0.0,0.6,0.6,0.0,Neutral,train,24_109,True,True,True,9,True
video_0024,110,但是，在他们未来一生当中碰到哪个问题的时候会自动地跳出这四个选项？,0.0,-0.2,0.4,0.0,Neutral,test,24_110,True,True,True,33,True
video_0024,111,这篇作文打零分，那是毫无问题的。,0.0,-0.4,0.0,0.0,Neutral,train,24_111,True,True,True,16,True
video_0024,112,这些参与者都是刚刚参加完高考，考了高分的学生吗,-0.2,0.4,0.2,0.4,Negative,train,24_112,True,True,True,23,True
video_0024,113,你可不可以放弃报考飞行员？,-0.6,-0.8,-0.6,0.6,Negative,test,24_113,True,True,True,13,True
video_0024,114,只要他肯配合的话，爸爸这个案子就可以翻过了。,0.6,0.2,1.0,0.2,Positive,train,24_114,True,True,True,22,True
video_0024,115,把自己的桥修好，在我看来，是世界上最大的事。,-0.6,0.8,0.2,-0.8,Negative,valid,24_115,True,True,True,22,True
video_0024,116,爸，对不起。,-1.0,-1.0,-0.6,-0.6,Negative,train,24_116,True,True,True,6,True
video_0025,1,很多人在上面上传真实案件供大家探讨，许多国家地区的破案率，因为这软件大大提升。,0.0,0.2,0.4,-0.4,Neutral,train,25_1,True,True,True,39,True
video_0025,2,你居然排第二，全河南？,0.6,0.8,0.6,1.0,Positive,train,25_2,True,True,True,11,True
video_0025,3,那我可以第几呢,0.6,0.0,0.4,1.0,Positive,test,25_3,True,True,True,7,True
video_0025,4,没有我加入这比赛,-1.0,-0.2,-0.8,-1.0,Negative,train,25_4,True,True,True,8,True
video_0025,5,居然还敢称之为排行榜,-1.0,-1.0,-1.0,-1.0,Negative,train,25_5,True,True,True,10,True
video_0025,6,你怀疑我的智商。,-1.0,-1.0,-1.0,-1.0,Negative,train,25_6,True,True,True,8,True
video_0025,7,变态，玩这种游戏的全是变态。,-1.0,-1.0,-1.0,-1.0,Negative,train,25_7,True,True,True,14,True
video_0025,8,那个人是谁,-0.4,0.0,-0.2,-0.2,Negative,valid,25_8,True,True,True,5,True
video_0025,9,这根本就没有结婚的氛围。,-0.6,-0.8,-1.0,-0.2,Negative,valid,25_9,True,True,True,12,True
video_0025,10,我们在这里一个打十个。,-1.0,0.6,0.6,-1.0,Negative,train,25_10,True,True,True,11,True
video_0025,11,那个应该就是一直和我争夺第二的日本侦探,-0.2,0.0,-0.2,0.4,Negative,train,25_11,True,True,True,19,True
video_0025,12,我就知道骗不了你了。,0.6,-0.2,0.2,1.0,Positive,test,25_12,True,True,True,10,True
video_0025,13,我最讨厌别人骗我,-1.0,-1.0,-0.8,-0.4,Negative,test,25_13,True,True,True,8,True
video_0025,14,没我帅，没我瘦，没我有气质，一脸的花心样，穿的又那么土，可他就是比我有钱。,-1.0,-0.4,-1.0,-1.0,Negative,test,25_14,True,True,True,37,True
video_0025,15,跟我有什么关系啊？,-1.0,-1.0,-1.0,-1.0,Negative,train,25_15,True,True,True,9,True
video_0025,16,五百万美刀啊，七叔的心愿了了，案子一破，你250我250了。,0.6,0.8,0.6,-1.0,Positive,train,25_16,True,True,True,30,True
video_0025,17,我愿意奉上我毕生精血,-1.0,-0.6,-1.0,-1.0,Negative,test,25_17,True,True,True,10,True
video_0025,18,你不要瞧不起他们哦，为了把各路大神聚集，我是费了大力气的。,0.2,0.8,0.6,1.0,Positive,test,25_18,True,True,True,29,True
video_0025,19,你会说中文。,-0.2,0.0,-0.4,-0.6,Negative,train,25_19,True,True,True,6,True
video_0025,20,哈哈，我就说他是个串儿吧,1.0,0.6,1.0,1.0,Positive,valid,25_20,True,True,True,12,True
video_0025,21,所以最后见到死者的时候,0.0,0.0,0.0,0.0,Neutral,test,25_21,True,True,True,11,True
video_0025,22,那么久，他就接着睡了一觉吗,0.2,0.0,-0.6,-0.4,Positive,train,25_22,True,True,True,13,True
video_0025,23,独身，有稳定收入来源，受过一定教育，正当职业，外表不一定具备强大的攻击性。,0.0,0.2,0.0,-0.6,Neutral,test,25_23,True,True,True,37,True
video_0025,24,如果不马上抓到凶手，他很快会再次犯案,-0.2,-0.6,-0.8,0.0,Negative,train,25_24,True,True,True,18,True
video_0025,25,老秦加油。,0.6,1.0,0.6,-0.6,Positive,train,25_25,True,True,True,5,True
video_0025,26,我包你三日之内必有血光之灾。,-1.0,-1.0,-1.0,-1.0,Negative,train,25_26,True,True,True,14,True
video_0025,27,你还给我看面相，我给人家算命的时候你还没来大姨妈呢,-1.0,-1.0,-1.0,-1.0,Negative,valid,25_27,True,True,True,25,True
video_0025,28,我只关心他为什么杀人？,0.0,0.0,0.0,0.0,Neutral,train,25_28,True,True,True,11,True
video_0025,29,我感觉他就是个坏人,-1.0,-0.8,-1.0,-1.0,Negative,valid,25_29,True,True,True,9,True
video_0025,30,然后追上去弄死他,-1.0,-1.0,-1.0,-1.0,Negative,valid,25_30,True,True,True,8,True
video_0025,31,这个小脑壳还是很聪明的嘛。,1.0,1.0,1.0,1.0,Positive,train,25_31,True,True,True,13,True
video_0025,32,哈哈哈哈，我这么一笑是不是有点像坏人呢,1.0,-0.2,1.0,1.0,Positive,valid,25_32,True,True,True,19,True
video_0025,33,对对对大哥，你不笑的时候更像,1.0,1.0,1.0,1.0,Positive,test,25_33,True,True,True,14,True
video_0025,34,确定是为了正义。,-0.4,0.6,0.2,-0.6,Negative,train,25_34,True,True,True,8,True
video_0025,35,给老子打死他。,-1.0,-1.0,-1.0,-0.6,Negative,train,25_35,True,True,True,7,True
video_0025,36,你们还有没有人性了，我们都已经这样了，你们还抢劫,-0.6,-1.0,-1.0,-1.0,Negative,train,25_36,True,True,True,24,True
video_0025,37,我警告你不要抢我台词哦。,-1.0,-1.0,-0.2,-1.0,Negative,train,25_37,True,True,True,12,True
video_0025,38,资料说这里不是第一现场，应该是河水把尸体冲到这儿了。,0.0,0.2,-0.2,0.0,Neutral,valid,25_38,True,True,True,26,True
video_0025,39,快通知你的神警团，别让他们落后太多。,-0.2,-0.4,-0.2,-0.4,Negative,train,25_39,True,True,True,18,True
video_0025,40,哎呀，好清秀的姑娘，你叫什么名字？,1.0,1.0,1.0,1.0,Positive,train,25_40,True,True,True,17,True
video_0025,41,那大师，您能帮我看看这个图，它是什么意思吗？,1.0,0.0,0.8,1.0,Positive,valid,25_41,True,True,True,22,True
video_0025,42,也许这一页就是整个案件的核心,-0.2,0.0,-0.2,-0.2,Negative,train,25_42,True,True,True,14,True
video_0025,43,我们也被通缉了,-0.6,-0.6,-0.8,-0.2,Negative,train,25_43,True,True,True,7,True
video_0025,44,你现在还有时间谈恋爱,-1.0,-0.8,-1.0,-1.0,Negative,train,25_44,True,True,True,10,True
video_0025,45,你们抓错人了，他不是凶手,-0.4,0.6,-0.8,-1.0,Negative,train,25_45,True,True,True,12,True
video_0025,46,如果我能把他引出来，500万你能分我多少啊？,-0.4,0.0,0.2,-0.8,Negative,train,25_46,True,True,True,22,True
video_0025,47,这个杀手思维缜密，现场没有任何多余痕迹，绝不会是随机杀人。,-0.2,0.2,-0.4,0.0,Negative,train,25_47,True,True,True,29,True
video_0025,48,凶手是把纽约市当成了自己的法坛,-0.6,-0.4,-1.0,-0.8,Negative,valid,25_48,True,True,True,15,True
video_0025,49,你们还是想想怎么保住这个人吧？光靠你们聊着俩的证词不足以为他开罪,-1.0,-0.8,-0.8,-1.0,Negative,train,25_49,True,True,True,32,True
video_0025,50,我总觉得有什么重要的细节被我给忽略了。,-0.4,-0.2,-0.4,-0.2,Negative,train,25_50,True,True,True,19,True
video_0025,51,福尔摩斯说过，世上没有真正完美的犯罪，其实真相一直就在我们眼前只不过还没有被发现,-0.2,0.0,-0.2,-0.2,Negative,train,25_51,True,True,True,40,True
video_0025,52,我们一直都在受中国祭祀影响，可谁说杀人者一定是中国人,-0.6,0.0,-0.6,-0.8,Negative,train,25_52,True,True,True,26,True
video_0025,53,唐仁遇到麻烦了。,0.0,-1.0,-0.2,0.6,Neutral,test,25_53,True,True,True,8,True
video_0025,54,不是做神就是做兽，却忘了怎么做个人,-1.0,-0.8,-1.0,-0.8,Negative,train,25_54,True,True,True,17,True
video_0025,55,先听好消息啦,1.0,0.8,0.8,1.0,Positive,valid,25_55,True,True,True,6,True
video_0026,1,我告诉你，我是程小鹏亲爹，你别想把他带到国外去,-1.0,-1.0,-1.0,-1.0,Negative,train,26_1,True,True,True,23,True
video_0026,2,亲爹，你算什么亲爹啊。你尽过当爹的责任吗？,-1.0,-1.0,-1.0,0.2,Negative,valid,26_2,True,True,True,21,True
video_0026,3,在中国有很多病人，他们根本就吃不起正版药，他们就等着我把药带回去救他们的命,-0.4,-0.6,-0.8,-0.4,Negative,test,26_3,True,True,True,37,True
video_0026,4,你自己也是病人，你知道正版要什么价钱，你光让他们信上帝，他们能有药吃吗？,-1.0,-1.0,-1.0,-1.0,Negative,train,26_4,True,True,True,36,True
video_0026,5,不是说你们讹人，我们的药确实没出过问题。,0.2,0.2,-0.2,0.0,Positive,train,26_5,True,True,True,20,True
video_0026,6,我都不知道你在说些什么，你走不走，不走我报警了。,-0.4,-0.6,-1.0,-0.4,Negative,train,26_6,True,True,True,24,True
video_0026,7,推给他又怎么样？药又没断，就价钱贵一点啊，那比四万块钱便宜啊！,-1.0,-0.6,-0.6,-1.0,Negative,train,26_7,True,True,True,31,True
video_0026,8,我是个卖神油的，我管得了那么多人吗？,-1.0,-1.0,-1.0,-1.0,Negative,train,26_8,True,True,True,18,True
video_0026,9,我上有老下有小，我被抓进去他们怎么办？,-1.0,-0.6,-1.0,-1.0,Negative,test,26_9,True,True,True,19,True
video_0026,10,滚,-1.0,-1.0,-0.8,-1.0,Negative,test,26_10,True,True,True,1,True
video_0026,11,他不太好，勇哥，你还能搞到印度药吗？,-1.0,-0.6,-1.0,-1.0,Negative,valid,26_11,True,True,True,18,True
video_0026,12,就是硬上骨髓移植，但是成功率很低。,-0.4,-0.6,-0.8,-0.2,Negative,test,26_12,True,True,True,17,True
video_0026,13,但是我只能保证以前的病人有药吃，大家不要声张，体谅一下，我不想坐牢。,-0.8,-0.8,-0.4,-0.2,Negative,train,26_13,True,True,True,34,True
video_0026,14,房子吃没了，家人被我吃垮了,-1.0,-1.0,-1.0,-1.0,Negative,valid,26_14,True,True,True,13,True
video_0026,15,你就能保证你这一辈子不生病吗,-1.0,-0.8,-1.0,-1.0,Negative,test,26_15,True,True,True,14,True
video_0026,16,我们作为执法者，就应该站在法律这一边,-0.6,0.0,-0.4,-0.6,Negative,train,26_16,True,True,True,18,True
video_0026,17,我这两年救的白血病人没有1000有500吧，这也算积德行善了吧？,-0.6,-0.6,-0.4,-1.0,Negative,train,26_17,True,True,True,32,True
video_0026,18,你怀疑我卖假药啊，开玩笑吧，警官,-0.6,-0.4,0.0,-0.4,Negative,test,26_18,True,True,True,16,True
video_0026,19,你看我这厂子办得好好的，每个月光纯利就几十万，我碰那玩意干嘛,0.0,0.6,0.4,0.6,Neutral,train,26_19,True,True,True,30,True
video_0026,20,是吗？挺好，为民除害。,0.4,0.8,0.8,-0.2,Positive,test,26_20,True,True,True,11,True
video_0026,21,你说话啊，他有什么罪,-1.0,-1.0,-1.0,-1.0,Negative,train,26_21,True,True,True,10,True
video_0026,22,所有的处分我都能接受，这案子我真的办不了了,-0.6,-0.6,-1.0,-0.8,Negative,train,26_22,True,True,True,21,True
video_0026,23,不许哭，男子汉,0.0,0.6,-0.4,0.8,Neutral,train,26_23,True,True,True,7,True
video_0026,24,他们吃不起进口的天价药，他们就只能等死啊,-1.0,-0.8,-0.4,-0.6,Negative,valid,26_24,True,True,True,20,True
video_0026,25,跟小澍说，他爸爸不是坏人。,-0.2,0.6,-0.2,-0.6,Negative,train,26_25,True,True,True,13,True
video_0027,1,要不福贵少爷你给露两声，让他们开开眼,0.8,0.6,0.8,1.0,Positive,train,27_1,True,True,True,18,True
video_0027,2,爹，爷爷又来骂你了。,0.6,-0.8,-0.2,1.0,Positive,valid,27_2,True,True,True,10,True
video_0027,3,你能不能听我一次，别再去赌了,-1.0,-0.8,-1.0,-0.8,Negative,test,27_3,True,True,True,14,True
video_0027,4,我什么都不图，就图跟你过个安生日子,-1.0,-0.2,-1.0,-0.8,Negative,train,27_4,True,True,True,17,True
video_0027,5,我是刚，来来来来,-1.0,0.6,-1.0,-1.0,Negative,train,27_5,True,True,True,8,True
video_0027,6,你也改不了，我也不想跟你过了,-1.0,-1.0,-1.0,-0.8,Negative,train,27_6,True,True,True,14,True
video_0027,7,这回我要能生了儿子，长大了不能像你这样。,-1.0,-0.8,-1.0,-1.0,Negative,train,27_7,True,True,True,20,True
video_0027,8,要不你先搬着啊，老太太我给你照顾两天，等你安顿好了再接过去。,0.0,0.6,0.4,0.0,Neutral,test,27_8,True,True,True,30,True
video_0027,9,我跟富贵说笑话呢，叫个有庆。,1.0,0.4,0.8,1.0,Positive,train,27_9,True,True,True,14,True
video_0027,10,想来借点钱在镇上开个小铺。,0.0,-0.4,0.4,0.0,Neutral,valid,27_10,True,True,True,13,True
video_0027,11,别说你们想跑，我要是不为找我兄弟啊，早就不穿这身装皮了我？,-1.0,-0.6,-0.8,-1.0,Negative,train,27_11,True,True,True,29,True
video_0027,12,要水的人多，多送几趟能多挣点钱,-0.4,0.0,-0.6,-0.2,Negative,train,27_12,True,True,True,15,True
video_0027,13,唉，还不是因为你家那样房啊，给龙二定了个地主。,-0.4,-0.8,-0.4,-0.4,Negative,train,27_13,True,True,True,23,True
video_0027,14,珍珍啊，这炼钢工地上，唱不唱戏啊？,0.6,0.4,0.8,0.6,Positive,valid,27_14,True,True,True,17,True
video_0027,15,我见人家钢铁阵地上都是学生队洋鼓洋号的，咱们就用唱皮影给大家鼓劲，别拆了，给他们留着吧,1.0,0.6,1.0,1.0,Positive,test,27_15,True,True,True,43,True
video_0027,16,嗯，孩子打架别把大人扯进去，我跟家珍都不知道。,0.0,-0.4,-0.6,0.4,Neutral,train,27_16,True,True,True,23,True
video_0027,17,谁知道你们知道不知道啊,-1.0,-0.8,-1.0,-1.0,Negative,test,27_17,True,True,True,11,True
video_0027,18,他说破坏就破坏了，它是政府啊，你看你，拉都拉不住。,-1.0,-0.8,-1.0,-1.0,Negative,train,27_18,True,True,True,25,True
video_0027,19,我让他去道歉，我为什么不去，我就打他这不听话给我惹事。,-1.0,-1.0,-1.0,-1.0,Negative,train,27_19,True,True,True,27,True
video_0027,20,打，他再给我惹事我还打,-1.0,-1.0,-1.0,-1.0,Negative,train,27_20,True,True,True,11,True
video_0027,21,日子过的是好是坏，我说过什么没有,-1.0,-0.8,-1.0,-1.0,Negative,valid,27_21,True,True,True,16,True
video_0027,22,可怜凤霞给人欺负了都说不出来,-1.0,-1.0,-0.8,-1.0,Negative,train,27_22,True,True,True,14,True
video_0027,23,这回娘也给你煮了新的饺子，还是20个。,-1.0,0.4,-0.2,-1.0,Negative,test,27_23,True,True,True,19,True
video_0027,24,怎么会是你的儿子呢,-1.0,-0.2,-1.0,-0.8,Negative,valid,27_24,True,True,True,9,True
video_0027,25,你知道我就一个儿子，还让你给撞死了。,-1.0,-1.0,-1.0,-1.0,Negative,train,27_25,True,True,True,18,True
video_0027,26,你看还能为有庆做点什么吗,-0.8,0.4,-1.0,-0.6,Negative,test,27_26,True,True,True,12,True
video_0027,27,你记住，你欠我们家一条命，有庆是你害死的，你欠我们家一条命你记着,-1.0,-1.0,-1.0,-1.0,Negative,train,27_27,True,True,True,32,True
video_0027,28,他爷爷他爹和他，三代都是工人,0.6,0.0,0.4,1.0,Positive,test,27_28,True,True,True,14,True
video_0027,29,我带厂里几位同志把屋里屋外都收拾了一下,0.6,0.0,0.4,0.8,Positive,valid,27_29,True,True,True,19,True
video_0027,30,今天是万二喜同志和席凤霞同志结婚大喜的幸福日子,1.0,0.8,0.8,1.0,Positive,train,27_30,True,True,True,23,True
video_0027,31,我把凤霞家走了，我会好好带她一辈子,1.0,0.8,0.8,1.0,Positive,test,27_31,True,True,True,17,True
video_0027,32,福贵，嫂子，凤霞今天结婚，我来祝贺祝贺。,1.0,1.0,1.0,1.0,Positive,train,27_32,True,True,True,20,True
video_0027,33,你待会儿也过去坐坐啊，别像前几回那样儿不理人家。,-0.2,-0.2,-0.4,-0.4,Negative,train,27_33,True,True,True,24,True
video_0027,34,这事儿总得过去吧,-0.6,0.0,-0.4,-0.4,Negative,train,27_34,True,True,True,8,True
video_0027,35,爹娘，凤霞有了。,1.0,0.8,0.8,1.0,Positive,test,27_35,True,True,True,8,True
video_0027,36,今天刚刚到医院检查了，大夫说秋天生。,1.0,0.0,0.6,1.0,Positive,test,27_36,True,True,True,18,True
video_0027,37,等凤霞的孩子长大了时代就更好了,0.8,0.8,0.6,1.0,Positive,valid,27_37,True,True,True,15,True
video_0027,38,二喜啊，等孩子生下来，每年都给他照一回。,1.0,0.4,0.8,1.0,Positive,train,27_38,True,True,True,20,True
video_0027,39,镇长，您把心放宽，多保重。,0.8,0.8,0.6,1.0,Positive,test,27_39,True,True,True,13,True
video_0027,40,回头凤翔出院了，一块来看你啊！,1.0,0.8,1.0,1.0,Positive,train,27_40,True,True,True,15,True
video_0027,41,今天我们把他揪来，就是要用铁的事实来教育他,-0.6,-0.8,-0.4,-0.6,Negative,train,27_41,True,True,True,21,True
video_0027,42,你甭在乎行不行，把他给叫来,-1.0,-0.4,-1.0,-1.0,Negative,train,27_42,True,True,True,13,True
video_0027,43,大夫求求你大夫，坚持一会就好了凤霞,-1.0,-0.6,-1.0,-1.0,Negative,train,27_43,True,True,True,17,True
video_0027,44,大夫求求你，我就这一个女儿了,-1.0,-0.8,-1.0,-1.0,Negative,train,27_44,True,True,True,14,True
video_0027,45,姥爷，你又把车放歪了,1.0,-0.2,1.0,1.0,Positive,train,27_45,True,True,True,10,True
video_0027,46,今天我都送了十壶水了,1.0,0.0,0.6,1.0,Positive,train,27_46,True,True,True,10,True
video_0027,47,哎呦，馒头越来越能干了，都能送十壶水了。,1.0,1.0,1.0,1.0,Positive,valid,27_47,True,True,True,20,True
video_0027,48,这么一大堆你说他能不出事吗,-0.6,-0.8,-0.4,-0.8,Negative,valid,27_48,True,True,True,13,True
video_0027,49,姥爷，小弟什么时候长大呀？,1.0,0.0,0.8,1.0,Positive,train,27_49,True,True,True,13,True
video_0028,1,你找了谁来负责调查组？,0.0,0.0,0.0,0.0,Neutral,valid,28_1,True,True,True,11,True
video_0028,2,我想找高刚。,0.0,0.0,0.0,0.0,Neutral,test,28_2,True,True,True,6,True
video_0028,3,破这个案子就要他那股子倔劲。,0.4,0.6,0.8,0.0,Positive,train,28_3,True,True,True,14,True
video_0028,4,这次的血雨腥风，手段如此残忍。,-1.0,-1.0,-0.8,-1.0,Negative,test,28_4,True,True,True,15,True
video_0028,5,但是要记住，不管成不成功，行动时间只有15分钟。,-0.2,0.0,0.0,0.0,Negative,valid,28_5,True,True,True,24,True
video_0028,6,你都得给我出来，你来这里就得配合我。,-1.0,0.2,-1.0,-1.0,Negative,valid,28_6,True,True,True,18,True
video_0028,7,救岩多帕就只有这一次机会，我必须这么做。,-1.0,0.6,-1.0,-1.0,Negative,train,28_7,True,True,True,20,True
video_0028,8,你是提供情报的，具体实施的是我。,-1.0,0.0,-1.0,-1.0,Negative,train,28_8,True,True,True,16,True
video_0028,9,如果你跟我还要在继续合作下去，你就是按照我的方法。,-1.0,-0.2,-0.6,-1.0,Negative,valid,28_9,True,True,True,25,True
video_0028,10,过来保护他，其他我会搞定。,-0.4,0.6,-0.2,-0.6,Negative,train,28_10,True,True,True,13,True
video_0028,11,跟块木头一样，我们给他起一外号叫木星。,0.2,-0.4,0.2,-0.6,Positive,train,28_11,True,True,True,19,True
video_0028,12,谢文峰，大家都叫我哪吒,0.0,0.0,0.4,0.6,Neutral,valid,28_12,True,True,True,11,True
video_0028,13,交代了接头的中介人是谁吗？,0.0,0.0,0.0,0.0,Neutral,train,28_13,True,True,True,13,True
video_0028,14,在金三角，诺卡只有两个代理人,-0.2,0.0,0.0,-0.4,Negative,valid,28_14,True,True,True,14,True
video_0028,15,我当然是嗅到钱老大你的钱味了。,0.6,0.6,0.4,1.0,Positive,train,28_15,True,True,True,15,True
video_0028,16,当初你选择来这里当情报员，我不是没有担心,-0.4,-0.6,-0.4,-0.4,Negative,test,28_16,True,True,True,20,True
video_0028,17,你刚到这工作的时候也不太适应吧,-0.2,-0.2,-0.2,0.0,Negative,valid,28_17,True,True,True,15,True
video_0028,18,没有什么比直接打击毒贩更让我兴奋。,0.4,0.8,0.2,0.0,Positive,valid,28_18,True,True,True,17,True
video_0028,19,我上一次见到你我就觉得你很眼熟。,-0.2,0.2,0.4,1.0,Negative,test,28_19,True,True,True,16,True
video_0028,20,你做我独家代理没问题，但是你想入股我的生意，你有这个能力吗？,-0.6,-1.0,-0.8,-0.4,Negative,train,28_20,True,True,True,30,True
video_0028,21,好吧好吧，说说吧，你们打算怎么干,0.0,0.0,0.4,-0.2,Neutral,train,28_21,True,True,True,16,True
video_0028,22,现在要继续追查下去的方法，只有拿突了,0.0,0.0,0.0,0.0,Neutral,test,28_22,True,True,True,18,True
video_0028,23,要趁他还在拘留病房抓他出来。,0.0,0.0,0.0,0.0,Neutral,test,28_23,True,True,True,14,True
video_0029,1,说你目前最好的选择是退役,-0.2,0.0,-0.2,0.0,Negative,test,29_1,True,True,True,12,True
video_0029,2,我问你的时候你为什么不说？,-1.0,-0.4,-1.0,-1.0,Negative,train,29_2,True,True,True,13,True
video_0029,3,究竟发生什么了,-0.6,-0.2,-0.6,-1.0,Negative,train,29_3,True,True,True,7,True
video_0029,4,今天晚上都将是最严峻的考验。,-0.4,-0.8,-0.6,-0.4,Negative,train,29_4,True,True,True,14,True
video_0029,5,我们应该在A01主战阵地。,-0.4,0.0,-0.2,-1.0,Negative,train,29_5,True,True,True,13,True
video_0029,6,没事干是不是，火场一日游呢,-1.0,-0.8,-0.8,-1.0,Negative,train,29_6,True,True,True,13,True
video_0029,7,以后我再也没有机会干这种事了，这牛我得吹一辈子,0.2,1.0,0.6,0.6,Positive,test,29_7,True,True,True,23,True
video_0029,8,火已经逼近化学罐区了,-0.6,-0.2,-1.0,-1.0,Negative,train,29_8,True,True,True,10,True
video_0029,9,特勤一中队，咱们就在这，打他个攻坚战,0.2,0.6,0.6,-1.0,Positive,train,29_9,True,True,True,18,True
video_0029,10,听得见吗，只要我活着，我就会记住你,-1.0,0.8,-0.8,-1.0,Negative,train,29_10,True,True,True,17,True
video_0029,11,油压这么高，又有这么多的油，我看是顶不了多长时间了。,-0.6,-0.6,-1.0,-1.0,Negative,train,29_11,True,True,True,26,True
video_0029,12,集合各队指挥员,0.0,0.0,-0.4,-0.4,Neutral,train,29_12,True,True,True,7,True
video_0029,13,坦白的说，就是敢死队。,-0.2,-0.6,-0.2,-0.4,Negative,test,29_13,True,True,True,11,True
video_0029,14,但是我们可以想办法重新打开一条。,0.2,0.2,0.6,-1.0,Positive,train,29_14,True,True,True,16,True
video_0029,15,你再带上一个人，攻坚组送你们进去。,-0.2,0.0,-0.2,-0.4,Negative,train,29_15,True,True,True,17,True
video_0029,16,哎，有烟吗,1.0,0.0,0.4,1.0,Positive,test,29_16,True,True,True,5,True
video_0029,17,这是罐区，你找死呢,-0.2,-1.0,-0.8,0.6,Negative,train,29_17,True,True,True,9,True
video_0029,18,江立伟，我等你回来喝酒。,0.6,0.6,0.8,-0.4,Positive,train,29_18,True,True,True,12,True
video_0029,19,我只知道转80圈为一扣，一个阀门100克扣,-0.6,0.0,-0.8,-1.0,Negative,test,29_19,True,True,True,21,True
video_0029,20,你太不了解消防员了。,-1.0,-1.0,-1.0,-1.0,Negative,train,29_20,True,True,True,10,True
video_0029,21,你好你好，你见过这个小孩吗？带个红色帽子，穿一个深蓝色马甲，这么高，他是我儿子，叫姜淼。,0.0,0.0,-0.6,-0.4,Neutral,train,29_21,True,True,True,44,True
video_0029,22,我想回家了妈妈,-1.0,0.2,-1.0,-0.6,Negative,train,29_22,True,True,True,7,True
video_0029,23,长大了成为一个顶天立地的男子汉,0.6,1.0,0.2,-0.6,Positive,valid,29_23,True,True,True,15,True
video_0029,24,爸，对不起。,-1.0,-1.0,-0.8,-1.0,Negative,train,29_24,True,True,True,6,True
video_0029,25,呜呜呜呜呜呜呜,-1.0,-1.0,-1.0,-1.0,Negative,train,29_25,True,True,True,7,True
video_0029,26,我就想活着出去见我老婆孩子。,1.0,0.4,0.4,1.0,Positive,valid,29_26,True,True,True,14,True
video_0030,1,起烟了，人肯定在家呢。,0.4,-0.2,0.6,0.6,Positive,train,30_1,True,True,True,11,True
video_0030,2,我不想吹唢呐,-1.0,-0.6,-1.0,-1.0,Negative,train,30_2,True,True,True,6,True
video_0030,3,你再敢说这话，看老子撕破你的嘴。,-1.0,-1.0,-1.0,-1.0,Negative,test,30_3,True,True,True,16,True
video_0030,4,磕头，磕啥头,-0.4,-0.4,0.0,-0.2,Negative,test,30_4,True,True,True,6,True
video_0030,5,你个狗日的，这半瓢水你都吸不干净,-1.0,-1.0,-1.0,-1.0,Negative,valid,30_5,True,True,True,16,True
video_0030,6,使劲喊哪娃，使劲喊,-1.0,0.4,-1.0,-1.0,Negative,train,30_6,True,True,True,9,True
video_0030,7,娃儿，哪个徒弟不是从娃过来的，老子当年学徒的时候三天都没饭吃。,-1.0,-0.4,-1.0,-0.6,Negative,train,30_7,True,True,True,31,True
video_0030,8,你咋会不知道，你不是都来两个月了吗？,-0.4,-0.4,-0.6,-1.0,Negative,train,30_8,True,True,True,18,True
video_0030,9,啥好好的，好好的师傅能让你回来？,-1.0,-0.8,-1.0,-1.0,Negative,train,30_9,True,True,True,16,True
video_0030,10,你说你呀，真给我丢脸。,-1.0,-1.0,-1.0,-1.0,Negative,test,30_10,True,True,True,11,True
video_0030,11,师娘跟我说让我在家呆两天。,-0.2,0.0,-0.2,-0.2,Negative,train,30_11,True,True,True,13,True
video_0030,12,师傅说让我早去早回,-0.2,0.0,-0.2,-0.6,Negative,valid,30_12,True,True,True,9,True
video_0030,13,妈，这唢呐吹到顶啊，就是领奏，你知道这曲子叫啥不。,0.6,0.0,0.6,1.0,Positive,train,30_13,True,True,True,25,True
video_0030,14,诶，爸，你咋知道嘞,1.0,0.2,0.6,1.0,Positive,train,30_14,True,True,True,9,True
video_0030,15,你知道我为啥要让你去学吹唢呐的吗？,0.2,0.0,0.0,0.4,Positive,test,30_15,True,True,True,17,True
video_0030,16,爸，你放心，我一定学会吹百鸟朝凤,1.0,0.8,0.8,0.2,Positive,train,30_16,True,True,True,16,True
video_0030,17,没那么容易，我听说你师傅前几年收了七八个,0.2,-0.4,0.0,0.0,Positive,train,30_17,True,True,True,20,True
video_0030,18,那可不是，这首曲子是唢呐匠的看家本事,0.0,0.8,0.8,0.2,Neutral,train,30_18,True,True,True,18,True
video_0030,19,大叔，师傅给我们俩放假了,0.8,0.0,0.8,1.0,Positive,train,30_19,True,True,True,12,True
video_0030,20,是我师父的太爷传下来的，有几百年了，咱这800里秦川，恐怕是找不出第二支,0.0,0.2,0.0,-0.2,Neutral,train,30_20,True,True,True,36,True
video_0030,21,听见没有，你也来一段,1.0,0.0,1.0,0.6,Positive,train,30_21,True,True,True,10,True
video_0030,22,学鸟叫,0.6,0.0,0.4,0.4,Positive,train,30_22,True,True,True,3,True
video_0030,23,可咱们这黄河岸上不能没有唢呐,0.2,0.2,0.0,0.2,Positive,train,30_23,True,True,True,14,True
video_0030,24,所以啊，在咱们这块地盘上，唢呐不能断了种。,0.8,0.2,0.8,1.0,Positive,train,30_24,True,True,True,21,True
video_0030,25,既然是匠活，就得有人担起责任,0.4,0.2,0.2,0.0,Positive,train,30_25,True,True,True,14,True
video_0030,26,他才能拼着命把这活保住，传下去,0.4,0.6,0.0,0.0,Positive,train,30_26,True,True,True,15,True
video_0030,27,师傅，是我吹得不够好吗？,-1.0,-0.6,-1.0,-1.0,Negative,train,30_27,True,True,True,12,True
video_0030,28,那你为啥要赶我走？,-1.0,-1.0,-1.0,-1.0,Negative,test,30_28,True,True,True,9,True
video_0030,29,咱爷俩的缘分就到这儿了。,-0.4,-0.8,-0.8,-0.6,Negative,test,30_29,True,True,True,12,True
video_0030,30,典平吹的不如我好，为啥他就能学百鸟朝凤，我不能学,-1.0,-1.0,-1.0,-1.0,Negative,train,30_30,True,True,True,24,True
video_0030,31,师娘，我走了。,-1.0,0.0,-0.8,-1.0,Negative,train,30_31,True,True,True,7,True
video_0030,32,天明说天明说，他游家班出活，跟我屁相干啊！,-1.0,-1.0,-0.8,-1.0,Negative,train,30_32,True,True,True,21,True
video_0030,33,也就是长生，他是我小学同学。,0.0,0.0,0.0,-0.2,Neutral,train,30_33,True,True,True,14,True
video_0030,34,这是我师爷的师爷的师爷传给我的，二三百年了,1.0,0.0,0.8,1.0,Positive,train,30_34,True,True,True,21,True
video_0030,35,要是师傅让我接班，那唢呐班子早没了。,-1.0,-0.6,-0.8,-1.0,Negative,train,30_35,True,True,True,18,True
video_0030,36,就关我的事儿，你想干啥,-1.0,-0.6,-1.0,-1.0,Negative,train,30_36,True,True,True,11,True
video_0030,37,尤天明，你个小狗日的，给老子出来。,-1.0,-1.0,-1.0,-1.0,Negative,valid,30_37,True,True,True,17,True
video_0030,38,你别叫师傅，我没你这个徒弟。,-1.0,-0.8,-1.0,-1.0,Negative,train,30_38,True,True,True,14,True
video_0030,39,他的所作所为火庄人都看在眼里,0.6,0.2,0.6,-0.2,Positive,train,30_39,True,True,True,14,True
video_0030,40,游家班的班主病了，没有力气吹百鸟朝凤,-0.8,-0.8,-0.6,0.0,Negative,train,30_40,True,True,True,18,True
video_0030,41,就是民俗文化，简单点说，就是想请你们游家班吹一场唢呐,0.0,0.0,0.4,0.6,Neutral,valid,30_41,True,True,True,26,True
video_0030,42,这活要是成了，了不得啊,0.6,0.6,1.0,1.0,Positive,test,30_42,True,True,True,11,True
video_0031,1,他们都是我嘴里的羊，我喜欢怎么吃就怎么吃？,0.6,0.2,0.2,0.8,Positive,train,31_1,True,True,True,21,True
video_0031,2,门图，你不要再杀战俘了,-0.2,-0.8,-0.8,-0.2,Negative,train,31_2,True,True,True,11,True
video_0031,3,有一天你发现天上多了一颗星星，那就是我找你娘去了,-0.4,0.0,-0.6,-0.4,Negative,valid,31_3,True,True,True,24,True
video_0031,4,只跟马说话，不跟人说话啊！,0.2,-0.8,0.6,0.8,Positive,train,31_4,True,True,True,13,True
video_0031,5,那你就当我视频吗就好了，我叫文泰，这个叫朱月，你这匹叫什么？,0.6,0.0,0.6,1.0,Positive,train,31_5,True,True,True,30,True
video_0031,6,你要打，就在战场上打,-1.0,0.0,-0.8,-1.0,Negative,valid,31_6,True,True,True,10,True
video_0031,7,我求你了，求你保守住我的秘密不要让别人知道,-1.0,-0.8,-0.8,-1.0,Negative,train,31_7,True,True,True,21,True
video_0031,8,但是我现在明白，他是在磨练我,0.4,0.0,-0.2,0.4,Positive,valid,31_8,True,True,True,14,True
video_0031,9,恳请单于，别再分散兵力了,-0.6,-0.6,-0.8,-1.0,Negative,valid,31_9,True,True,True,12,True
video_0031,10,女儿想做魏国的皇后。,1.0,0.6,0.8,1.0,Positive,train,31_10,True,True,True,10,True
video_0031,11,如果我做了皇后，我们就可以和中原人结成友邦了,0.6,0.6,0.8,1.0,Positive,train,31_11,True,True,True,22,True
video_0031,12,我已经失去了很多兄弟，我不能再失去你,-1.0,0.0,-1.0,-0.8,Negative,train,31_12,True,True,True,18,True
video_0031,13,在战场上绝不能有感情,-0.4,-0.6,-0.8,-0.8,Negative,valid,31_13,True,True,True,10,True
video_0031,14,大家正等着将军出战呢,0.0,0.0,-0.2,0.0,Neutral,train,31_14,True,True,True,10,True
video_0031,15,谁想打仗？我也不想再打仗了。,-1.0,-0.2,-1.0,-1.0,Negative,train,31_15,True,True,True,14,True
video_0031,16,如果可以用我的生命去停止这场战争的话，我早就做了。,-1.0,-0.2,-1.0,-1.0,Negative,valid,31_16,True,True,True,25,True
video_0031,17,穿上了将军的战甲，就不再属于你,0.0,-0.6,-0.4,-0.2,Neutral,train,31_17,True,True,True,15,True
video_0031,18,这就是战争。,-1.0,0.0,-0.6,-1.0,Negative,train,31_18,True,True,True,6,True
video_0031,19,此次接近你们，不是为了抢掠,0.0,0.2,-0.2,-0.8,Neutral,train,31_19,True,True,True,13,True
video_0031,20,我知道你心里委屈，在草原上奔波多年，聚集了那么多的部族,-0.2,0.0,-0.8,-0.4,Negative,test,31_20,True,True,True,27,True
video_0031,21,士气低落，不堪再战,-1.0,-1.0,-1.0,-0.6,Negative,train,31_21,True,True,True,9,True
video_0031,22,那也不一定赢啊，我们退吧,-0.4,-0.8,-1.0,-0.4,Negative,train,31_22,True,True,True,12,True
video_0031,23,只要取下魏国国土，我就会实现我的抱负,0.6,0.8,0.4,0.4,Positive,train,31_23,True,True,True,18,True
video_0031,24,从今天起，我门图就是你们的新单于,0.6,0.8,0.4,0.4,Positive,train,31_24,True,True,True,16,True
video_0031,25,兵贵神速，我想今夜就动身。,0.2,0.2,0.8,0.6,Positive,valid,31_25,True,True,True,13,True
video_0031,26,我是大卫平北将军花木兰。,0.2,0.0,0.6,0.0,Positive,test,31_26,True,True,True,12,True
video_0031,27,我们的队伍里，有汉人，士人,0.0,0.0,0.4,0.0,Neutral,valid,31_27,True,True,True,13,True
video_0031,28,我，大维皇第七皇子，拓跋宏,0.0,0.2,0.4,0.0,Neutral,train,31_28,True,True,True,13,True
video_0031,29,在你的眼里我是吧，所以我们柔然人来说，我是个千古不遇的英雄。,1.0,1.0,0.4,1.0,Positive,train,31_29,True,True,True,30,True
video_0031,30,公主请放心，我是北魏的将军花木兰。,0.0,0.2,-0.2,0.0,Neutral,train,31_30,True,True,True,17,True
video_0031,31,我知道你，你是想用我来救你们的皇子吗？,0.2,0.0,0.0,1.0,Positive,train,31_31,True,True,True,19,True
video_0031,32,我替父从军只为尽孝,0.2,0.6,0.0,0.0,Positive,train,31_32,True,True,True,9,True
video_0031,33,惟有解决引起战争的祸首，才能停止这场战争。,0.0,0.2,-0.4,0.0,Neutral,valid,31_33,True,True,True,21,True
video_0031,34,我们一起走吧，不管去哪里,0.2,0.2,0.6,0.4,Positive,train,31_34,True,True,True,12,True
video_0031,35,能用自己的生命去换取这个国家的安宁,-0.4,0.0,-0.6,-0.8,Negative,train,31_35,True,True,True,17,True
video_0032,1,如果有什么不一样的呢，你给我这版为准。,0.6,0.0,0.6,0.6,Positive,train,32_1,True,True,True,19,True
video_0032,2,让不让着你，就你干点事儿，该不该打，自己说,-1.0,-1.0,-1.0,-1.0,Negative,test,32_2,True,True,True,21,True
video_0032,3,你们是怎么抓住我的,-0.4,-0.8,-0.6,-0.8,Negative,train,32_3,True,True,True,9,True
video_0032,4,既然在这儿了，咱聊点有诚意的好吧，你手下那几个人要等到几点告诉我,-0.2,-0.2,0.0,-0.6,Negative,train,32_4,True,True,True,32,True
video_0032,5,就是这么想的，要活一起活，要死大家一起。,1.0,-0.8,-0.6,1.0,Positive,train,32_5,True,True,True,20,True
video_0032,6,那天你们抓人的时候，他路上闹了吗。,-0.2,0.2,-0.8,-0.6,Negative,train,32_6,True,True,True,17,True
video_0032,7,吴先生，你就认倒霉吧,-0.4,-0.4,-0.8,-0.4,Negative,test,32_7,True,True,True,10,True
video_0032,8,"开了大约...,你别套我了。",-0.4,-0.2,-0.8,-1.0,Negative,train,32_8,True,True,True,14,True
video_0032,9,你枪不错呀，哪儿弄的？给我指个道呗。,0.0,0.4,0.6,-0.8,Neutral,valid,32_9,True,True,True,18,True
video_0032,10,别找抽了你，接着说。,-1.0,-0.6,-1.0,-1.0,Negative,train,32_10,True,True,True,10,True
video_0032,11,你手上还有其他人吗？,-0.2,-0.2,-0.2,-0.8,Negative,train,32_11,True,True,True,10,True
video_0032,12,你要不想说，我也不跟你废话。,-0.4,0.0,-0.8,-0.4,Negative,train,32_12,True,True,True,14,True
video_0032,13,住的地方还有一张卡，里面有300万。,0.0,0.0,0.0,-0.2,Neutral,test,32_13,True,True,True,18,True
video_0032,14,洪先生，我是你的粉丝，特别喜欢你的戏，但是我在网上搜过你，你已经结婚了,0.0,0.8,-0.4,0.0,Neutral,train,32_14,True,True,True,35,True
video_0032,15,我妈也是你的一个大粉丝，他也特别喜欢你的戏。,0.8,1.0,0.4,0.8,Positive,valid,32_15,True,True,True,22,True
video_0032,16,来吧两位，冰镇的井水,1.0,0.6,1.0,0.8,Positive,test,32_16,True,True,True,10,True
video_0032,17,现场情况不能开枪，沿途设的路障也没能堵着他。,-0.2,0.0,-0.4,0.0,Negative,train,32_17,True,True,True,22,True
video_0032,18,图个平安,0.2,0.2,0.6,-0.4,Positive,train,32_18,True,True,True,4,True
video_0032,19,你不是演过赌神的吗？你这样合适吗？,-1.0,0.4,-0.2,-1.0,Negative,train,32_19,True,True,True,17,True
video_0032,20,华子，你想单聊的，别绕弯子，人质呢,-1.0,-0.6,-0.8,-0.6,Negative,train,32_20,True,True,True,17,True
video_0032,21,如果我要死了，最难受的就是我妈了,-0.8,-0.8,-0.6,-0.2,Negative,train,32_21,True,True,True,16,True
video_0032,22,怕，因为看到你真的想做给你看一下,-1.0,-0.6,-1.0,-0.6,Negative,train,32_22,True,True,True,16,True
video_0032,23,你值得吗，这是绑架,-0.4,-0.4,-1.0,-0.4,Negative,train,32_23,True,True,True,9,True
video_0033,1,啊，小姐，请问你喜欢吃凤梨吗？,0.6,0.0,0.4,1.0,Positive,train,33_1,True,True,True,15,True
video_0033,2,我台湾来的嘛，你呢,1.0,0.0,0.4,1.0,Positive,valid,33_2,True,True,True,9,True
video_0033,3,你不用说，没关系啊，我可以住在这边吗？,0.2,0.2,0.4,0.2,Positive,train,33_3,True,True,True,19,True
video_0033,4,我以前交的那个女朋友，我们在一起五年，可是之后呢，她跟我分手，因为她说我根本就不了解他。,-1.0,-0.6,-0.8,-0.2,Negative,train,33_4,True,True,True,44,True
video_0033,5,大男人一天到晚去跑步，这可不是办法,-0.6,-0.8,-0.2,0.0,Negative,train,33_5,True,True,True,17,True
video_0033,6,老板，一份厨师沙拉,0.0,0.0,0.0,0.2,Neutral,valid,33_6,True,True,True,9,True
video_0033,7,又是厨师沙拉，每天晚上吃不烦呐,-0.6,-1.0,-1.0,0.2,Negative,train,33_7,True,True,True,15,True
video_0033,8,炸鱼薯条很好吃,1.0,0.6,1.0,0.8,Positive,train,33_8,True,True,True,7,True
video_0033,9,是不是有个警察每天晚上来这里买厨师沙拉,0.2,0.0,0.2,0.0,Positive,train,33_9,True,True,True,19,True
video_0033,10,等了你很长时间，留下一封信说要交给你。,0.0,0.0,0.0,0.0,Neutral,test,33_10,True,True,True,19,True
video_0033,11,唉，不要了，这家人太多，你换别的。,-0.4,-0.6,-0.8,-1.0,Negative,valid,33_11,True,True,True,17,True
video_0033,12,我怕丢了，我帮你收起来了，我没看过。,-0.2,0.0,-0.4,-0.2,Negative,train,33_12,True,True,True,18,True
video_0033,13,你表哥真会做生意啊，刚刚开始介绍我买炸鱼薯条，现在连店都让给我了。,1.0,0.4,0.8,1.0,Positive,valid,33_13,True,True,True,33,True
video_0034,1,手机没信号。,-1.0,-0.2,-0.2,-0.4,Negative,valid,34_1,True,True,True,6,True
video_0034,2,这里的海水平均深度在三千米,0.0,0.0,0.0,-0.2,Neutral,valid,34_2,True,True,True,13,True
video_0034,3,会有人来救我们吧,-1.0,0.4,-0.6,-1.0,Negative,test,34_3,True,True,True,8,True
video_0034,4,我们已经偏离航线很远了，没有人会知道我们的位置。,-0.6,-0.8,-0.8,-0.2,Negative,test,34_4,True,True,True,24,True
video_0034,5,你别再说这话了行吗，这是哪儿啊，南极。你爬再高，也没有信号。,-1.0,-1.0,-0.8,-1.0,Negative,train,34_5,True,True,True,30,True
video_0034,6,那这也不行那也不行，怎么办呀，就在这等死啊！,-1.0,-1.0,-1.0,-1.0,Negative,test,34_6,True,True,True,22,True
video_0034,7,今天本来不应该起飞的，如果不是你包机赶时间，谁也不会死,-1.0,-0.6,-1.0,-0.8,Negative,train,34_7,True,True,True,27,True
video_0034,8,接骨，这我哪行，开玩笑呗,-0.2,-0.8,0.0,0.6,Negative,train,34_8,True,True,True,12,True
video_0034,9,会引发大量的肌肉坏死，我的内脏功能会衰竭，我会死的。,-1.0,-1.0,-1.0,-1.0,Negative,train,34_9,True,True,True,26,True
video_0034,10,那个废弃的小站就是这里。,0.0,0.0,0.0,0.0,Neutral,train,34_10,True,True,True,12,True
video_0034,11,没有柴油取暖，我们就会被冻死。,-0.6,-0.8,-0.6,0.0,Negative,train,34_11,True,True,True,15,True
video_0034,12,这不是奇葩，这是奇迹。等我们南极婚礼业务展开，到时候一批批新郎官戴着领带来南极呢。,1.0,1.0,0.6,0.8,Positive,train,34_12,True,True,True,41,True
video_0034,13,在这鬼地方，太阳就是从南边升起的，对吧，我记得，行。,-0.6,0.0,0.0,-1.0,Negative,test,34_13,True,True,True,26,True
video_0034,14,算命的说今年我大利北方，所以呢，我打算赌一赌北方。,0.8,0.6,0.4,0.0,Positive,train,34_14,True,True,True,25,True
video_0034,15,这气势咣一下就砸过来，我提着裤子就跑。,-0.4,-0.2,0.2,-1.0,Negative,test,34_15,True,True,True,19,True
video_0034,16,冰山只会在大海上所以北边是海。,0.0,0.0,-0.2,0.0,Neutral,train,34_16,True,True,True,15,True
video_0034,17,明天你休息一下吧,0.2,0.4,-0.2,0.2,Positive,valid,34_17,True,True,True,8,True
video_0034,18,如果你死了，我也活不了,-1.0,-0.8,-1.0,-0.4,Negative,train,34_18,True,True,True,11,True
video_0034,19,算命的还跟我说，我会大富大贵子孙满堂的寿终正寝。,0.0,0.6,-0.2,-0.4,Neutral,test,34_19,True,True,True,24,True
video_0034,20,至少把柴油给用尽，把罐头吃完你再死,-0.4,-0.8,-0.4,0.0,Negative,valid,34_20,True,True,True,17,True
video_0034,21,胸有多大，舞台就有多大。,0.6,0.6,0.8,0.0,Positive,train,34_21,True,True,True,12,True
video_0034,22,如意，跟我过吧,0.6,0.8,0.6,0.0,Positive,train,34_22,True,True,True,7,True
video_0034,23,无论环境是好是坏,-0.4,0.0,-0.2,-0.4,Negative,train,34_23,True,True,True,8,True
video_0034,24,我喜欢这里，但是我身边没有你的位置,-0.6,-0.6,-1.0,0.0,Negative,test,34_24,True,True,True,17,True
video_0035,1,陛下这个样子有多久了,0.0,0.0,-0.2,0.4,Neutral,test,35_1,True,True,True,10,True
video_0035,2,法师跨出这扇门，就当从未入过唐宫,-0.2,0.0,-0.6,0.0,Negative,train,35_2,True,True,True,16,True
video_0035,3,你刚才怎么不说话,0.0,-0.6,-0.6,0.4,Neutral,valid,35_3,True,True,True,8,True
video_0035,4,这只猫不但进了宫，还靠近了皇帝的卧榻,0.2,-0.2,0.2,0.8,Positive,train,35_4,True,True,True,18,True
video_0035,5,你的意思是说，皇帝的死跟一只猫有关,-0.6,-0.6,0.0,-0.4,Negative,train,35_5,True,True,True,17,True
video_0035,6,哪来的动静,-0.2,0.0,-0.2,0.0,Negative,train,35_6,True,True,True,5,True
video_0035,7,你说得对，宫里确实有猫,-0.2,0.0,0.0,0.0,Negative,train,35_7,True,True,True,11,True
video_0035,8,这件事已经跟我没关系,0.0,-0.2,0.2,0.6,Neutral,train,35_8,True,True,True,10,True
video_0035,9,我不干了，辞官了,-0.2,-0.8,0.2,0.0,Negative,train,35_9,True,True,True,8,True
video_0035,10,我市两榜进士出身，可以当大官的,1.0,0.6,0.8,0.8,Positive,train,35_10,True,True,True,15,True
video_0035,11,白居易，他可狂得很,1.0,0.0,1.0,1.0,Positive,test,35_11,True,True,True,9,True
video_0035,12,当家的惠果大师当年从狮子国取回了秘法，座下有上千僧人,0.8,0.0,0.8,0.8,Positive,test,35_12,True,True,True,26,True
video_0035,13,我看你才像这儿的常客呢,0.8,0.4,0.6,1.0,Positive,train,35_13,True,True,True,11,True
video_0035,14,前所未有，何人可破,-0.2,0.2,-0.4,-0.4,Negative,train,35_14,True,True,True,9,True
video_0035,15,降服妖猫还有谁比他更合适呢,1.0,0.4,1.0,1.0,Positive,train,35_15,True,True,True,13,True
video_0035,16,那只猫说了一句，欠债总是要还的,-0.4,-0.2,0.0,-0.6,Negative,train,35_16,True,True,True,15,True
video_0035,17,那猫真的会来吗,0.0,0.0,-0.8,0.0,Neutral,train,35_17,True,True,True,7,True
video_0035,18,整个花萼楼外，牡丹种了十万株,0.8,0.0,0.6,0.8,Positive,valid,35_18,True,True,True,14,True
video_0035,19,宣宗皇帝命诗人李白为贵妃写一首诗,0.8,0.0,0.8,1.0,Positive,train,35_19,True,True,True,16,True
video_0035,20,玄宗皇帝和杨玉环的爱情故事，我说的对吗,0.2,0.0,0.6,1.0,Positive,train,35_20,True,True,True,19,True
video_0035,21,不是给过你一个了吗,0.4,-0.4,-0.4,0.6,Positive,train,35_21,True,True,True,9,True
video_0035,22,猫和有瓜什么关系,0.6,0.0,0.4,1.0,Positive,train,35_22,True,True,True,8,True
video_0035,23,幻术里也有真相,0.2,0.2,0.4,0.6,Positive,train,35_23,True,True,True,7,True
video_0035,24,我也认识你啊，白居易,0.0,0.0,0.2,0.0,Neutral,train,35_24,True,True,True,10,True
video_0035,25,你竟敢说李白的诗也是假的,-1.0,-1.0,-1.0,-0.2,Negative,test,35_25,True,True,True,12,True
video_0035,26,他竟然抛下我一个人逃命去了,-1.0,-1.0,-0.8,-0.2,Negative,train,35_26,True,True,True,13,True
video_0035,27,下令埋我的是大唐天子，我就和大唐没完没了,-1.0,-1.0,-0.8,0.8,Negative,test,35_27,True,True,True,20,True
video_0035,28,他们怎么敢演奏禁曲,0.6,-0.8,0.4,1.0,Positive,train,35_28,True,True,True,9,True
video_0035,29,别埋我，地下冷,-1.0,-1.0,-1.0,-0.2,Negative,train,35_29,True,True,True,7,True
video_0035,30,你也爱上了她，你也为它疯狂,0.0,0.4,0.4,0.8,Neutral,valid,35_30,True,True,True,13,True
video_0035,31,大唐陨落不是她的错,0.0,0.4,-0.8,0.8,Neutral,valid,35_31,True,True,True,9,True
video_0035,32,我可以一辈子活在李白的阴影里，但你不能说我的长恨歌是假的,-1.0,-1.0,-1.0,-1.0,Negative,train,35_32,True,True,True,28,True
video_0035,33,是皇上下的令，我亲手绣的白绫,0.0,0.0,-0.2,0.0,Neutral,valid,35_33,True,True,True,14,True
video_0035,34,贵妃已经断气了,-0.8,-0.6,-0.8,-1.0,Negative,train,35_34,True,True,True,7,True
video_0035,35,陈玄礼是陈云樵的爹，马嵬驿兵变的主谋,0.0,0.0,0.2,0.0,Neutral,test,35_35,True,True,True,18,True
video_0036,1,昨天的事你怎么今天才来禀报啊,-1.0,-1.0,-1.0,-1.0,Negative,train,36_1,True,True,True,14,True
video_0036,2,我拿你当心腹，你不能老放马后炮啊,-1.0,-1.0,-1.0,-1.0,Negative,train,36_2,True,True,True,16,True
video_0036,3,臣割发，谢罪于天,-1.0,-1.0,-1.0,-0.8,Negative,train,36_3,True,True,True,8,True
video_0036,4,没有光，没有声音,-0.8,-0.2,-1.0,-1.0,Negative,test,36_4,True,True,True,8,True
video_0036,5,所以你就宣战了,-1.0,0.0,-1.0,-1.0,Negative,test,36_5,True,True,True,7,True
video_0036,6,如此卑躬屈膝，蒙羞受辱，江山早晚都要断送在你的手中,-1.0,-1.0,-1.0,-0.8,Negative,valid,36_6,True,True,True,25,True
video_0036,7,两国是联盟，双方主帅一旦动手等于宣战，这点道理你也不懂,-1.0,-1.0,-0.8,-1.0,Negative,valid,36_7,True,True,True,27,True
video_0036,8,你到底有几成胜算,-1.0,0.0,-0.6,-1.0,Negative,valid,36_8,True,True,True,8,True
video_0036,9,我宁可永不收回靖州，也不愿坏了联盟,-1.0,-0.8,-1.0,-1.0,Negative,valid,36_9,True,True,True,17,True
video_0036,10,你是不是还要替我当这个王,-1.0,-1.0,-1.0,-1.0,Negative,train,36_10,True,True,True,12,True
video_0036,11,王子与庶民同罪,-1.0,-0.2,-1.0,-1.0,Negative,valid,36_11,True,True,True,7,True
video_0036,12,打不过人家，就不要再说打了嘛,-0.6,0.2,0.2,-0.8,Negative,train,36_12,True,True,True,14,True
video_0036,13,谢主公不杀之恩，告退,-0.4,0.6,-0.4,0.0,Negative,train,36_13,True,True,True,10,True
video_0036,14,败在杨苍刀下是我一生之耻，子虞以此伤提醒自己,-1.0,-0.8,-1.0,-0.8,Negative,test,36_14,True,True,True,22,True
video_0036,15,我的伤便一日不能痊愈，靖州一日不收,-0.6,-0.8,-1.0,-0.8,Negative,test,36_15,True,True,True,17,True
video_0036,16,放肆，竟敢公然抗命,-1.0,-1.0,-1.0,-1.0,Negative,train,36_16,True,True,True,9,True
video_0036,17,都督不忘战败之耻，令人肃然起敬，哪像你,-0.6,-1.0,-0.8,-1.0,Negative,train,36_17,True,True,True,19,True
video_0036,18,你偷偷摸摸背着我去提亲，当我是什么,-1.0,-1.0,-1.0,-0.8,Negative,train,36_18,True,True,True,17,True
video_0036,19,我不嫁，要去你去,-1.0,-1.0,-1.0,-1.0,Negative,train,36_19,True,True,True,8,True
video_0036,20,田战这是要反啊,-1.0,-1.0,-1.0,-1.0,Negative,valid,36_20,True,True,True,7,True
video_0036,21,竟能让为父往后退两步，变化的好,1.0,1.0,0.6,-0.4,Positive,train,36_21,True,True,True,15,True
video_0036,22,以前我是你的都督，以后我还是你的都督，如此而已,0.0,0.2,-0.2,0.0,Neutral,train,36_22,True,True,True,23,True
video_0036,23,连天阴雨，水漫则胜，这雨下了四天了吧,-0.2,-0.2,0.0,0.0,Negative,test,36_23,True,True,True,18,True
video_0036,24,那什么是真的，你说什么是真的,-1.0,-0.2,-1.0,-1.0,Negative,train,36_24,True,True,True,14,True
video_0036,25,其实你有很多机会可以拒绝，可以逃跑,-0.8,0.0,-0.6,-1.0,Negative,valid,36_25,True,True,True,17,True
video_0036,26,为什么，你一直都如此服从，愿意做这件事情,-1.0,-0.2,-0.6,-1.0,Negative,train,36_26,True,True,True,20,True
video_0036,27,今夜，是你在这里的最后一晚了,-1.0,-0.2,-1.0,-1.0,Negative,valid,36_27,True,True,True,14,True
video_0036,28,故弄玄虚，我倒要看看，他是怎样的装神弄鬼,-0.4,-0.6,-0.6,-0.8,Negative,train,36_28,True,True,True,20,True
video_0036,29,世上很多事情，本无对错，做了就不要后悔,-0.2,0.0,-0.2,0.0,Negative,train,36_29,True,True,True,19,True
video_0036,30,都督答应放我走的,-1.0,0.0,-1.0,-1.0,Negative,test,36_30,True,True,True,8,True
video_0036,31,你收了杨苍多少金子,-1.0,0.0,-0.6,-0.8,Negative,train,36_31,True,True,True,9,True
video_0036,32,而子虞，要建功立业青史留名，我也要成全他,-1.0,0.8,-0.2,-1.0,Negative,train,36_32,True,True,True,20,True
video_0037,1,我看晚霞时不干任何事,-0.2,-0.2,0.2,-0.4,Negative,train,37_1,True,True,True,10,True
video_0037,2,这个就是你送的蟠桃,-1.0,0.0,-1.0,-1.0,Negative,train,37_2,True,True,True,9,True
video_0037,3,不准打男人,-1.0,-0.2,-1.0,-1.0,Negative,train,37_3,True,True,True,5,True
video_0037,4,桃子不能吃的吗，不能吃的话为什么不早说,-1.0,-1.0,-1.0,-0.8,Negative,train,37_4,True,True,True,19,True
video_0037,5,不好意思啊，最近耳屎比较多,0.2,0.2,0.4,0.4,Positive,test,37_5,True,True,True,13,True
video_0037,6,滚开,-1.0,-1.0,-0.2,-1.0,Negative,test,37_6,True,True,True,2,True
video_0037,7,亏你还记得我们一百多年都没见了,-1.0,-1.0,-0.6,-0.8,Negative,valid,37_7,True,True,True,15,True
video_0037,8,简单来说，你就是个杂种,-1.0,-1.0,-0.6,-1.0,Negative,train,37_8,True,True,True,11,True
video_0037,9,这个奖不是属于我的，是属于大家的,1.0,0.6,0.6,1.0,Positive,train,37_9,True,True,True,16,True
video_0037,10,来，给我,0.8,0.0,0.2,0.8,Positive,train,37_10,True,True,True,4,True
video_0037,11,我不要当你的手下，你以为这个东西可以控制我啊，太小看我,-1.0,-1.0,-0.6,-1.0,Negative,train,37_11,True,True,True,27,True
video_0037,12,女人小孩我都不会放过,-1.0,-0.6,-0.6,-1.0,Negative,train,37_12,True,True,True,10,True
video_0037,13,为什么要毁掉那么多美丽的地方，我不明白，我不服,-1.0,-1.0,-1.0,-1.0,Negative,train,37_13,True,True,True,23,True
video_0037,14,出身卑微，是我把你从昆仑山提拔上来,-0.8,-0.4,-0.8,-1.0,Negative,train,37_14,True,True,True,17,True
video_0037,15,把你也连累了,-1.0,0.0,-0.4,-1.0,Negative,test,37_15,True,True,True,6,True
video_0037,16,我会毫不犹豫,0.0,0.0,-0.8,-0.2,Neutral,valid,37_16,True,True,True,6,True
video_0037,17,当真以为我打不过你,-1.0,-0.4,-0.6,-1.0,Negative,test,37_17,True,True,True,9,True
video_0037,18,想要你就说嘛，打晕我干什么啊,-1.0,-1.0,-1.0,-1.0,Negative,valid,37_18,True,True,True,14,True
video_0037,19,我不会让你活着回去,-1.0,-0.8,-0.8,-1.0,Negative,valid,37_19,True,True,True,9,True
video_0037,20,凭什么，嗯？,-1.0,-1.0,-1.0,-1.0,Negative,train,37_20,True,True,True,6,True
video_0037,21,就是要毁掉天机仪，人才可以掌握自己的命运,-0.6,-0.2,-1.0,-1.0,Negative,valid,37_21,True,True,True,20,True
video_0037,22,我说了你也不明白,-1.0,-0.6,-1.0,-1.0,Negative,train,37_22,True,True,True,8,True
video_0037,23,丰收要做一个顶天立地的好神仙,1.0,1.0,0.2,-0.6,Positive,train,37_23,True,True,True,14,True
video_0037,24,现在你想把二郎哥变得跟你一样吗,-1.0,-0.4,-1.0,-0.8,Negative,train,37_24,True,True,True,15,True
video_0037,25,你为什么总是要跟我作对,-1.0,-1.0,-1.0,-1.0,Negative,test,37_25,True,True,True,11,True
video_0038,1,放心吧，你姐在九泉之下会祝福我们的,0.2,0.8,0.4,-0.4,Positive,train,38_1,True,True,True,17,True
video_0038,2,我俩是高中同学，不过我俩没早恋,0.0,0.0,0.2,0.0,Neutral,valid,38_2,True,True,True,15,True
video_0038,3,一个小时，神九都快绕地球一周了,-0.8,-0.2,-0.8,-1.0,Negative,train,38_3,True,True,True,15,True
video_0038,4,假设，女主人公在学生时代非常的自卑,0.0,-0.6,0.2,0.0,Neutral,train,38_4,True,True,True,17,True
video_0038,5,这么优秀的男人，早就应该结婚生子了,0.0,-0.2,0.0,-0.2,Neutral,valid,38_5,True,True,True,17,True
video_0038,6,我觉得，这个设定有问题,-0.6,-0.8,-0.6,-0.8,Negative,valid,38_6,True,True,True,11,True
video_0038,7,那时候她每天都会帮我带早餐,0.8,0.2,0.6,0.8,Positive,train,38_7,True,True,True,13,True
video_0038,8,做朋友这方面，乔一真的没话说,1.0,1.0,0.8,1.0,Positive,train,38_8,True,True,True,14,True
video_0038,9,宝贝，相信我，他在等你,1.0,1.0,1.0,1.0,Positive,test,38_9,True,True,True,11,True
video_0038,10,过去这么多年的事，谁要在乎啊,-1.0,-1.0,-1.0,-1.0,Negative,valid,38_10,True,True,True,14,True
video_0038,11,你在这找到我的钱包了吗,0.0,0.0,-0.2,-0.2,Neutral,valid,38_11,True,True,True,11,True
video_0038,12,这么久都没回国了，刚好回去看看,0.2,0.2,0.4,0.8,Positive,test,38_12,True,True,True,15,True
video_0038,13,帮我拒了吧，就说我没时间,0.0,-0.4,0.0,0.0,Neutral,train,38_13,True,True,True,12,True
video_0038,14,我给你打完电话，以最快的速度冲了过来,0.4,0.2,0.6,0.2,Positive,train,38_14,True,True,True,18,True
video_0038,15,你们那个电视台，钱没发多少，整天就让你加班,-1.0,-1.0,-0.2,-0.2,Negative,test,38_15,True,True,True,21,True
video_0038,16,很多地方是去不得的,-0.2,-0.8,0.4,0.0,Negative,train,38_16,True,True,True,9,True
video_0038,17,你是我这世界上最亲最亲的人了,0.6,1.0,-0.2,-0.4,Positive,train,38_17,True,True,True,14,True
video_0038,18,医生说，脱臼了,-0.8,-0.4,-1.0,-1.0,Negative,valid,38_18,True,True,True,7,True
video_0038,19,你可长点心吧妹妹,-0.6,-0.6,-0.8,0.2,Negative,train,38_19,True,True,True,8,True
video_0038,20,所以我是我们台里的资深表演艺术家,1.0,0.2,1.0,1.0,Positive,test,38_20,True,True,True,16,True
video_0038,21,他不是没有钱的时候是绝对不会回来的,-1.0,-0.4,-1.0,-1.0,Negative,train,38_21,True,True,True,17,True
video_0038,22,我出去挣钱，还不都是为了你,-1.0,-0.8,-1.0,-1.0,Negative,test,38_22,True,True,True,13,True
video_0038,23,能来就不错了,-0.2,-0.2,-0.8,-0.8,Negative,train,38_23,True,True,True,6,True
video_0038,24,你说这好好的一个栏目，老胡非得做的跟老娘舅似的,-0.8,-1.0,-0.8,-1.0,Negative,train,38_24,True,True,True,23,True
video_0038,25,男朋友非说台里的盒饭没营养,0.4,-0.6,0.6,0.6,Positive,train,38_25,True,True,True,13,True
video_0038,26,少拍马屁，说实话,-1.0,-1.0,-1.0,-1.0,Negative,train,38_26,True,True,True,8,True
video_0038,27,你设计那个手表，听说获奖了,0.8,0.8,0.6,0.4,Positive,train,38_27,True,True,True,13,True
video_0038,28,因为那个制片人是我的老同学,0.0,0.0,0.0,0.4,Neutral,valid,38_28,True,True,True,13,True
video_0038,29,虐待那孩子的不是那保姆,-0.6,-0.2,0.0,-1.0,Negative,train,38_29,True,True,True,11,True
video_0038,30,观众的期待是我们节目最大的动力,0.8,1.0,0.8,1.0,Positive,valid,38_30,True,True,True,15,True
video_0038,31,谁也联系不上,0.0,-0.2,-0.2,0.2,Neutral,train,38_31,True,True,True,6,True
video_0038,32,他来找你们求助，你们就这么不负责任啊,-1.0,-1.0,-0.6,-0.8,Negative,test,38_32,True,True,True,18,True
video_0038,33,客气啦，应该的,0.6,1.0,1.0,0.8,Positive,valid,38_33,True,True,True,7,True
video_0038,34,主持人摔倒了，很严重,-0.8,-0.8,-1.0,0.0,Negative,train,38_34,True,True,True,10,True
video_0038,35,要不要跟嘉宾对一下台本,-0.2,0.0,-0.8,-0.8,Negative,valid,38_35,True,True,True,11,True
video_0038,36,没有回母校看看吗,0.0,0.0,-0.4,1.0,Neutral,valid,38_36,True,True,True,8,True
video_0038,37,这是你第一次骗我的地方,-0.4,-0.6,-1.0,0.4,Negative,train,38_37,True,True,True,11,True
video_0038,38,我这个人很记仇的,-0.4,-0.8,0.2,0.2,Negative,train,38_38,True,True,True,8,True
video_0038,39,这你也能认出来,0.0,-0.2,0.0,0.0,Neutral,train,38_39,True,True,True,7,True
video_0038,40,我是真的爱你,0.6,1.0,0.2,-0.2,Positive,train,38_40,True,True,True,6,True
video_0038,41,是不是特别想唱给我听呀,1.0,0.6,0.8,1.0,Positive,valid,38_41,True,True,True,11,True
video_0038,42,那还那么乱呢，打扫干净再走,-1.0,-1.0,-0.8,-1.0,Negative,test,38_42,True,True,True,13,True
video_0038,43,我这就去打扫,0.0,0.0,0.4,0.8,Neutral,valid,38_43,True,True,True,6,True
video_0038,44,我吃过了,0.0,0.0,-0.2,0.0,Neutral,train,38_44,True,True,True,4,True
video_0038,45,不不不，没吃,0.4,0.0,-0.6,0.2,Positive,train,38_45,True,True,True,6,True
video_0038,46,我去换衣服，我们出去吃,0.6,0.0,0.0,0.4,Positive,train,38_46,True,True,True,11,True
video_0038,47,这是她第一次约我，你快帮我想想办法呀,-1.0,0.4,-1.0,-1.0,Negative,train,38_47,True,True,True,18,True
video_0038,48,你带我来公司干嘛,-1.0,-0.2,-1.0,-1.0,Negative,train,38_48,True,True,True,8,True
video_0039,1,是一个职业车手，有没有类似的前科，怎么会接受这样的邀请,-0.2,0.0,0.0,-0.4,Negative,train,39_1,True,True,True,27,True
video_0039,2,叫张扬，做事太张扬，老吃亏,-1.0,-0.6,-0.6,-0.8,Negative,train,39_2,True,True,True,13,True
video_0039,3,我呢希望你以后可以跟爸爸一样，一直飞驰下去，咱们俩这叫飞驰组合,0.6,0.8,0.0,-0.4,Positive,train,39_3,True,True,True,31,True
video_0039,4,夏军，你放开我老婆,-1.0,-0.6,-1.0,-1.0,Negative,valid,39_4,True,True,True,9,True
video_0039,5,那因为什么吊销驾照啊,-0.6,-0.2,-0.6,-1.0,Negative,test,39_5,True,True,True,10,True
video_0039,6,没开几天车，就觉得自己车机已经了不得了,-1.0,-0.4,-1.0,-1.0,Negative,test,39_6,True,True,True,19,True
video_0039,7,主要就想再过一下咱们的合同之后呢再看看我那台赛车,0.6,0.0,0.0,1.0,Positive,train,39_7,True,True,True,24,True
video_0039,8,大哥，我不会跳舞,-0.8,-0.6,-0.8,-1.0,Negative,train,39_8,True,True,True,8,True
video_0040,1,虽然辛苦一些，但比起他们洗盘子，这里是天堂,0.8,0.4,0.8,1.0,Positive,train,40_1,True,True,True,21,True
video_0040,2,我们私下谈不行吗,-1.0,-0.2,-1.0,-1.0,Negative,valid,40_2,True,True,True,8,True
video_0040,3,这艘船上不仅是我们三个人,-0.6,0.0,-0.4,-0.8,Negative,valid,40_3,True,True,True,12,True
video_0040,4,你们怕什么呀,0.0,-0.4,-0.8,-0.6,Neutral,train,40_4,True,True,True,6,True
video_0040,5,那是因为你不够自信,0.0,-0.4,0.0,-0.2,Neutral,train,40_5,True,True,True,9,True
video_0040,6,自信是美国文化对个人最基本的要求,0.0,0.4,0.0,0.0,Neutral,train,40_6,True,True,True,16,True
video_0040,7,我根本就没有自信，我害怕被拒,-1.0,-0.8,-0.8,-1.0,Negative,train,40_7,True,True,True,14,True
video_0040,8,我暗恋你已经一年多了,0.8,0.0,0.2,1.0,Positive,train,40_8,True,True,True,10,True
video_0040,9,我还要再考一次,-0.2,0.0,-0.8,-0.4,Negative,train,40_9,True,True,True,7,True
video_0040,10,家里已经负担不起了,-1.0,-0.6,0.0,-0.6,Negative,train,40_10,True,True,True,9,True
video_0040,11,在读书呢，嚷嚷什么啊,-1.0,-1.0,-1.0,-1.0,Negative,test,40_11,True,True,True,10,True
video_0040,12,关你屁事,-1.0,-1.0,-0.4,-1.0,Negative,train,40_12,True,True,True,4,True
video_0040,13,你要是不答应我，我就拉你一起跳湖,-1.0,-0.8,-0.6,-0.6,Negative,train,40_13,True,True,True,16,True
video_0040,14,听见没有，我叫你滚,-1.0,-1.0,-0.2,-1.0,Negative,valid,40_14,True,True,True,9,True
video_0040,15,你走吧，会传染的,-1.0,-0.6,-0.2,-0.8,Negative,train,40_15,True,True,True,8,True
video_0040,16,等我发了工资,0.0,0.0,0.0,-0.2,Neutral,train,40_16,True,True,True,6,True
video_0040,17,但恳请各位领导从轻处分,-0.6,-0.6,0.0,0.0,Negative,valid,40_17,True,True,True,11,True
video_0040,18,检讨人，成冬青,-0.8,0.0,-0.2,0.0,Negative,test,40_18,True,True,True,7,True
video_0040,19,你们可不可以不要在课堂上睡觉,-1.0,-1.0,-1.0,-1.0,Negative,test,40_19,True,True,True,14,True
video_0040,20,如果你们实在不喜欢听我讲课你们可以走,-1.0,-0.8,-1.0,-1.0,Negative,train,40_20,True,True,True,18,True
video_0040,21,它认识我我不认识它,-0.4,0.0,-0.2,-0.4,Negative,valid,40_21,True,True,True,9,True
video_0040,22,我最好的朋友孟晓骏和王阳嘲笑我,-0.8,-0.8,-0.4,-0.6,Negative,test,40_22,True,True,True,15,True
video_0040,23,我真的是孙子,-0.6,-1.0,0.0,-0.6,Negative,valid,40_23,True,True,True,6,True
video_0040,24,如果只看长相，那叫好色,0.0,0.0,0.0,0.0,Neutral,train,40_24,True,True,True,11,True
video_0040,25,Ditto，同上的，同样的，意思和Me，too一样,0.0,0.0,0.0,0.2,Neutral,test,40_25,True,True,True,25,True
video_0040,26,孟老师刚从美国回来,0.6,0.0,0.4,1.0,Positive,train,40_26,True,True,True,9,True
video_0040,27,好，很不错,1.0,1.0,1.0,1.0,Positive,valid,40_27,True,True,True,5,True
video_0040,28,从今往后我爱也不办什么大型讲座了，我就办一对一签证模拟面试,-0.2,0.0,0.2,-0.8,Negative,train,40_28,True,True,True,29,True
video_0040,29,她伤害了我，到美国才一个月就提出和我分手,-1.0,-0.8,-0.6,-1.0,Negative,train,40_29,True,True,True,20,True
video_0040,30,说明她没骗你啊，他完全可以一年之后再告诉你,0.0,0.2,0.2,-0.2,Neutral,valid,40_30,True,True,True,21,True
video_0040,31,我为什么要移民啊，给我移我也不会,-1.0,-0.4,-1.0,-1.0,Negative,train,40_31,True,True,True,16,True
video_0040,32,你被拒签说明你不了解美国,-0.2,-0.6,-0.8,-0.8,Negative,train,40_32,True,True,True,12,True
video_0040,33,关你屁事，你以为你也能指导我吗,-1.0,-1.0,-1.0,-1.0,Negative,train,40_33,True,True,True,15,True
video_0040,34,什么都不要说转身直接离开，否则它会像对待一件行李一样对待你,-0.4,-0.8,0.0,-0.6,Negative,train,40_34,True,True,True,29,True
video_0040,35,你一定要把气氛搞得这么淆混吗,-0.8,-1.0,-0.8,-0.2,Negative,train,40_35,True,True,True,14,True
video_0040,36,我从来就没有什么梦想,-0.2,-0.6,-0.6,0.0,Negative,train,40_36,True,True,True,10,True
video_0040,37,说到失败我连草稿都不用打,-0.4,-0.2,0.0,-0.2,Negative,train,40_37,True,True,True,12,True
video_0040,38,又有三万多人失败了,-0.4,-0.6,-0.2,-0.6,Negative,train,40_38,True,True,True,9,True
video_0040,39,这就是现实,-1.0,0.0,-1.0,-1.0,Negative,train,40_39,True,True,True,5,True
video_0040,40,掉在水里你不会淹死，呆在水里你才会淹死,-0.6,0.0,-0.6,-0.8,Negative,train,40_40,True,True,True,19,True
video_0040,41,那些从一开始就选择放弃的人他不会失败,-0.8,-0.4,-0.6,-0.6,Negative,test,40_41,True,True,True,18,True
video_0040,42,因为他们从一开始就失败了,-0.6,-0.4,-0.6,-0.6,Negative,train,40_42,True,True,True,12,True
video_0040,43,失败并不可怕,-0.4,0.2,-0.4,-0.6,Negative,train,40_43,True,True,True,6,True
video_0040,44,害怕失败才真正可怕,-0.4,-0.2,-0.6,-0.6,Negative,train,40_44,True,True,True,9,True
video_0040,45,这是非常严重的违章行为,-0.8,-0.6,-0.8,-1.0,Negative,train,40_45,True,True,True,11,True
video_0040,46,但张冀毕竟是个元老,-0.2,0.0,0.0,-0.8,Negative,test,40_46,True,True,True,9,True
video_0040,47,晓骏，这个事情吧，咱们得暂时缓一缓,0.0,0.0,0.0,0.0,Neutral,train,40_47,True,True,True,17,True
video_0040,48,原来是因为这个,-0.2,0.0,0.0,-0.6,Negative,train,40_48,True,True,True,7,True
video_0040,49,我带着我们的事业来美国骂我引以为豪的事业,0.4,-0.2,0.0,-0.2,Positive,train,40_49,True,True,True,20,True
video_0040,50,我希望告诉他们我不是一个失败者,0.2,0.8,-0.4,0.0,Positive,valid,40_50,True,True,True,15,True
video_0040,51,可他们连最基本的尊重也不给,-0.8,-1.0,-0.8,-0.2,Negative,test,40_51,True,True,True,13,True
video_0040,52,所以我想只有我们站在纽交所挥锤的那一刻,-0.4,0.0,0.2,-0.6,Negative,train,40_52,True,True,True,19,True
video_0040,53,我是为了我自己，对不起,-0.8,-1.0,-0.8,-0.6,Negative,train,40_53,True,True,True,11,True
video_0040,54,晓骏，吃完饭，咱们去攻陷美国,0.8,0.6,-0.4,-0.2,Positive,valid,40_54,True,True,True,14,True
video_0041,1,女人啊这个眼泪是最重要的东西，没说话眼泪就下来了，抽泣,-0.2,-0.8,0.2,-0.8,Negative,train,41_1,True,True,True,27,True
video_0041,2,男人就怕女人哭,-0.2,-0.4,0.2,0.2,Negative,valid,41_2,True,True,True,7,True
video_0041,3,你哭什么，我问你怎么回事，你跟那场戏似的我问你怎么回事,-1.0,-1.0,-1.0,-1.0,Negative,train,41_3,True,True,True,27,True
video_0041,4,这就不能打了，女人在哭的时候这就不能打，男人下不去手,0.2,-0.4,0.2,0.6,Positive,test,41_4,True,True,True,26,True
video_0041,5,急呀，我问你怎么回事,-1.0,-0.8,-1.0,-1.0,Negative,test,41_5,True,True,True,10,True
video_0041,6,你也知道，我原来是妓院出来的，我嫁到督办这呢，我跟了督办了,-1.0,-0.6,-0.8,-1.0,Negative,valid,41_6,True,True,True,29,True
video_0041,7,外面传言我跟刘汉臣这场戏的怎么着怎么着，督办您觉得这能是真的吗,-1.0,0.0,-1.0,-1.0,Negative,valid,41_7,True,True,True,31,True
video_0041,8,督办您是什么人啊，您是铮铮铁骨，您是男子汉，统带千军万马,-1.0,0.8,-0.8,-1.0,Negative,valid,41_8,True,True,True,28,True
video_0041,9,这句话说完褚玉璞枪就撂下了，就更打不了了,0.2,0.0,0.2,0.6,Positive,train,41_9,True,True,True,20,True
video_0041,10,那国民饭店是怎么回事,-1.0,0.0,-1.0,-1.0,Negative,train,41_10,True,True,True,10,True
video_0041,11,跟您这么说吧，那天其实我在裕德里的时候我就挺喜欢刘汉臣的,-1.0,0.6,-1.0,-1.0,Negative,test,41_11,True,True,True,28,True
video_0041,12,我当您的媳妇之后呢我还是想唱戏，但是我过去我是想让他教我唱戏,-1.0,0.0,-1.0,-1.0,Negative,train,41_12,True,True,True,30,True
video_0041,13,我要是当了您的夫人我就不好意思在跟他来往，我怕损害了督办的名声,-1.0,0.0,-0.8,-1.0,Negative,train,41_13,True,True,True,31,True
video_0041,14,所以我就买通了星期六晚报,-1.0,0.0,-1.0,-1.0,Negative,valid,41_14,True,True,True,12,True
video_0041,15,我为什么没有对外界说呢，我还是照顾督办的名声,-1.0,0.4,-1.0,-1.0,Negative,train,41_15,True,True,True,22,True
video_0041,16,你们也被这边感染了吗,0.6,-0.2,0.0,0.6,Positive,valid,41_16,True,True,True,10,True
video_0041,17,我请您吃红丸子,0.6,0.2,0.6,1.0,Positive,test,41_17,True,True,True,7,True
video_0041,18,背个贯口能把自己背哭了,-0.2,-0.4,0.2,-0.6,Negative,train,41_18,True,True,True,11,True
video_0041,19,从来都没有什么勾心斗角的事,-0.2,0.0,-0.6,-1.0,Negative,train,41_19,True,True,True,13,True
video_0041,20,德云社真是一个其乐融融的大家庭,-0.2,0.6,-1.0,-1.0,Negative,train,41_20,True,True,True,15,True
video_0041,21,确实在德云社我经历了不少,-0.2,0.0,-1.0,-1.0,Negative,test,41_21,True,True,True,12,True
video_0041,22,师哥从来都不欺负师弟,-0.2,0.6,-1.0,-1.0,Negative,train,41_22,True,True,True,10,True
video_0041,23,就是关系都特别好，拿德云社来说，真的特别开心在这这么多年,0.4,1.0,0.0,0.2,Positive,train,41_23,True,True,True,28,True
video_0041,24,赵钱孙李，周吴郑王，冯陈褚卫，我叫孟鹤堂,0.2,0.0,0.2,0.8,Positive,test,41_24,True,True,True,20,True
video_0041,25,主要是我那搭档，他不是，这前几天呢，他也不跟我说一声,-1.0,0.0,-1.0,-1.0,Negative,train,41_25,True,True,True,26,True
video_0041,26,他跟人家说群的去了,-1.0,0.0,-1.0,-1.0,Negative,valid,41_26,True,True,True,9,True
video_0041,27,你说我身边要没有他，我这心里头啊,-1.0,-0.6,-1.0,-1.0,Negative,train,41_27,True,True,True,16,True
video_0041,28,怎么就那么开心呢我,1.0,1.0,0.6,1.0,Positive,train,41_28,True,True,True,9,True
video_0041,29,包括封神榜斩妲己的时候也是这样，下不去手,-0.2,-0.4,-0.6,-0.8,Negative,train,41_29,True,True,True,20,True
video_0041,30,我说我啊约他上国民饭店,-1.0,0.0,-0.8,-1.0,Negative,valid,41_30,True,True,True,11,True
video_0041,31,我假装约他采访约他去,-1.0,0.0,-0.8,-1.0,Negative,test,41_31,True,True,True,10,True
video_0041,32,实际上我是想让他教我唱几出戏,-1.0,0.0,-0.8,-1.0,Negative,train,41_32,True,True,True,14,True
video_0042,1,我让你给咱们保安队招新人招的怎么样了,-0.2,0.0,-0.2,-0.2,Negative,valid,42_1,True,True,True,18,True
video_0042,2,好，那我就放心了，他们人呢,1.0,0.4,0.6,1.0,Positive,valid,42_2,True,True,True,13,True
video_0042,3,但是我已经让我姥去办了，想相信很快就会有人来了,-0.2,0.4,0.6,0.2,Negative,train,42_3,True,True,True,23,True
video_0042,4,他不还是上次那个人吗，他怎么又来了,-1.0,-0.4,-1.0,-1.0,Negative,train,42_4,True,True,True,17,True
video_0042,5,你别败坏我东西了,-1.0,-1.0,-0.8,-1.0,Negative,train,42_5,True,True,True,8,True
video_0042,6,我痛定思痛，我去医院把我身上的疼痛神经全部摘除了,-0.2,-0.2,-0.6,-0.6,Negative,test,42_6,True,True,True,24,True
video_0042,7,谢谢队长,-0.4,0.8,0.2,-1.0,Negative,train,42_7,True,True,True,4,True
video_0042,8,情感神经丰富了,-0.2,0.2,0.6,0.4,Negative,train,42_8,True,True,True,7,True
video_0042,9,小鸡，对不起你,-1.0,-1.0,-1.0,-1.0,Negative,train,42_9,True,True,True,7,True
video_0042,10,上一边自己呆着去,-1.0,-1.0,-1.0,-1.0,Negative,train,42_10,True,True,True,8,True
video_0042,11,我姥说还有一个人，你就要不再给我姥一次机会,-0.2,-0.2,-0.6,0.0,Negative,test,42_11,True,True,True,21,True
video_0042,12,你看我干什么玩意啊，你想咋的,-1.0,-1.0,-1.0,-0.8,Negative,train,42_12,True,True,True,14,True
video_0042,13,我确实找到我这个问题改变的方法了,-0.2,0.2,-0.2,-0.6,Negative,valid,42_13,True,True,True,16,True
video_0042,14,给我和我姥一次机会,-0.2,0.0,-0.2,-0.6,Negative,train,42_14,True,True,True,9,True
video_0042,15,是这样队长，上次一战我总结了一个经验,0.0,0.0,0.6,0.4,Neutral,train,42_15,True,True,True,18,True
video_0042,16,我学了三个月的军事战略部署,-0.2,0.0,-0.2,0.4,Negative,valid,42_16,True,True,True,13,True
video_0042,17,很久没人问我这个问题了,-0.4,0.0,0.0,-0.4,Negative,train,42_17,True,True,True,11,True
video_0042,18,我一个人漫步在海滩，阳光金灿灿的，远处驶过一艘轮船,0.8,0.2,0.6,1.0,Positive,test,42_18,True,True,True,25,True
video_0042,19,和水手们亲切地交谈，他看见我，向我亲切的挥了挥手,1.0,0.8,0.8,1.0,Positive,valid,42_19,True,True,True,24,True
video_0042,20,我的三元得力干将，这次都进化了,-1.0,0.6,-0.2,-1.0,Negative,train,42_20,True,True,True,15,True
video_0043,1,大家可以拭目以待一下，我相信我是不会让你们失望的,1.0,0.2,0.8,0.6,Positive,train,43_1,True,True,True,24,True
video_0043,2,大家看好了，这是我第一档综艺，也是我最好的一档综艺，赶紧来吧,1.0,1.0,0.6,1.0,Positive,train,43_2,True,True,True,30,True
video_0043,3,这个我，随便吧反正，他们要是这么想的话就演演看呗，实力说话嘛,-0.4,0.2,-0.4,0.6,Negative,train,43_3,True,True,True,30,True
video_0043,4,你给他时间准备，他就会透过排练掩盖他本身的缺点,0.0,-0.4,0.0,0.0,Neutral,test,43_4,True,True,True,23,True
video_0043,5,即兴练习应该是让一个人的缺点优点暴露无遗的一个考核标准吧,0.0,0.0,0.0,0.0,Neutral,train,43_5,True,True,True,28,True
video_0043,6,但她现在的表演功力还不扎实，我看他学完会怎么样，有点期待,1.0,1.0,0.4,0.8,Positive,train,43_6,True,True,True,28,True
video_0043,7,今年没有预算出专辑，得看明年，今年好好拍戏，如果达到一定kpi明年才能出专辑,-0.2,0.0,0.0,0.0,Negative,train,43_7,True,True,True,38,True
video_0043,8,我举个例子，编剧说你打杯水喝，那么这本来就是个心理反应,0.2,0.0,0.2,0.2,Positive,train,43_8,True,True,True,27,True
video_0043,9,但是你演出来渴，想喝水，那是生理反应，听懂了吧,0.8,0.0,0.6,1.0,Positive,test,43_9,True,True,True,23,True
video_0043,10,有很多很多演员确实在他那学习过以后发生了翻天覆地的改变,0.4,0.6,0.4,0.2,Positive,test,43_10,True,True,True,27,True
video_0043,11,因为他们很想征服我们，如果他有这个心，他只有多不会少的,0.6,0.2,0.2,0.0,Positive,train,43_11,True,True,True,27,True
video_0043,12,来第三位请进,0.8,0.0,0.6,1.0,Positive,train,43_12,True,True,True,6,True
video_0043,13,为什么不是见了三十个之后最后选十二个出来呢,-0.2,-0.2,-0.2,0.0,Negative,train,43_13,True,True,True,21,True
video_0043,14,但现在就见一个选一个，这是好方法吗,-0.8,-0.2,0.2,1.0,Negative,train,43_14,True,True,True,17,True
video_0043,15,喝醉不是你耍无赖的理由,-1.0,-1.0,-1.0,-1.0,Negative,test,43_15,True,True,True,11,True
video_0043,16,抱歉，我当年没做到，所以你做到了我还挺羡慕你的,0.0,1.0,-0.2,0.0,Neutral,train,43_16,True,True,True,23,True
video_0043,17,你吼我，长这么大你吼过我吗,-1.0,-1.0,-1.0,-1.0,Negative,train,43_17,True,True,True,13,True
video_0043,18,关于你的表演里面，你有没有站在观众的角度思考这段表演是否过长或是否过于激烈,0.0,-0.4,0.0,0.0,Neutral,train,43_18,True,True,True,37,True
video_0043,19,这个也是演员的美学，他需要去学习的,0.0,0.0,0.0,0.0,Neutral,train,43_19,True,True,True,17,True
video_0043,20,当然你的傲慢我也很喜欢,1.0,1.0,0.8,1.0,Positive,train,43_20,True,True,True,11,True
video_0043,21,没想到意外收获会这么多,0.2,1.0,-0.2,-0.2,Positive,valid,43_21,True,True,True,11,True
video_0043,22,各位老师是可以从一个上帝视角来看我,0.0,0.0,0.0,0.0,Neutral,train,43_22,True,True,True,17,True
video_0043,23,但我之前一直不会发现这个问题,-0.4,-0.2,-0.4,-0.6,Negative,valid,43_23,True,True,True,14,True
video_0043,24,我说他那个水平都没有进，那我一下就蒙了你知道吗,-1.0,-0.6,-1.0,-0.4,Negative,train,43_24,True,True,True,23,True
video_0043,25,那你要是因为我是欢娱人第一个把我刷掉这也是不公平的呀,-0.8,-1.0,-0.6,-0.6,Negative,train,43_25,True,True,True,26,True
video_0043,26,我也认为很好，特别好,0.8,1.0,0.4,-0.2,Positive,test,43_26,True,True,True,10,True
video_0043,27,我记得03年04年那两年是我见组最疯狂的两年,0.0,0.2,0.0,-0.4,Neutral,train,43_27,True,True,True,22,True
video_0043,28,03年我一年见了三百多个剧组,0.0,0.0,0.0,0.0,Neutral,test,43_28,True,True,True,14,True
video_0043,29,两年之内被否定了将近六百次,-0.2,-0.6,-0.2,0.0,Negative,train,43_29,True,True,True,13,True
video_0043,30,我用了十五年的时间想忘了被人抛弃或者说你可以走了这种感觉,-0.2,-0.8,-0.6,-0.2,Negative,test,43_30,True,True,True,28,True
video_0043,31,他们渴望成为演技派的，每个人都渴望,0.0,0.0,0.2,0.4,Neutral,valid,43_31,True,True,True,17,True
video_0043,32,他是一个电影学院大一第一学期的一个入门表演练习,0.0,0.0,0.0,0.0,Neutral,train,43_32,True,True,True,23,True
video_0043,33,观众看一个电影一个电视剧他是不知道接下来剧情的对不对,0.0,0.0,0.0,0.2,Neutral,test,43_33,True,True,True,26,True
video_0043,34,但对不起，演员是知道的,0.0,-0.2,0.0,0.0,Neutral,train,43_34,True,True,True,11,True
video_0043,35,但是演的时候我们是不能让别人看出来我们是知道接下来的剧情的,0.2,0.0,0.0,-0.2,Positive,train,43_35,True,True,True,29,True
video_0043,36,我没拿,-1.0,0.0,-0.8,-1.0,Negative,train,43_36,True,True,True,3,True
video_0043,37,跟你有屁关系啊,-1.0,-1.0,-0.8,-0.8,Negative,train,43_37,True,True,True,7,True
video_0043,38,我天天陪着你，你吃什么穿什么,-1.0,-0.8,-0.4,0.0,Negative,train,43_38,True,True,True,14,True
video_0043,39,不要这么乖,0.0,-0.4,0.0,-0.2,Neutral,train,43_39,True,True,True,5,True
video_0043,40,你演的是你爸爸的性格吗,-0.2,0.0,0.0,0.2,Negative,train,43_40,True,True,True,11,True
video_0043,41,那个传承很重要，因为没人传承给他,-0.4,0.0,0.0,0.2,Negative,test,43_41,True,True,True,16,True
video_0043,42,对啊我觉得振宇老师说的特别好，你听明白了吗,0.4,0.2,0.8,0.2,Positive,train,43_42,True,True,True,21,True
video_0043,43,各位老师好，我是张楠，近年22岁,0.6,0.0,0.0,0.2,Positive,test,43_43,True,True,True,16,True
video_0043,44,确实是你的形象是让人非常过目不忘的,0.4,0.4,-0.2,0.2,Positive,valid,43_44,True,True,True,17,True
video_0043,45,你儿子我，我第七中队成绩优异第一，你怕什么啊,1.0,-0.2,0.8,-0.4,Positive,train,43_45,True,True,True,22,True
video_0043,46,你知道我认为他肯定说不出来的，我认为他心思根本就没再听,0.0,-1.0,0.0,0.2,Neutral,train,43_46,True,True,True,27,True
video_0043,47,好久没有体会到这种即兴的魅力，而且我很感谢我对手，真的,1.0,1.0,0.8,1.0,Positive,valid,43_47,True,True,True,27,True
video_0043,48,有一类例外，正小生和正花旦,0.0,0.0,0.0,0.2,Neutral,test,43_48,True,True,True,13,True
video_0043,49,来吧，期待你的表演,1.0,0.8,1.0,1.0,Positive,train,43_49,True,True,True,9,True
video_0043,50,如果你觉得你怀才不遇，我给你这样一个机会，让你看看你究竟是不是这块料,0.0,0.2,0.0,0.6,Neutral,train,43_50,True,True,True,34,True
video_0043,51,我对他们的考验不会仅仅停留在展现生理反应这种基础层面上,0.2,0.0,0.6,0.6,Positive,train,43_51,True,True,True,27,True
video_0043,52,我更期待的是两位演员在尽情飙戏过程中互相制衡和博弈,0.6,0.6,0.6,1.0,Positive,test,43_52,True,True,True,25,True
video_0043,53,我明天带她去民政局好吧,-0.8,0.0,-0.6,-1.0,Negative,train,43_53,True,True,True,11,True
video_0043,54,从头到尾里面她都很关注一个事件，发生了什么事情她都一直不丢掉这个最高任务,0.0,0.0,0.0,-0.2,Neutral,valid,43_54,True,True,True,36,True
video_0043,55,你这边的接都接的非常好,0.2,0.6,0.6,-0.2,Positive,test,43_55,True,True,True,11,True
video_0043,56,我跟你说一句话啊，我觉得你太在意了,0.0,-0.2,-0.4,0.2,Neutral,train,43_56,True,True,True,17,True
video_0043,57,我认为你是一个非常非常好的演员,1.0,1.0,1.0,-0.4,Positive,test,43_57,True,True,True,15,True
video_0043,58,我只能说我这次是侥幸,1.0,0.4,0.0,1.0,Positive,test,43_58,True,True,True,10,True
video_0043,59,她演什么想什么,0.4,0.2,0.2,0.0,Positive,train,43_59,True,True,True,7,True
video_0043,60,他非常有类型化，他摆在人群中你肯定不会忘记,0.0,0.8,0.2,0.0,Neutral,train,43_60,True,True,True,21,True
video_0043,61,我始终觉得哪里有空填哪是最容易出来的,0.2,0.2,0.0,0.2,Positive,train,43_61,True,True,True,18,True
video_0043,62,所以说我已经做好了可能会走的准备,-0.8,0.0,-0.4,0.0,Negative,train,43_62,True,True,True,16,True
video_0043,63,因为我觉得走我也不后悔,0.0,0.8,-0.4,0.0,Neutral,train,43_63,True,True,True,11,True
video_0043,64,只要够优秀，优秀到极点，那我肯定要抢的,0.0,0.8,0.2,0.0,Neutral,valid,43_64,True,True,True,19,True
video_0044,1,大家好老师好，我是朱致灵，身高是一米八五，体重是七十,0.2,0.0,0.2,0.6,Positive,train,44_1,True,True,True,26,True
video_0044,2,我们要正面侧面还有后面都拍你一下，好吧,0.6,0.0,0.6,0.6,Positive,train,44_2,True,True,True,19,True
video_0044,3,他看中你的特点是什么,0.8,0.0,0.2,0.6,Positive,test,44_3,True,True,True,10,True
video_0044,4,说真的，我连徐导都不知道是谁,0.2,0.0,0.6,0.8,Positive,valid,44_4,True,True,True,14,True
video_0044,5,当天就签了，我就觉得我要走出这一步，就是想搏一下,0.2,0.2,0.6,0.6,Positive,train,44_5,True,True,True,24,True
video_0044,6,你干嘛不给你爸妈打电话啊,-0.4,-0.4,-0.6,-0.6,Negative,test,44_6,True,True,True,12,True
video_0044,7,但是你作为和那个女生演对手戏的男演员，你却没发现她穿什么鞋,-0.4,-0.4,-0.2,-0.2,Negative,train,44_7,True,True,True,29,True
video_0044,8,我提醒第一句话就是一个演员一定是生活细节大师,0.0,0.0,0.0,-0.2,Neutral,train,44_8,True,True,True,22,True
video_0044,9,躺着靠着然后一句话都不会说,-0.4,0.0,-0.4,0.2,Negative,train,44_9,True,True,True,13,True
video_0044,10,为什么不演这个呢,-0.8,-0.4,0.0,-0.8,Negative,train,44_10,True,True,True,8,True
video_0045,1,我觉得这是我今天得到的最大的收获,0.4,0.4,0.0,0.4,Positive,test,45_1,True,True,True,16,True
video_0045,2,纠结两星期了，从演说家都快变成纠结家了,0.0,-0.8,0.0,0.8,Neutral,train,45_2,True,True,True,19,True
video_0045,3,跟他们培训跟他们聊天，也有了很多的感情,0.0,0.4,0.0,0.2,Neutral,train,45_3,True,True,True,19,True
video_0045,4,他们现在的状态怎么样呢,0.2,0.0,0.6,0.4,Positive,test,45_4,True,True,True,11,True
video_0045,5,你就尽管选的,0.2,0.2,0.0,1.0,Positive,train,45_5,True,True,True,6,True
video_0045,6,反正我们都会尽我们的全力,0.4,0.4,0.0,1.0,Positive,valid,45_6,True,True,True,12,True
video_0045,7,女的都被他们淘汰掉了,0.0,-0.4,0.0,0.8,Neutral,train,45_7,True,True,True,10,True
video_0045,8,说的好可怜啊,1.0,-1.0,1.0,1.0,Positive,train,45_8,True,True,True,6,True
video_0045,9,以我对你的判断我觉得你应该会先派黄橙橙,0.8,0.0,1.0,1.0,Positive,test,45_9,True,True,True,19,True
video_0045,10,我觉得应该不是黄橙橙，因为我刚才出去看到她了,0.0,0.0,0.0,0.4,Neutral,train,45_10,True,True,True,22,True
video_0045,11,三个孩子我都特别喜欢,0.6,1.0,1.0,-0.8,Positive,test,45_11,True,True,True,10,True
video_0045,12,你三个选手我都还喜欢，你还欠我凤梨酥呢,-0.4,0.8,0.2,-0.8,Negative,train,45_12,True,True,True,19,True
video_0045,13,二十岁的时候我选择去服兵役,0.0,0.0,0.0,0.2,Neutral,valid,45_13,True,True,True,13,True
video_0045,14,因为在当艺人的那个阶段，我每天不是这个播音棚就是那个播音棚,0.0,-0.2,0.0,0.2,Neutral,valid,45_14,True,True,True,29,True
video_0045,15,每天唱歌演戏跳舞,0.0,0.0,0.0,-0.2,Neutral,train,45_15,True,True,True,8,True
video_0045,16,我心里想，哇我好开心哦，我终于可以换一个地方休息一下了,1.0,1.0,0.6,1.0,Positive,train,45_16,True,True,True,27,True
video_0045,17,当今去部队的第一天，班长立刻给了我一个下马威,0.0,-0.6,0.0,-0.2,Neutral,train,45_17,True,True,True,22,True
video_0045,18,在文工团里面，我们不仅要表演，我们还要搭舞台，灯光，音响，做道具,0.0,0.0,0.4,0.0,Neutral,train,45_18,True,True,True,32,True
video_0045,19,我还学会了用缝纫机用针线去做衣服,0.0,0.0,0.0,0.6,Neutral,test,45_19,True,True,True,16,True
video_0045,20,原来我以前都不会的事情也不需要做的事情我竟然都会了,0.8,0.6,0.4,0.8,Positive,train,45_20,True,True,True,25,True
video_0045,21,黄小山就是一个不会被难倒的人，所以让我们欢迎黄小山,0.2,0.8,0.8,0.6,Positive,train,45_21,True,True,True,25,True
video_0045,22,就是因为好我才会记得住，所以我今天超级超级期待你的表演,0.8,1.0,0.4,0.6,Positive,test,45_22,True,True,True,27,True
video_0045,23,论境界，论情怀，你远远在我之上,1.0,1.0,0.2,0.0,Positive,test,45_23,True,True,True,15,True
video_0045,24,有一阵子我的眼眶湿润了,0.0,1.0,0.2,0.0,Neutral,train,45_24,True,True,True,11,True
video_0045,25,我爱国，但是我不太会在大场合讲爱国,0.0,0.6,0.6,0.0,Neutral,train,45_25,True,True,True,17,True
video_0045,26,不以善小而不为，不以恶小而为之,0.4,0.4,0.2,0.2,Positive,train,45_26,True,True,True,15,True
video_0045,27,在十年之前，我是戴耳环的,0.0,0.0,0.4,0.2,Neutral,train,45_27,True,True,True,12,True
video_0045,28,我犯了一个巨大的跟头和错误，在很漫长的时间里面,-0.6,-1.0,0.0,-0.2,Negative,valid,45_28,True,True,True,23,True
video_0045,29,我很愤怒,-1.0,-1.0,-1.0,-0.6,Negative,valid,45_29,True,True,True,4,True
video_0045,30,我知道很痛苦，但是你真的有可能会帮助到更多的人,-0.2,0.4,-0.2,0.0,Negative,train,45_30,True,True,True,23,True
video_0045,31,当初我确实是有一点点担心，会怕冷到场,-0.2,-0.8,0.2,1.0,Negative,valid,45_31,True,True,True,18,True
video_0045,32,念到后来我才发现，这个人，好像是我，有这么厉害吗,0.4,0.8,0.4,0.2,Positive,valid,45_32,True,True,True,24,True
video_0045,33,三十而立，四十不惑，五十知天命,0.0,0.2,0.0,0.0,Neutral,train,45_33,True,True,True,15,True
video_0045,34,最开始说好的那样，这不是一场比赛，这是一场秀，加油,0.8,1.0,1.0,0.8,Positive,train,45_34,True,True,True,25,True
video_0045,35,只要不吐我，爱吐谁吐谁,0.4,-0.6,0.0,0.4,Positive,train,45_35,True,True,True,11,True
video_0045,36,对于我们四个人而言，吐槽最有效果的就是吐李咏,0.2,0.4,0.6,0.4,Positive,train,45_36,True,True,True,22,True
video_0045,37,那天，我和我一个朋友去逛街买衣服,0.0,0.0,-0.2,0.4,Neutral,valid,45_37,True,True,True,16,True
video_0045,38,你能不能买点正经衣服,-1.0,-1.0,-1.0,-1.0,Negative,valid,45_38,True,True,True,10,True
video_0045,39,自己的三十岁，那一定是才高八斗风度翩翩，张口专业名词，闭嘴绅士微笑,0.8,0.8,0.4,0.8,Positive,train,45_39,True,True,True,33,True
video_0045,40,他真的就是个幻想,-0.8,-0.2,-0.2,-1.0,Negative,test,45_40,True,True,True,8,True
video_0045,41,可能会问了，为什么三十岁这么不给力呢,-0.8,-0.6,-0.8,-1.0,Negative,test,45_41,True,True,True,18,True
video_0045,42,不管是大姐姐还是小妹妹，他们都会跟我说，我们都爱林志颖,0.4,0.4,0.6,-0.4,Positive,train,45_42,True,True,True,27,True
video_0045,43,你总会听到很多这样那样的声音告诉你你的三十岁应该是什么样的,-0.4,0.0,-0.2,-1.0,Negative,train,45_43,True,True,True,29,True
video_0045,44,我告诉你们，梦想就像是内裤,-0.8,0.0,-0.8,-1.0,Negative,test,45_44,True,True,True,13,True
video_0045,45,马云在三十岁的时候也只是英语老师，一个月靠翻译只能挣到几百块钱,-0.6,-0.2,-0.2,-0.8,Negative,test,45_45,True,True,True,31,True
video_0045,46,你想突出的是这个三十而立，我听到后半部分的时候我觉得这个主题的主线不够清晰,-0.4,-1.0,-0.2,0.0,Negative,valid,45_46,True,True,True,37,True
video_0045,47,你最终的这个炮弹要落在什么地方，我其实是稍微有点发散了,0.0,0.0,0.0,0.0,Neutral,test,45_47,True,True,True,27,True
video_0045,48,房子车子票子，不是唯一的成功标准,-0.8,-0.6,0.0,-1.0,Negative,train,45_48,True,True,True,16,True
video_0045,49,有点害怕，有点那种一江春水向东流了,0.0,-1.0,-0.2,0.8,Neutral,train,45_49,True,True,True,17,True
video_0045,50,坦白说我也很喜欢你这个演讲题，三十而立这个东西,0.2,0.8,0.0,0.0,Positive,train,45_50,True,True,True,23,True
video_0045,51,我对的人还没有出现,0.2,-0.2,0.0,1.0,Positive,test,45_51,True,True,True,9,True
video_0045,52,因为太多人赋予你你的伞是应该干什么干什么，就还是应该坚持心中的那个,-0.2,0.4,0.4,-0.6,Negative,train,45_52,True,True,True,33,True
video_0045,53,麻烦你来学校一趟，你儿子无照驾驶,-0.8,-0.4,-0.8,-0.2,Negative,train,45_53,True,True,True,16,True
video_0045,54,我这么样努力去打工，是为了买一辆自己心爱的摩托车,0.8,0.2,0.2,0.8,Positive,train,45_54,True,True,True,24,True
video_0045,55,我希望借由这一次的表演，它能够领悟到更多东西,0.0,0.6,0.0,0.0,Neutral,train,45_55,True,True,True,22,True
video_0045,56,你从他身上感受到的最多的是什么,0.0,0.0,0.0,0.0,Neutral,train,45_56,True,True,True,15,True
video_0045,57,但是在艺人里面没有比它更好的了,0.6,1.0,0.6,0.4,Positive,test,45_57,True,True,True,15,True
video_0045,58,不仅仅是我，我相信很多艺人如果能学习小志导师，它们会成为更大的艺人的,0.8,1.0,0.0,0.6,Positive,train,45_58,True,True,True,34,True
video_0045,59,毕竟我自己就做不到,-0.4,-0.6,-0.2,-0.4,Negative,test,45_59,True,True,True,9,True
video_0045,60,至少我觉得米个人都应该真诚都应该认真说话,-0.4,0.6,-1.0,-0.4,Negative,train,45_60,True,True,True,20,True
video_0045,61,不要把自己当成是奥斯卡影帝，刻意的煽情和无病呻吟都是伪装的真诚,-0.8,-0.8,-1.0,-0.8,Negative,test,45_61,True,True,True,31,True
video_0045,62,缺的是认真说话的人,-0.4,-0.2,-0.8,-0.6,Negative,train,45_62,True,True,True,9,True
video_0045,63,黄小山，小山哥就是那个认真说话的人,0.4,0.2,-0.6,-0.6,Positive,train,45_63,True,True,True,17,True
video_0045,64,听完之后能够认认真真的做事，认认真真的作人，认认真真的说话,0.0,0.8,0.0,-0.2,Neutral,valid,45_64,True,True,True,29,True
video_0045,65,你居然会懂得如何让成就他人,0.0,0.4,0.0,0.0,Neutral,train,45_65,True,True,True,13,True
video_0045,66,每个人都想成全自己，但是很少有人会想到如何通过成全别人来成全自己,0.0,-0.4,0.2,0.0,Neutral,valid,45_66,True,True,True,32,True
video_0045,67,对于像你这个年龄的阶段而言很难做到，所以我要恭喜你,0.4,1.0,-0.2,-0.2,Positive,train,45_67,True,True,True,25,True
video_0045,68,但是通过他改装很厉害的赛车不见得能跑完终点,-0.2,-0.2,0.4,1.0,Negative,test,45_68,True,True,True,21,True
video_0045,69,我们是速度与激情的队伍,1.0,1.0,0.8,1.0,Positive,train,45_69,True,True,True,11,True
video_0045,70,我今天输的一点都没有遗憾，我来这个舞台我已经达到我的目的了,0.2,0.8,-0.8,0.6,Positive,valid,45_70,True,True,True,29,True
video_0045,71,就是这么一件看上去不那么简单的事情让你的生活却变得简单起来,-0.2,0.4,-0.4,-0.4,Negative,train,45_71,True,True,True,29,True
video_0045,72,我觉得我在超级演说家的舞台的收获是我来的时候远远没有想到的,0.6,1.0,0.2,-0.2,Positive,train,45_72,True,True,True,29,True
video_0045,73,这是一个表达观点，指引人向前的舞台,0.4,0.8,-0.2,0.0,Positive,train,45_73,True,True,True,17,True
video_0045,74,唯有坚持自己的道路，把梦想做到极致获得的成功才是最大的成功,0.4,0.8,0.2,-0.6,Positive,test,45_74,True,True,True,29,True
video_0045,75,你比黄小山要难你知道吗，因为你在小山后面讲,-0.2,0.0,-0.2,-0.2,Negative,train,45_75,True,True,True,21,True
video_0045,76,从认真也好，从人性也好，都挺有火气的，我说这制止，怎么个制止法呢,0.0,-0.2,0.0,0.0,Neutral,test,45_76,True,True,True,32,True
video_0045,77,我觉得这个环节真的很要命,-0.8,-1.0,-0.6,-1.0,Negative,train,45_77,True,True,True,12,True
video_0045,78,我一开始还在想他拿着手机在做什么，原来山哥是在搜证,0.2,0.0,0.2,0.8,Positive,valid,45_78,True,True,True,25,True
video_0045,79,这种劝说的方式，很直接把人打开踢开滚开的这种方式，最后神来一笔，这是我家的橘子,0.0,0.0,0.2,0.6,Neutral,train,45_79,True,True,True,39,True
video_0045,80,我只能在我的台上我的表演让大家看，这小子找到感觉了,0.0,0.8,0.6,-0.2,Neutral,test,45_80,True,True,True,25,True
video_0045,81,林志颖，你出来给大家示范伏地挺身,-0.2,0.0,0.0,0.0,Negative,train,45_81,True,True,True,16,True
video_0045,82,一是下，二是上，林志颖，出列,-0.2,0.0,-0.8,0.0,Negative,valid,45_82,True,True,True,14,True
video_0045,83,但是那一瞬间我被击中了,0.4,0.8,0.0,0.2,Positive,train,45_83,True,True,True,11,True
video_0045,84,我明白我是像所有人一样是爱这个国家的，只是我很多时候会没有去表达,0.8,0.4,0.0,0.2,Positive,train,45_84,True,True,True,32,True
video_0045,85,我戴耳环戴很久,0.0,0.0,0.0,0.0,Neutral,train,45_85,True,True,True,7,True
video_0045,86,我带耳环给企业做培训，给政府做培训，我做了很多,0.0,0.0,-0.2,0.0,Neutral,train,45_86,True,True,True,23,True
video_0045,87,我内心深处的想法是,0.0,0.0,-0.2,0.0,Neutral,train,45_87,True,True,True,9,True
video_0045,88,我觉得像我一个培训水平这么好的人，讲的内容这么好的人，你们何必在意我的形象,0.0,0.2,-0.2,-0.2,Neutral,test,45_88,True,True,True,37,True
video_0045,89,只要我讲的内容对你有帮助就行了,0.2,0.6,-0.2,0.2,Positive,test,45_89,True,True,True,15,True
video_0045,90,因为当我去给那些比较传统的政府官员，或者年龄比较大的企业主，或者这些教育工作者讲课的时候,0.0,0.0,0.0,0.0,Neutral,test,45_90,True,True,True,44,True
video_0045,91,我发现他们见到我一开始对我形象的抵触，他已经对我讲的内容没有兴趣了,-0.8,-0.8,0.0,-0.2,Negative,valid,45_91,True,True,True,33,True
video_0045,92,我说我讲的东西是好的，能够对你有帮助，你为什么不接纳我,-1.0,-0.8,-0.8,-1.0,Negative,valid,45_92,True,True,True,27,True
video_0045,93,我带不带耳环跟你有什么关系,-1.0,-1.0,-1.0,-1.0,Negative,train,45_93,True,True,True,13,True
video_0045,94,你为什么不看我的内容,-1.0,-1.0,-1.0,-1.0,Negative,valid,45_94,True,True,True,10,True
video_0045,95,我不愿意把耳环摘掉，但是我知道如果我不摘掉，我会少影响很多人,-0.2,-0.4,-0.4,0.0,Negative,train,45_95,True,True,True,30,True
video_0045,96,你快三十多岁的人了,-1.0,0.0,-1.0,-1.0,Negative,train,45_96,True,True,True,9,True
video_0045,97,你能不能别老带着我跟你逛童装,-1.0,-1.0,-1.0,-1.0,Negative,train,45_97,True,True,True,14,True
video_0045,98,很简单，在工作上，老一辈的经验你还没有学完,-0.2,-0.2,0.2,-0.6,Negative,valid,45_98,True,True,True,21,True
video_0045,99,但是只要我坚持自己的道路获得的成功比那样的成功要大得多，快乐也大得多,0.6,0.8,0.0,-0.2,Positive,train,45_99,True,True,True,34,True
video_0045,100,因为在我年轻的时候我就已经设想要三十而立,0.2,0.0,0.0,0.2,Positive,test,45_100,True,True,True,20,True
video_0045,101,可是在台湾的三十而立叫什么，五子登科,0.0,0.0,0.0,0.2,Neutral,train,45_101,True,True,True,18,True
video_0045,102,我还有很多事情都还没有去做，,0.0,0.0,0.0,0.2,Neutral,train,45_102,True,True,True,14,True
video_0045,103,后来发现我这样设定好像也不太对，后来我就不管了,0.0,0.0,0.0,0.0,Neutral,train,45_103,True,True,True,23,True
video_0045,104,我应该努力的朝我自己想要做的事情，朝我希望跟目标不断的前进,0.6,0.6,0.2,0.0,Positive,train,45_104,True,True,True,29,True
video_0045,105,这才是对的,0.6,1.0,0.0,0.0,Positive,train,45_105,True,True,True,5,True
video_0046,1,我希望这一次能够选一些比较温暖的比较能量的,0.4,0.8,0.2,-0.2,Positive,valid,46_1,True,True,True,21,True
video_0046,2,你讲完之后我都不太敢讲了，都总结的那么好我都不知道该怎么讲,0.2,0.2,0.0,0.6,Positive,valid,46_2,True,True,True,29,True
video_0046,3,希望选择那些已经是很强的人让他们能够有所突破,0.2,0.4,0.4,0.0,Positive,train,46_3,True,True,True,22,True
video_0046,4,为了给每位导师提供一点小小的难度，这一季使用了一些机关大家看到,0.0,0.0,0.6,-0.2,Neutral,train,46_4,True,True,True,31,True
video_0046,5,那天你昏迷了一天什么都没有做，你能证明我说错了吗,-0.2,-0.2,-0.8,-0.2,Negative,valid,46_5,True,True,True,24,True
video_0046,6,用自己的表格记录一下这些时间是怎么花的,0.0,0.0,-0.6,0.0,Neutral,train,46_6,True,True,True,19,True
video_0046,7,12410枚金币，这些金币去哪了我都还记得,0.6,0.0,0.4,0.8,Positive,valid,46_7,True,True,True,21,True
video_0046,8,我希望你是后者,0.2,0.0,0.4,0.4,Positive,train,46_8,True,True,True,7,True
video_0046,9,如果身材不重要的话，那就请不要把这个作为选择我的理由,0.0,-0.2,-0.2,-0.2,Neutral,train,46_9,True,True,True,26,True
video_0046,10,但是你差那么一点点就会走入歧途,0.0,-0.8,-0.4,1.0,Neutral,test,46_10,True,True,True,15,True
video_0046,11,所以说今天我就铤而走险我想走一个被大家可能认为是不太受欢迎的演讲方式,-0.2,-0.2,0.0,0.0,Negative,train,46_11,True,True,True,34,True
video_0046,12,我建议你选一个跟你差别最大的人,0.0,0.0,0.0,-0.2,Neutral,valid,46_12,True,True,True,15,True
video_0046,13,你所有走过的弯路，艾力，我全部都走过,0.0,0.2,0.4,0.0,Neutral,train,46_13,True,True,True,18,True
video_0046,14,因为你跟乐嘉都是属于很能说的，我希望你能选鲁豫姐,0.2,0.0,0.0,0.6,Positive,train,46_14,True,True,True,24,True
video_0046,15,如果你不选择他们，我建议你选择我,0.4,0.0,0.4,0.0,Positive,train,46_15,True,True,True,16,True
video_0046,16,说不定今天电视看完有几个人会开始反思自己，那我的目的就达到了,0.8,0.6,0.0,0.6,Positive,train,46_16,True,True,True,30,True
video_0046,17,大家好，我叫杨蕊蕾，我跟其他女孩不一样,0.2,0.2,0.6,0.8,Positive,valid,46_17,True,True,True,19,True
video_0046,18,看到我秀色可人沉鱼落雁的外表，你肯定以为我是这样的,1.0,1.0,1.0,0.8,Positive,train,46_18,True,True,True,25,True
video_0046,19,根本停不下来啊，朋友们说我这么喜欢说话那只有一个舞台适合我，那就是超级演说家,0.8,0.6,0.6,-0.6,Positive,valid,46_19,True,True,True,38,True
video_0046,20,现在是一名大四的学生，还有半年毕业,0.2,0.0,0.6,1.0,Positive,train,46_20,True,True,True,17,True
video_0046,21,庙里的和尚都这么说，活该你单身,-1.0,-0.6,-0.6,-1.0,Negative,train,46_21,True,True,True,15,True
video_0046,22,亲爱的，跟他们在一起太无聊了，等会打电话叫我回家，温柔点，我开免提啊,0.8,0.0,0.2,0.2,Positive,valid,46_22,True,True,True,34,True
video_0046,23,我当时只有一句话，不带着坑媳妇的吧,-1.0,-0.8,-1.0,-1.0,Negative,train,46_23,True,True,True,17,True
video_0046,24,不不，别跟我提这个，以为内男人和女人像的东西永远都不同，他永远不会明白你在想什么,-0.6,-0.6,-1.0,-0.6,Negative,train,46_24,True,True,True,40,True
video_0046,25,我见着两个观点，重点是想要跟你表达个性好其实是很难的,-0.2,-0.8,-0.2,-0.2,Negative,train,46_25,True,True,True,26,True
video_0046,26,他说完她的心都化了我觉得我的心都化了,0.0,0.6,0.0,-0.2,Neutral,valid,46_26,True,True,True,18,True
video_0046,27,我想把他找回来,-0.8,0.4,-0.8,-0.2,Negative,train,46_27,True,True,True,7,True
video_0046,28,我说你有孩子你为什么偷我的儿子,-1.0,-1.0,-1.0,-1.0,Negative,valid,46_28,True,True,True,15,True
video_0046,29,又是这个然而，房东说孩子三天前又被送到安康去了,-1.0,0.0,-1.0,-1.0,Negative,train,46_29,True,True,True,23,True
video_0046,30,我儿子不是太可怜了吗,-1.0,-1.0,-1.0,-1.0,Negative,train,46_30,True,True,True,10,True
video_0046,31,算上我加上你一共八个人，不同的年纪不同的性别来自不同的地方做不同的事,-0.2,0.0,-0.6,-0.2,Negative,valid,46_31,True,True,True,34,True
video_0046,32,我也相信奇迹，也相信那天绝对能到来的,0.6,1.0,0.0,0.2,Positive,test,46_32,True,True,True,18,True
video_0046,33,甚至也答应你可以将你小朋友的照片发到我微博里动员我的粉丝去帮助到他去寻找到他,0.4,0.4,-0.2,0.0,Positive,train,46_33,True,True,True,38,True
video_0046,34,因为我一直相信我的儿子会回到我的身边，我就是有这样一个信念让我坚守了二十六年,-0.2,1.0,-1.0,-0.2,Negative,test,46_34,True,True,True,38,True
video_0046,35,如果没有那些购买者，这些人贩子将会无所遁形,-0.4,-0.6,-0.2,0.0,Negative,train,46_35,True,True,True,21,True
video_0046,36,我想成为一名像领袖一样伟大的人,0.8,0.8,0.6,0.2,Positive,train,46_36,True,True,True,15,True
video_0046,37,后来我才知道她就是好莱坞蒙娜日克瑞斯公司的总裁，是一位著名的导演,0.2,0.0,0.2,0.0,Positive,test,46_37,True,True,True,32,True
video_0046,38,父母的爱就是我成长中最好的养料,0.2,0.8,-0.8,0.2,Positive,train,46_38,True,True,True,15,True
video_0046,39,但是我觉得你一新的想要帮助别人，或许你可以先改变一种方式,0.2,0.2,0.0,0.4,Positive,test,46_39,True,True,True,28,True
video_0046,40,我小时候曾经幻想过自己是超人，可以出现在人们需要我的时候拯救世界,1.0,0.8,0.6,1.0,Positive,test,46_40,True,True,True,32,True
video_0046,41,我也幻想过自己是一个球员，可以加入NBA和科比一起打球,0.6,0.4,0.6,0.6,Positive,train,46_41,True,True,True,27,True
video_0046,42,他们开始疯狂的往场内扔垃圾扔零食仍矿泉水,-0.8,-0.8,-0.6,-0.4,Negative,valid,46_42,True,True,True,20,True
video_0046,43,可是我不断的站起来就不断的摔倒，你们怎么还可以笑我呢,-0.6,-0.6,-1.0,-1.0,Negative,train,46_43,True,True,True,26,True
video_0046,44,通常要穿多久啊这身衣服,0.0,0.0,0.6,0.4,Neutral,valid,46_44,True,True,True,11,True
video_0046,45,我总是特别容易被有梦想的人打动,0.6,0.8,0.0,0.4,Positive,valid,46_45,True,True,True,15,True
video_0046,46,能够让别人明白命运可以掌握在自己手里面，那我就觉得已经很开心很满足了,0.8,1.0,0.0,0.8,Positive,train,46_46,True,True,True,34,True
video_0046,47,他总是希望把快乐带给别人,0.2,1.0,0.0,0.0,Positive,test,46_47,True,True,True,12,True
video_0046,48,北极熊只是轻轻的和你握个手你的手可能就不见了,-0.8,-0.4,-0.2,0.0,Negative,valid,46_48,True,True,True,22,True
video_0046,49,北极熊就把我们帐篷给抓破了，把我们的食物抢走了,-0.8,-0.8,-0.2,0.0,Negative,train,46_49,True,True,True,23,True
video_0046,50,北极熊只是轻轻的和你握个手你的手可能就不见了,-0.6,-0.4,-0.2,0.0,Negative,valid,46_50,True,True,True,22,True
video_0046,51,我的极限，我的痛苦可能已经到达一个临界点,0.0,-0.8,-0.2,0.0,Neutral,train,46_51,True,True,True,20,True
video_0046,52,我们俩是不可能差别更大的了,0.2,0.0,-0.8,-0.4,Positive,train,46_52,True,True,True,13,True
video_0046,53,你已经知道其实是没有人做过，就是因为没有人做过所以你想去做,0.0,-0.2,0.2,0.0,Neutral,test,46_53,True,True,True,29,True
video_0046,54,三位导师，三位都在回避着你的演讲怎么样,0.2,-0.2,0.8,0.8,Positive,test,46_54,True,True,True,19,True
video_0046,55,因为我以前常常在阳明山跑步，他小时候也常常在阳明山出现,-0.2,0.0,0.0,0.0,Negative,test,46_55,True,True,True,27,True
video_0046,56,所以今天我讲的故事还是第一人称,0.2,0.0,0.2,0.4,Positive,valid,46_56,True,True,True,15,True
video_0046,57,然后回来就要跟我离婚，我突然发现我嫁了个人渣,-0.8,-1.0,0.0,-0.2,Negative,train,46_57,True,True,True,22,True
video_0046,58,"大着肚子还有四个月就要生孩子了，我哭了又哭，哭了又哭,最让我崩溃的是我发现我居然还爱着这个人渣",-1.0,-1.0,-0.8,-0.2,Negative,train,46_58,True,True,True,47,True
video_0046,59,我把一生最好的年纪都给了你，然后你告诉我你找到了真爱,-0.8,-0.6,-0.2,-0.2,Negative,train,46_59,True,True,True,26,True
video_0046,60,我可以就是不跟他离婚，我甚至可以把我的底线一点一点往下退，我可以求他,-0.6,-0.8,-0.4,0.0,Negative,train,46_60,True,True,True,34,True
video_0046,61,所谓化腐朽为神奇，化神奇为神圣,0.8,1.0,1.0,0.0,Positive,train,46_61,True,True,True,15,True
video_0046,62,可能跟大家接触之后至少有那么一段时间你偶尔会露出一些笑容吧,0.4,0.4,-0.8,-0.4,Positive,train,46_62,True,True,True,29,True
video_0046,63,我觉得这个是不容易的，能够从一个吉祥物中去悟出一些道理,0.4,0.0,0.0,0.6,Positive,valid,46_63,True,True,True,27,True
video_0046,64,我们三个人简直吓坏了,-0.6,-1.0,-0.2,0.0,Negative,test,46_64,True,True,True,10,True
video_0046,65,OK，那么你走吧，我不送,-0.8,-0.4,-0.2,0.0,Negative,train,46_65,True,True,True,12,True
video_0047,1,你好你好,0.8,0.4,0.0,0.6,Positive,train,47_1,True,True,True,4,True
video_0047,2,我听说您是一个很特别的检控官，所以想来拜访您一下,0.4,0.8,0.0,0.4,Positive,train,47_2,True,True,True,24,True
video_0047,3,不就是她出第一张专辑，天使的守候那一年吗,0.0,0.0,0.0,0.0,Neutral,train,47_3,True,True,True,20,True
video_0047,4,对，您的记忆力很好,0.0,0.8,0.0,0.0,Neutral,valid,47_4,True,True,True,9,True
video_0047,5,结果分手的时候，她把那张唱片掰成两半，所以我印象很深刻,-1.0,-0.2,0.0,0.6,Negative,test,47_5,True,True,True,27,True
video_0047,6,改天我送你一张新的,0.0,0.4,0.0,0.0,Neutral,train,47_6,True,True,True,9,True
video_0047,7,能有万文方的亲笔签名吗,0.2,0.2,0.8,0.0,Positive,train,47_7,True,True,True,11,True
video_0047,8,假如她还能醒过来的话,-0.4,-0.2,-0.4,-0.6,Negative,train,47_8,True,True,True,10,True
video_0047,9,案发当晚你在哪里,0.0,0.0,0.0,0.0,Neutral,train,47_9,True,True,True,8,True
video_0047,10,你跟嫌犯认识吗,0.0,0.0,0.0,0.0,Neutral,train,47_10,True,True,True,7,True
video_0047,11,无论凶手是谁，我都希望重判,-0.4,0.0,-0.4,0.0,Negative,valid,47_11,True,True,True,13,True
video_0047,12,在我们开始谈话之前，我有必要跟你解释一下香港的法律,0.0,0.0,-0.2,0.0,Neutral,train,47_12,True,True,True,25,True
video_0047,13,一旦你的蓄意谋杀罪名成立，你就会被判终身监禁,-0.2,-0.4,-0.2,0.0,Negative,test,47_13,True,True,True,22,True
video_0047,14,如果你没有什么意见的话，我会是你的代理人,0.0,0.0,-0.2,0.0,Neutral,test,47_14,True,True,True,20,True
video_0047,15,我们之间需要绝对的信任,0.2,0.2,-0.2,0.0,Positive,test,47_15,True,True,True,11,True
video_0047,16,我希望你能把你知道的一切诚实地告诉我,0.0,0.2,-0.2,0.0,Neutral,test,47_16,True,True,True,18,True
video_0047,17,我们现在可以开始谈话了吗,0.2,0.0,0.0,0.0,Positive,train,47_17,True,True,True,12,True
video_0047,18,万文芳跟你是什么关系,0.0,0.0,0.0,0.0,Neutral,test,47_18,True,True,True,10,True
video_0047,19,你跟警察也是这么说的吗,0.0,0.0,0.0,0.0,Neutral,train,47_19,True,True,True,11,True
video_0047,20,我什么都没说,-0.6,0.0,0.0,-1.0,Negative,valid,47_20,True,True,True,6,True
video_0047,21,万文芳承认了你是他的儿子,0.0,0.0,0.0,0.0,Neutral,test,47_21,True,True,True,12,True
video_0047,22,所以他决定在演唱会结束那一天向媒体公布你和他的关系,0.0,0.0,0.0,0.0,Neutral,train,47_22,True,True,True,25,True
video_0047,23,那你为什么要那么做,0.0,-0.2,-0.2,0.0,Neutral,train,47_23,True,True,True,9,True
video_0047,24,我没有,-0.8,0.0,-0.2,-1.0,Negative,train,47_24,True,True,True,3,True
video_0047,25,你是说你没有拿刀刺杀万文芳,0.0,0.0,0.0,0.0,Neutral,test,47_25,True,True,True,13,True
video_0047,26,没有,-0.8,0.0,0.0,-1.0,Negative,train,47_26,True,True,True,2,True
video_0047,27,隆重介绍一下，这位是负责本次案子的吴郑伟大律师,1.0,0.4,1.0,0.8,Positive,train,47_27,True,True,True,23,True
video_0047,28,你后悔了是吧,-1.0,-0.8,-1.0,-1.0,Negative,test,47_28,True,True,True,6,True
video_0047,29,你还是不想让别人知道我的存在,-1.0,-0.6,-1.0,-1.0,Negative,train,47_29,True,True,True,14,True
video_0047,30,当年你遗弃我，就像是遗弃一条小狗,-1.0,-1.0,-1.0,-1.0,Negative,train,47_30,True,True,True,16,True
video_0047,31,你以为我是什么，一件垃圾箱扔就扔吗,-1.0,-1.0,-1.0,-1.0,Negative,test,47_31,True,True,True,17,True
video_0047,32,我是人，是你的儿子,-1.0,-0.2,-1.0,-1.0,Negative,test,47_32,True,True,True,9,True
video_0047,33,你可以不把我的偶像金曲变成噪音吗,-0.2,-1.0,0.0,0.4,Negative,valid,47_33,True,True,True,16,True
video_0047,34,谁叫我的唱片被人掰成两半了,-0.4,-0.8,-0.2,0.0,Negative,train,47_34,True,True,True,13,True
video_0047,35,看来有些东西是真的不会变的,0.6,-0.2,0.6,0.6,Positive,valid,47_35,True,True,True,13,True
video_0047,36,你今天找我来是叙旧吵架还是交易啊,0.0,-0.4,0.4,0.4,Neutral,valid,47_36,True,True,True,16,True
video_0047,37,你就是永远那么直接的一个人,0.0,0.0,0.0,0.2,Neutral,train,47_37,True,True,True,13,True
video_0047,38,为什么不要直接，省着浪费你和我的时间,0.0,-0.8,0.2,0.0,Neutral,train,47_38,True,True,True,18,True
video_0047,39,我们收费都不便宜的,0.0,-0.2,0.0,0.0,Neutral,valid,47_39,True,True,True,9,True
video_0047,40,当初吸引你的不就是我的争强好胜吗,-0.2,0.4,0.0,-0.4,Negative,train,47_40,True,True,True,16,True
video_0047,41,现在觉得不好玩了,-0.8,-1.0,-0.2,-0.4,Negative,valid,47_41,True,True,True,8,True
video_0047,42,我结婚的时候告诉你，你有问过什么吗,-1.0,-0.4,-0.8,-0.6,Negative,test,47_42,True,True,True,17,True
video_0047,43,你也没有问什么嘛,-0.8,-0.2,-1.0,-0.8,Negative,train,47_43,True,True,True,8,True
video_0047,44,你还恭喜我嘛,-1.0,0.4,-1.0,-0.8,Negative,test,47_44,True,True,True,6,True
video_0047,45,我请求行使我当事人的沉默权,0.0,0.0,0.0,0.0,Neutral,test,47_45,True,True,True,13,True
video_0047,46,他患有严重的幽闭恐惧症,0.0,-0.8,0.0,0.0,Neutral,test,47_46,True,True,True,11,True
video_0047,47,喂，你们有没有看过美国警方给我们当年托马斯夫妇的车祸资料啊,-1.0,0.0,-0.6,-1.0,Negative,train,47_47,True,True,True,29,True
video_0047,48,美国警方怀疑当时的车祸也是一个谋杀案，只不过因为证据不足，当年没有起诉,-0.2,-0.2,-0.2,-0.8,Negative,train,47_48,True,True,True,35,True
video_0047,49,我不觉得两件事是一个巧合，所以我一定不会终止起诉,-0.2,0.0,0.4,-0.4,Negative,valid,47_49,True,True,True,24,True
video_0047,50,请问您以前，跟我的当事人交谈过吗,0.0,0.0,0.0,0.0,Neutral,train,47_50,True,True,True,16,True
video_0047,51,我不认识他,-0.2,0.0,-0.2,0.0,Negative,test,47_51,True,True,True,5,True
video_0047,52,那您怎么能确定，您听到的争吵声就是我当事人的声音呢,0.0,0.0,0.0,0.0,Neutral,test,47_52,True,True,True,25,True
video_0047,53,这把刀是案发现场发现的凶器,0.0,0.0,0.0,0.0,Neutral,train,47_53,True,True,True,13,True
video_0047,54,但是因为被告掉进了海里，使衣服血迹很模糊,0.0,0.0,0.0,0.0,Neutral,test,47_54,True,True,True,20,True
video_0047,55,因为罗美慧在案发时有不在场的证据,0.0,0.0,0.0,0.0,Neutral,train,47_55,True,True,True,16,True
video_0047,56,根据腹部刀伤的切入角度和高度，我们判断凶手应该身高一米八左右,0.0,0.0,0.0,0.0,Neutral,valid,47_56,True,True,True,30,True
video_0047,57,逻辑上是有可能的,0.0,0.0,0.0,0.0,Neutral,train,47_57,True,True,True,8,True
video_0047,58,那你的工作岗位是在哪里呢,0.0,0.0,0.0,0.0,Neutral,train,47_58,True,True,True,12,True
video_0047,59,不可能有第三个人出现对吗,-0.2,0.0,-0.6,0.0,Negative,valid,47_59,True,True,True,12,True
video_0047,60,是黑色曼陀罗，也叫复仇之花,0.0,-0.2,0.0,0.2,Neutral,train,47_60,True,True,True,13,True
video_0047,61,被告吉米托马斯，他的网名叫什么,0.0,0.0,0.0,-0.2,Neutral,train,47_61,True,True,True,15,True
video_0047,62,那雪花是你写的吗,0.0,0.0,0.0,0.0,Neutral,test,47_62,True,True,True,8,True
video_0047,63,但是那句话真的不是我写的,-1.0,-0.2,-0.8,-1.0,Negative,train,47_63,True,True,True,12,True
video_0047,64,是要通过我们努力的帮嫌疑人辩护才能促使控方和警方不断地去发掘真相,0.0,0.6,0.0,-0.2,Neutral,train,47_64,True,True,True,32,True
video_0047,65,知道现在有十几个警察在帮他们寻找证据,0.0,0.2,0.0,-0.4,Neutral,valid,47_65,True,True,True,18,True
video_0047,66,那但是，他报什么仇啊,0.0,-0.2,-0.2,-0.6,Neutral,test,47_66,True,True,True,10,True
video_0047,67,你们谁把消息发给媒体了,-0.8,-0.2,-0.4,0.0,Negative,test,47_67,True,True,True,11,True
video_0047,68,我有一件事情，一直不知道该不该跟你说,-0.2,0.0,-0.2,-0.2,Negative,train,47_68,True,True,True,18,True
video_0047,69,为了今天的成就和地位，她已经付出了太多了,-0.6,-0.6,-0.8,-0.6,Negative,train,47_69,True,True,True,20,True
video_0047,70,我是吉米的辩护律师端木兰,0.2,0.0,0.0,0.6,Positive,test,47_70,True,True,True,12,True
video_0047,71,你想想如果让别人知道你年纪轻轻的就有一个私生子,0.0,-0.6,-0.2,0.0,Neutral,valid,47_71,True,True,True,23,True
video_0047,72,还哪里有歌迷会去买你的唱片呢,-0.4,-0.8,-0.2,0.8,Negative,valid,47_72,True,True,True,14,True
video_0047,73,那当您知道她被刺的消息您有去了哪里,0.0,0.0,0.0,0.0,Neutral,train,47_73,True,True,True,17,True
video_0047,74,当然是去后台啊，她的化妆间,0.0,0.0,0.0,0.0,Neutral,valid,47_74,True,True,True,13,True
video_0047,75,首演那天晚上，万文芳想要公布和吉米的关系,0.0,0.0,0.0,-0.4,Neutral,train,47_75,True,True,True,20,True
video_0047,76,她现在生不如死，你能说跟你一点关系都没有吗,-0.2,-0.8,0.0,-0.6,Negative,train,47_76,True,True,True,21,True
video_0047,77,你从来没有问过我我回到北京发生了什么,-1.0,-0.4,-1.0,-1.0,Negative,train,47_77,True,True,True,18,True
video_0047,78,没想到你还挺长情的,-0.8,0.6,0.2,0.8,Negative,valid,47_78,True,True,True,9,True
video_0047,79,真相就那么重要吗,-0.8,-0.4,-0.2,-0.8,Negative,valid,47_79,True,True,True,8,True
video_0047,80,为了真相毁掉一个人，这真相值得吗,-0.8,-0.6,-0.2,-1.0,Negative,valid,47_80,True,True,True,16,True
video_0047,81,你怎么回来北京吗，你不是说北京很冷的吗,0.6,-0.4,0.0,0.6,Positive,valid,47_81,True,True,True,19,True
video_0047,82,你跑到北京来就是想要告诉我我有多失败吗,-1.0,-1.0,-0.6,-0.8,Negative,train,47_82,True,True,True,19,True
video_0047,83,我从来没有像今天这样怀疑我自己,-0.8,-1.0,-0.4,-0.6,Negative,train,47_83,True,True,True,15,True
video_0047,84,有太多的事情我想要知道答案，如果我今天晚上不去的话我会睡不着觉,-1.0,-0.8,-1.0,-0.8,Negative,test,47_84,True,True,True,31,True
video_0047,85,原来你跟他们是一伙的,-1.0,-0.8,-1.0,-1.0,Negative,train,47_85,True,True,True,10,True
video_0047,86,我跟他们是一伙的你早就在监狱里了,-0.8,-0.6,-0.8,-0.6,Negative,test,47_86,True,True,True,16,True
video_0047,87,该补的那天，她会那么问我,-1.0,0.0,-1.0,-1.0,Negative,valid,47_87,True,True,True,12,True
video_0047,88,我们来做个游戏,0.6,0.2,0.2,1.0,Positive,valid,47_88,True,True,True,7,True
video_0047,89,你出卖我,-1.0,-0.8,-1.0,-1.0,Negative,valid,47_89,True,True,True,4,True
video_0048,1,我是让你人往右,-0.8,0.0,-1.0,-1.0,Negative,valid,48_1,True,True,True,7,True
video_0048,2,你挡着呢我哪看得见啊,-1.0,-0.8,-1.0,-1.0,Negative,train,48_2,True,True,True,10,True
video_0048,3,怎么就剩我一个人啦,-1.0,-0.4,-1.0,-1.0,Negative,test,48_3,True,True,True,9,True
video_0048,4,你们仨刚才在这干嘛呢,-0.6,0.0,-0.4,-0.8,Negative,test,48_4,True,True,True,10,True
video_0048,5,他就在您的身后,0.6,0.0,0.8,1.0,Positive,test,48_5,True,True,True,7,True
video_0048,6,你们说爷爷也真是的，干嘛非得大年三十去旅游啊,-1.0,-1.0,-1.0,-1.0,Negative,valid,48_6,True,True,True,22,True
video_0048,7,真是的，他要是不去，咱这年夜饭也改不了中午啊,-1.0,-1.0,-1.0,-1.0,Negative,train,48_7,True,True,True,22,True
video_0048,8,哎呀，赶紧想想咱这资金怎么办吧,-1.0,-0.8,-1.0,-1.0,Negative,test,48_8,True,True,True,15,True
video_0048,9,这可是咱们家第一个团圆年，当然得隆重的庆祝一下,1.0,1.0,0.2,1.0,Positive,train,48_9,True,True,True,23,True
video_0048,10,参观一下我的菜单吗,1.0,0.0,0.8,0.8,Positive,train,48_10,True,True,True,9,True
video_0048,11,这是菜单吗，这分明是满汉全席啊,1.0,0.6,0.6,0.0,Positive,valid,48_11,True,True,True,15,True
video_0048,12,你还定了个蛋糕，吃得了吗,-1.0,-0.2,-0.8,-0.4,Negative,test,48_12,True,True,True,12,True
video_0048,13,没准还能减少点资金呢,1.0,0.4,0.8,0.8,Positive,train,48_13,True,True,True,10,True
video_0048,14,你怎么来了,-0.4,-0.4,-0.8,-0.2,Negative,test,48_14,True,True,True,5,True
video_0048,15,老夏，你倒表个态啊,-1.0,-0.6,-0.8,-0.8,Negative,test,48_15,True,True,True,9,True
video_0048,16,咱们除了压岁钱就没有别的资金来源吗,0.0,-0.2,0.2,-0.2,Neutral,train,48_16,True,True,True,17,True
video_0048,17,夏东海，你别太自私,-1.0,-1.0,-1.0,-1.0,Negative,train,48_17,True,True,True,9,True
video_0048,18,刘梅，你也别太自私了,-1.0,-1.0,-1.0,-1.0,Negative,train,48_18,True,True,True,10,True
video_0048,19,这，这是我们家第一个团圆年,-0.6,0.6,-0.8,-0.8,Negative,train,48_19,True,True,True,13,True
video_0048,20,你没点正经啊你,-1.0,-1.0,-0.6,-0.8,Negative,train,48_20,True,True,True,7,True
video_0048,21,老了，这耳朵不好使了,0.0,-0.6,0.2,0.8,Neutral,test,48_21,True,True,True,10,True
video_0048,22,你说这什么话，什么叫白娶了，那咱们俩不也得吃饭吗是不是,1.0,-1.0,1.0,1.0,Positive,test,48_22,True,True,True,27,True
video_0048,23,吃什么呀吃，要吃你自己吃，我可吃不下,-1.0,-1.0,-0.8,-1.0,Negative,train,48_23,True,True,True,18,True
video_0048,24,大过节的你干嘛光想自己啊,-1.0,-1.0,-0.4,-0.8,Negative,train,48_24,True,True,True,12,True
video_0048,25,你得赶紧想办法怎么对付他们啊,-0.6,-0.8,-0.6,-0.6,Negative,valid,48_25,True,True,True,14,True
video_0048,26,是啊，我妈非得哭了不可,-0.8,-0.8,-0.6,-0.8,Negative,train,48_26,True,True,True,11,True
video_0048,27,合着大过年的仨孩子一个都不在跟前,-1.0,-0.8,-1.0,-1.0,Negative,valid,48_27,True,True,True,16,True
video_0048,28,你说这年这还怎么过啊,-1.0,-0.8,-1.0,-1.0,Negative,valid,48_28,True,True,True,10,True
video_0048,29,咱们四个人过不也挺好的吗，挺热闹的,1.0,0.8,1.0,1.0,Positive,test,48_29,True,True,True,17,True
video_0048,30,没咱什么事，咱们就撤了吧,-0.2,-0.8,0.4,0.4,Negative,train,48_30,True,True,True,12,True
video_0048,31,要不在这留下一块吃饭吧,1.0,0.0,0.4,1.0,Positive,train,48_31,True,True,True,11,True
video_0048,32,这才像过个团圆年呢,1.0,1.0,1.0,1.0,Positive,valid,48_32,True,True,True,9,True
video_0049,1,你看看这俩孩子，多懂事,1.0,1.0,1.0,1.0,Positive,valid,49_1,True,True,True,11,True
video_0049,2,其实我还真没什么事,0.2,0.0,0.4,0.8,Positive,valid,49_2,True,True,True,9,True
video_0049,3,我都和鼠标键盘约好了说今天几个同学一块聚一聚,0.8,0.2,0.6,1.0,Positive,valid,49_3,True,True,True,22,True
video_0049,4,我要不去，他们得多没劲啊，他们那能玩的起来啊,-0.8,-0.8,-1.0,-1.0,Negative,train,49_4,True,True,True,22,True
video_0049,5,肯定，他们肯定认为是一借口,-1.0,-0.8,-1.0,-1.0,Negative,test,49_5,True,True,True,13,True
video_0049,6,大过年的，非上人同学家过去,-0.8,-0.8,-0.6,-0.6,Negative,train,49_6,True,True,True,13,True
video_0049,7,我不愿意让他去吧就耍脾气，甭理他,-0.8,-1.0,-0.6,-0.8,Negative,test,49_7,True,True,True,16,True
video_0049,8,我不愿意让他去吧就耍脾气，甭理他,-0.8,-1.0,-0.6,-0.8,Negative,train,49_8,True,True,True,16,True
video_0049,9,我找你来是有事，我准备跟你谈一谈,0.6,0.0,0.4,0.6,Positive,train,49_9,True,True,True,16,True
video_0049,10,没关系，我这人就喜欢被人打,1.0,-0.4,1.0,1.0,Positive,train,49_10,True,True,True,13,True
video_0049,11,我看啊，您和我妈一样，一点都不理解我,-1.0,-1.0,-0.8,-1.0,Negative,train,49_11,True,True,True,18,True
video_0049,12,我看啊，您和我妈一样，一点都不理解我,-1.0,-1.0,-0.8,-1.0,Negative,train,49_12,True,True,True,18,True
video_0049,13,你看看，还是人家东海会教育孩子吧,1.0,1.0,0.8,1.0,Positive,valid,49_13,True,True,True,16,True
video_0049,14,我就是有条件的答应了他,0.6,0.0,0.4,0.8,Positive,valid,49_14,True,True,True,11,True
video_0049,15,这孩子呀，一年比一年懂事,0.4,1.0,0.6,-1.0,Positive,train,49_15,True,True,True,12,True
video_0049,16,你猜怎么样啊，我已经把你妈说通了,1.0,0.8,1.0,1.0,Positive,train,49_16,True,True,True,16,True
video_0049,17,您不是都同意了吗,-0.2,0.2,-0.2,-0.6,Negative,valid,49_17,True,True,True,8,True
video_0049,18,我动不了了，你们谁来帮我一把,-1.0,-0.4,-1.0,-1.0,Negative,train,49_18,True,True,True,14,True
video_0049,19,他根本就没去小东他们家，全是骗人的,-1.0,-1.0,-1.0,-1.0,Negative,train,49_19,True,True,True,17,True
video_0049,20,你这是检讨的态度吗你,-1.0,-1.0,-1.0,-1.0,Negative,test,49_20,True,True,True,10,True
video_0049,21,我真是恨死那个卖鞭炮的了，别让我再见着他,-1.0,-1.0,-1.0,-1.0,Negative,train,49_21,True,True,True,20,True
video_0049,22,这能怪谁啊，要怪也只能怪你自己,-0.2,-1.0,-0.8,0.6,Negative,train,49_22,True,True,True,15,True
video_0050,1,你都这岁数了不长白毛还长绿毛啊，长绿毛那是女妖,-0.8,-1.0,-0.8,0.0,Negative,train,50_1,True,True,True,23,True
video_0050,2,您说你说那话干嘛呀,-1.0,-1.0,-0.8,-1.0,Negative,test,50_2,True,True,True,9,True
video_0050,3,正好有机会再给你们展示一下我的拿手好戏,0.8,1.0,0.6,0.8,Positive,train,50_3,True,True,True,19,True
video_0050,4,您愿意留下可以给您留着，随您啊,0.2,-0.4,0.0,0.2,Positive,valid,50_4,True,True,True,15,True
video_0050,5,我得到了一个好消息,1.0,1.0,1.0,1.0,Positive,train,50_5,True,True,True,9,True
video_0050,6,我觉得孩子们说的还是挺有道理的,0.8,1.0,0.8,1.0,Positive,train,50_6,True,True,True,15,True
video_0050,7,我绝对是为你好,0.0,1.0,-0.2,-0.2,Neutral,test,50_7,True,True,True,7,True
video_0050,8,你是不是今天存心要把我的自尊心彻底刺伤,-1.0,-1.0,-0.8,-1.0,Negative,test,50_8,True,True,True,19,True
video_0050,9,人家照相都不要钱了，用摩斯当然得给钱了,-0.8,-0.2,-0.6,-0.8,Negative,valid,50_9,True,True,True,19,True
video_0050,10,在我还没有变成老太太之前，留下我一生最美丽的瞬间,1.0,0.8,0.8,1.0,Positive,test,50_10,True,True,True,24,True
video_0050,11,谢谢小雨对妈妈的夸奖,1.0,1.0,0.8,1.0,Positive,train,50_11,True,True,True,10,True
video_0050,12,一会儿当着你妈的面，你们知道该说什么吗,-0.6,0.0,-0.2,-0.8,Negative,train,50_12,True,True,True,19,True
video_0050,13,我跟你说得着吗,-0.8,-1.0,-1.0,-0.8,Negative,train,50_13,True,True,True,7,True
video_0051,1,给他们一点具体而微的帮助，那我就不虚此行,0.4,0.2,0.0,0.0,Positive,test,51_1,True,True,True,20,True
video_0051,2,一上来就这么高难度,0.6,-0.8,0.4,1.0,Positive,train,51_2,True,True,True,9,True
video_0051,3,一把破梳子,-1.0,-0.6,-0.6,-0.8,Negative,valid,51_3,True,True,True,5,True
video_0051,4,别到时候嫁不出去还赖上我了,-1.0,-1.0,-1.0,-0.8,Negative,valid,51_4,True,True,True,13,True
video_0051,5,谁说我要回去了,-1.0,-0.2,-1.0,-0.6,Negative,train,51_5,True,True,True,7,True
video_0051,6,我就和他们拼命,-1.0,-1.0,-1.0,-1.0,Negative,train,51_6,True,True,True,7,True
video_0051,7,其实刚才看这段戏的时候我一直在观察你,0.2,0.0,0.4,0.6,Positive,train,51_7,True,True,True,18,True
video_0051,8,没有准备好就不要去碰它,-0.8,-0.6,0.0,0.2,Negative,train,51_8,True,True,True,11,True
video_0051,9,因为孩子也有可能成为山寨大王,0.0,0.0,0.0,0.2,Neutral,train,51_9,True,True,True,14,True
video_0051,10,你在一句台词里带出了一些自我的状态，我印象中观众有笑声,0.0,0.2,0.0,0.0,Neutral,train,51_10,True,True,True,27,True
video_0051,11,笑是因为你当时的反应和节奏是真实的,0.0,0.2,0.2,0.0,Neutral,train,51_11,True,True,True,17,True
video_0051,12,你什么时候喜欢上她的,-0.2,0.4,-0.8,-0.2,Negative,valid,51_12,True,True,True,10,True
video_0051,13,你怕他什么,-0.2,-0.2,-0.8,-0.2,Negative,train,51_13,True,True,True,5,True
video_0051,14,当你没有经验的时候，你有一个好的导演你就有了一把尺子,0.6,0.0,0.0,0.6,Positive,train,51_14,True,True,True,26,True
video_0051,15,先煦其实我觉得他今天的演出是有亮点的,0.8,1.0,0.2,0.2,Positive,test,51_15,True,True,True,18,True
video_0051,16,在台上能够感受到你们那种初心,0.2,0.8,0.0,0.0,Positive,valid,51_16,True,True,True,14,True
video_0051,17,我觉得两位演员非常幸福，因为这理由中国最顶级的大师级的导演,1.0,1.0,0.4,1.0,Positive,valid,51_17,True,True,True,29,True
video_0051,18,你所有的感受和表达非常之真实和可爱,0.6,1.0,0.4,0.2,Positive,test,51_18,True,True,True,17,True
video_0051,19,但是有一点小遗憾,-0.8,-1.0,-0.8,0.0,Negative,valid,51_19,True,True,True,8,True
video_0051,20,如果能在往后走会更开心,-0.4,0.6,0.2,-0.2,Negative,valid,51_20,True,True,True,11,True
video_0051,21,当时我有点懵,-0.2,-0.8,-0.6,0.2,Negative,train,51_21,True,True,True,6,True
video_0051,22,明天开城门了，娘给你去拿糖饼啊,0.2,0.0,0.0,-0.2,Positive,train,51_22,True,True,True,15,True
video_0051,23,不吃这吃啥啊,-1.0,-0.8,-1.0,-1.0,Negative,train,51_23,True,True,True,6,True
video_0051,24,可是老天爷现在逼着我要吃人了,-1.0,-1.0,-1.0,-1.0,Negative,test,51_24,True,True,True,14,True
video_0051,25,俺说的是这娃,-1.0,0.0,-1.0,-1.0,Negative,train,51_25,True,True,True,6,True
video_0051,26,我要五斤小米,-0.6,0.0,-1.0,-1.0,Negative,train,51_26,True,True,True,6,True
video_0051,27,你不要俺了,-1.0,-1.0,-1.0,-1.0,Negative,train,51_27,True,True,True,5,True
video_0051,28,你怎么有脸哭啊你，你大年三十卖闺女,-1.0,-1.0,-1.0,-1.0,Negative,valid,51_28,True,True,True,17,True
video_0051,29,你要真想活下去，就带娃回豫北，听说豫北放粮,-0.8,0.0,-1.0,-0.8,Negative,train,51_29,True,True,True,21,True
video_0051,30,你给铃铛带上吧，你带着她她能活命,-0.8,-0.2,-0.8,-0.8,Negative,valid,51_30,True,True,True,16,True
video_0051,31,这孩子只有这一条活路，俺信你,-0.6,1.0,-0.8,-1.0,Negative,train,51_31,True,True,True,14,True
video_0051,32,你带她走，俺要是有命回去，俺当牛做马报答你,-1.0,1.0,-1.0,-1.0,Negative,test,51_32,True,True,True,21,True
video_0051,33,最后一口粮，我也给她,-1.0,0.4,-1.0,-1.0,Negative,train,51_33,True,True,True,10,True
video_0051,34,娘,-1.0,-0.2,-0.6,-0.6,Negative,test,51_34,True,True,True,1,True
video_0051,35,真的要给你们两个鼓掌,0.8,1.0,0.2,1.0,Positive,train,51_35,True,True,True,10,True
video_0051,36,我觉得两个演员非常的真挚而且特别的谐和,0.8,1.0,0.4,0.2,Positive,test,51_36,True,True,True,19,True
video_0051,37,我觉得愿上苍有好生之德，愿戏剧有悲天悯人之心,0.2,0.8,0.0,0.2,Positive,train,51_37,True,True,True,22,True
video_0051,38,非常感恩各位,1.0,1.0,0.6,0.6,Positive,test,51_38,True,True,True,6,True
video_0051,39,其实我真的挺感动的,0.8,1.0,-0.2,0.0,Positive,train,51_39,True,True,True,9,True
video_0051,40,这个是我之所以受到感动的地方,0.0,0.6,-0.2,-0.2,Neutral,train,51_40,True,True,True,14,True
video_0051,41,就导致看上去好像很流畅，但是打动不了人,-0.6,-1.0,-0.2,0.2,Negative,test,51_41,True,True,True,19,True
video_0051,42,我看到很多好剧本，但是他们不来找我,-1.0,-0.6,-1.0,-0.4,Negative,train,51_42,True,True,True,17,True
video_0051,43,但是我在想其实我演的很好，我想告诉他们我演的很好,0.8,0.8,-1.0,1.0,Positive,train,51_43,True,True,True,24,True
video_0051,44,所以我要让更多的人知道我,0.8,0.8,-1.0,0.6,Positive,train,51_44,True,True,True,12,True
video_0051,45,我可以演得很好，你们可以信任我,0.8,1.0,-0.8,0.6,Positive,train,51_45,True,True,True,15,True
video_0051,46,我觉得你来这个节目完全是对的,1.0,1.0,0.6,0.8,Positive,train,51_46,True,True,True,14,True
video_0051,47,好演员的春天到了,0.6,1.0,0.4,0.0,Positive,train,51_47,True,True,True,8,True
video_0051,48,就是为了让更有能力的演员可以凸显出来,0.6,0.8,0.0,-0.2,Positive,train,51_48,True,True,True,18,True
video_0051,49,就是有能力本身其实也是一种技术,0.6,0.6,0.0,0.2,Positive,train,51_49,True,True,True,15,True
video_0051,50,我认为徐导很多的点评非常精辟和准确,0.6,1.0,0.0,0.0,Positive,train,51_50,True,True,True,17,True
video_0051,51,我觉得感受和技巧都必须同时存在,0.0,0.0,0.0,-0.2,Neutral,test,51_51,True,True,True,15,True
video_0051,52,我只好坚持我自己的观点了,0.0,0.0,0.0,0.0,Neutral,train,51_52,True,True,True,12,True
video_0051,53,你能够调动你的情感本身就是最大的技巧,0.4,0.4,0.0,0.2,Positive,test,51_53,True,True,True,18,True
video_0051,54,其实来到这个舞台上我真的是这两天学习了很多东西,0.6,1.0,0.4,-0.2,Positive,train,51_54,True,True,True,23,True
video_0051,55,真的是硬碰硬的较量了,0.0,0.0,-0.2,-0.4,Neutral,test,51_55,True,True,True,10,True
video_0051,56,所以我现在很兴奋,0.6,1.0,0.4,0.0,Positive,train,51_56,True,True,True,8,True
video_0051,57,对于我来说，其实压力也还是挺大的,-0.6,-1.0,-0.2,0.6,Negative,train,51_57,True,True,True,16,True
video_0051,58,你能活得到今天吗,-1.0,-0.8,-1.0,-1.0,Negative,train,51_58,True,True,True,8,True
video_0051,59,朕便可以昭告天下，到时候朝堂上那些文武百官也不会再说什么,-0.6,0.0,-0.6,-0.8,Negative,valid,51_59,True,True,True,28,True
video_0051,60,然后我听说宋洋为了这个角色他三天没有吃东西,0.0,0.0,0.2,0.2,Neutral,test,51_60,True,True,True,21,True
video_0051,61,你别说七步诗，就是七十步诗也照杀你,-0.8,-1.0,-0.8,-0.2,Negative,train,51_61,True,True,True,17,True
video_0051,62,这两天我非常痛苦，非常非常痛苦,-1.0,-1.0,-0.6,0.0,Negative,train,51_62,True,True,True,15,True
video_0051,63,我让子怡姐失望了，我当时都快哭了，我心里好不舒服呀,-1.0,-1.0,-0.4,-1.0,Negative,test,51_63,True,True,True,25,True
video_0051,64,我完全脑子懵了,-1.0,-0.8,-1.0,-0.6,Negative,valid,51_64,True,True,True,7,True
video_0051,65,当然是一个很大的挑战，因为导师也是人,0.0,0.0,-0.4,0.2,Neutral,valid,51_65,True,True,True,18,True
video_0051,66,挺有挑战挺刺激，但是又很快乐,1.0,1.0,0.6,1.0,Positive,train,51_66,True,True,True,14,True
video_0051,67,我希望这个小品她能更主动一些,0.0,0.6,-0.2,0.0,Neutral,train,51_67,True,True,True,14,True
video_0051,68,我踏实了,-0.8,1.0,-0.8,-1.0,Negative,valid,51_68,True,True,True,4,True
video_0051,69,你是不是不开心，我不开心时候也这样,0.2,-0.4,0.4,0.0,Positive,train,51_69,True,True,True,17,True
video_0051,70,能够把笑声变得如此生动，这个表演里本身就含着意思,1.0,0.8,0.6,1.0,Positive,train,51_70,True,True,True,24,True
video_0051,71,而且我也非常相信这个故事，相信这个人物,0.2,0.2,0.0,0.0,Positive,train,51_71,True,True,True,19,True
video_0052,1,我只能是竭尽全力,1.0,0.0,0.8,0.2,Positive,train,52_1,True,True,True,8,True
video_0052,2,我不想再看到你们在任何环节上有任何失误,-1.0,-0.6,-1.0,-1.0,Negative,test,52_2,True,True,True,19,True
video_0052,3,我们一定会拿金牌的,1.0,1.0,0.2,0.8,Positive,train,52_3,True,True,True,9,True
video_0052,4,我没日没夜的盼着这场比赛,1.0,0.4,0.0,1.0,Positive,test,52_4,True,True,True,12,True
video_0052,5,这次就拿块金牌回来给你看看,0.6,0.8,1.0,-0.4,Positive,valid,52_5,True,True,True,13,True
video_0052,6,那你还坚持,-1.0,-0.2,-1.0,-1.0,Negative,train,52_6,True,True,True,5,True
video_0052,7,我就连最后一搏的机会都没有了,-1.0,-1.0,-0.4,-1.0,Negative,valid,52_7,True,True,True,14,True
video_0052,8,您说过我没天分，我只能用命打啊,-1.0,-0.8,-0.8,-1.0,Negative,train,52_8,True,True,True,15,True
video_0052,9,您的一辈子都拴在这个球场上，您不也一样吗,-1.0,-0.4,-0.8,-1.0,Negative,train,52_9,True,True,True,20,True
video_0052,10,你如果能接上三十个好球，我不让你退赛,-1.0,0.0,-1.0,-1.0,Negative,train,52_10,True,True,True,18,True
video_0052,11,今天是我这辈子最开心的一天了,1.0,1.0,1.0,1.0,Positive,train,52_11,True,True,True,14,True
video_0052,12,我到今天都忘不了,1.0,0.6,1.0,1.0,Positive,valid,52_12,True,True,True,8,True
video_0052,13,那个时候我们就差拼命了,0.8,0.6,0.8,0.6,Positive,valid,52_13,True,True,True,11,True
video_0052,14,所有的队员都竭尽全力了,0.8,0.6,-0.8,0.6,Positive,train,52_14,True,True,True,11,True
video_0052,15,但是最终我们还是输了,-1.0,-1.0,-1.0,-0.2,Negative,train,52_15,True,True,True,10,True
video_0052,16,您别这样，您当时就说过我没那个天分,-0.2,-0.6,0.4,1.0,Negative,train,52_16,True,True,True,17,True
video_0052,17,结果有那么重要吗,-0.4,-0.4,0.0,0.6,Negative,train,52_17,True,True,True,8,True
video_0052,18,他们给了我很大的信心，尤其是李宇春,0.6,1.0,0.2,0.4,Positive,test,52_18,True,True,True,17,True
video_0052,19,我只能尽量的去做到我自己的一个理解吧,0.0,0.0,0.0,0.0,Neutral,train,52_19,True,True,True,18,True
video_0052,20,然后当他听到有些声音的时候她耳朵是比正常人还要灵敏的,0.0,0.0,0.0,0.0,Neutral,train,52_20,True,True,True,26,True
video_0052,21,所以他会有一些侧，她会用那个耳朵去听,0.0,0.0,0.0,0.0,Neutral,train,52_21,True,True,True,18,True
video_0052,22,我也不知道对不对，但是我自己大概是这么理解的,0.2,0.0,0.0,0.4,Positive,train,52_22,True,True,True,22,True
video_0052,23,她不是为了一定要夺冠,-0.2,0.0,0.2,-0.4,Negative,train,52_23,True,True,True,10,True
video_0052,24,而是明知道也许夺不了冠，但我要全力以赴,0.0,1.0,-0.2,-0.4,Neutral,train,52_24,True,True,True,19,True
video_0052,25,明知道这个舞台也许不会让我会怎样,-0.2,-0.2,0.4,0.8,Negative,valid,52_25,True,True,True,16,True
video_0052,26,但是我还是来了，我觉得我站在这就是赢了，对我自己来讲,0.8,1.0,1.0,0.8,Positive,test,52_26,True,True,True,26,True
video_0052,27,相信能非常感染现场的观众,0.8,0.8,0.4,0.0,Positive,train,52_27,True,True,True,12,True
video_0052,28,不知道静姐自己怎么觉得，在我心里是很好的,0.8,0.6,0.4,0.6,Positive,train,52_28,True,True,True,20,True
video_0052,29,我们为什么老在一个作品上使劲呢,-1.0,-0.6,-0.2,-0.4,Negative,test,52_29,True,True,True,15,True
video_0052,30,争执的结果是形成一个更好的结果,0.2,0.8,0.0,0.0,Positive,train,52_30,True,True,True,15,True
video_0052,31,天呢，我们俩互相都很懂,1.0,0.6,0.2,0.8,Positive,train,52_31,True,True,True,11,True
video_0053,1,我相对来说更想尝试静娴,0.0,0.0,0.0,0.2,Neutral,valid,53_1,True,True,True,11,True
video_0053,2,我喜欢你的性格,0.6,1.0,0.0,0.0,Positive,train,53_2,True,True,True,7,True
video_0053,3,害羞就害羞，害羞完了接着看,0.6,0.0,0.6,1.0,Positive,train,53_3,True,True,True,13,True
video_0053,4,你有认认真真的看你妈妈的眼睛吗，有静静地和她凝视吗,0.2,0.0,0.2,-0.2,Positive,test,53_4,True,True,True,25,True
video_0053,5,不行，我跟我妈对视五秒以上我眼泪马上就不行了,-0.2,-0.8,0.2,0.6,Negative,train,53_5,True,True,True,22,True
video_0053,6,可是我们平常都很恐惧延伸的直接交流,-0.6,-0.8,-0.6,0.2,Negative,valid,53_6,True,True,True,17,True
video_0053,7,我整个人裂开了,-0.2,-0.8,0.6,0.8,Negative,test,53_7,True,True,True,7,True
video_0053,8,对，我胖我胖，你比较瘦，你最瘦,-1.0,-1.0,-0.4,1.0,Negative,train,53_8,True,True,True,15,True
video_0053,9,你站我旁边干嘛呢，你进去呀,-1.0,-0.4,0.2,1.0,Negative,train,53_9,True,True,True,13,True
video_0053,10,你就说我胖，有意思吗,-1.0,-1.0,-1.0,0.8,Negative,test,53_10,True,True,True,10,True
video_0053,11,生日快乐,-1.0,0.6,-1.0,-1.0,Negative,valid,53_11,True,True,True,4,True
video_0053,12,我就是突然觉得被狗咬过有点恶心,-1.0,-1.0,-0.6,-0.8,Negative,train,53_12,True,True,True,15,True
video_0053,13,那你废话啊，我被狗咬了我不分手，我等什么呢,-1.0,-1.0,-1.0,-1.0,Negative,train,53_13,True,True,True,21,True
video_0053,14,那我分手了不能找对象吗，你现在那这个跟我说什么事呢,-1.0,-1.0,-1.0,-1.0,Negative,valid,53_14,True,True,True,25,True
video_0053,15,而且没有拿出他以往惯用的那些流里流气的东西来演戏,0.0,-0.2,0.0,0.2,Neutral,train,53_15,True,True,True,24,True
video_0053,16,秀兰她是个温婉的，楚楚可怜的,0.0,0.6,0.6,0.0,Neutral,train,53_16,True,True,True,14,True
video_0053,17,我心目中在创作这个剧本的时候，秀兰是一个梨花一枝春带雨的女生,0.2,0.0,0.4,0.2,Positive,train,53_17,True,True,True,30,True
video_0053,18,他有时候看着看着节目就会回头看我的眼睛,0.0,0.0,0.0,0.2,Neutral,valid,53_18,True,True,True,19,True
video_0053,19,其实你身边已经有一条船了,-0.2,0.0,0.8,1.0,Negative,train,53_19,True,True,True,12,True
video_0053,20,这常常让我忘记我只不过是个肉眼凡胎,-0.6,-0.4,0.0,1.0,Negative,train,53_20,True,True,True,17,True
video_0053,21,这样一段美好的友谊，我们就不要去破坏它了,0.6,0.6,0.8,1.0,Positive,train,53_21,True,True,True,20,True
video_0053,22,你心中有我，我心中有你，这样好的友情，岂比不上朝朝暮暮,1.0,1.0,0.6,1.0,Positive,train,53_22,True,True,True,27,True
video_0053,23,然后我给辣目洋子最高任务是你不能让我们笑，你要全程让我们投入在相信你是那个人物的感觉中,0.0,0.0,0.4,0.0,Neutral,train,53_23,True,True,True,43,True
video_0053,24,结果他做到了，让我觉得匪夷所思,0.4,0.8,1.0,0.0,Positive,test,53_24,True,True,True,15,True
video_0053,25,惊了，完全不像她平时的那种感觉,1.0,0.6,0.2,1.0,Positive,valid,53_25,True,True,True,15,True
video_0053,26,是因为我不管你说的再真实他都没有扣题，最高任务都是失败的,-0.8,-1.0,0.0,0.0,Negative,train,53_26,True,True,True,28,True
video_0053,27,你知道我这些年来为你做了什么吗,-1.0,-0.2,-1.0,-1.0,Negative,train,53_27,True,True,True,15,True
video_0053,28,你是任家明媒正娶过去的少奶奶，我就和你不一样了,-0.8,-0.6,-1.0,-0.2,Negative,train,53_28,True,True,True,23,True
video_0053,29,所以我为了报恩才这样,-1.0,0.2,-0.2,-0.4,Negative,train,53_29,True,True,True,10,True
video_0053,30,我想求求你,-1.0,-0.4,-1.0,-1.0,Negative,train,53_30,True,True,True,5,True
video_0053,31,你能不能就让我留在雪堂身边,-1.0,-0.2,-1.0,-1.0,Negative,train,53_31,True,True,True,13,True
video_0053,32,咱们任家所有下人哪个不是清清白白的，你什么身份你不知道吗,-1.0,-0.8,-1.0,-1.0,Negative,train,53_32,True,True,True,28,True
video_0053,33,蛮遗憾的，这个项目在我眼里是全军覆没的,-0.8,-1.0,0.0,0.0,Negative,train,53_33,True,True,True,19,True
video_0053,34,我说我来吧，没想到他们这让我来了,0.0,-0.2,-0.4,0.0,Neutral,train,53_34,True,True,True,16,True
video_0053,35,其实是挺为难他的，他一个胖胖的女孩要演一个民国的才女,0.2,-0.8,0.4,0.0,Positive,valid,53_35,True,True,True,26,True
video_0053,36,因为大家都心服口服，她演技就是最好的，他在车站这场戏里和辣目洋子搭的非常好,1.0,1.0,0.6,0.2,Positive,valid,53_36,True,True,True,37,True
video_0053,37,张东官，你这又是何必，我大可会向宗人府解释,-0.8,-0.4,-0.6,-0.4,Negative,test,53_37,True,True,True,21,True
video_0053,38,张东官，我想跟你谈谈,-0.2,0.0,-0.6,-0.4,Negative,test,53_38,True,True,True,10,True
video_0053,39,静娴格格，主子和奴才尊卑有别,-0.6,-0.4,-0.6,0.0,Negative,train,53_39,True,True,True,14,True
video_0053,40,一开始的调度和机位都是他们在找的,0.0,0.0,0.0,0.0,Neutral,train,53_40,True,True,True,16,True
video_0053,41,特别好，有魅力极了,1.0,1.0,0.8,0.8,Positive,train,53_41,True,True,True,9,True
video_0053,42,她也有爱的时候恨的时候,0.0,0.0,0.0,0.0,Neutral,test,53_42,True,True,True,11,True
video_0053,43,无论你多恨这个人你们以前有多么深的误会，你只要还爱着这个人，你的眼睛是藏不住的,0.6,0.0,0.0,0.0,Positive,train,53_43,True,True,True,39,True
video_0053,44,张东官，你为何要这样，我大可会向宗人府解释,-1.0,-0.4,-1.0,-1.0,Negative,valid,53_44,True,True,True,21,True
video_0053,45,我当时就想，他肯定挺累的，而且就这么一段戏，反反复复演了十几二十遍,-0.8,0.0,-0.4,0.0,Negative,train,53_45,True,True,True,33,True
video_0053,46,你就是不肯让我帮忙对不对,-1.0,-1.0,-0.8,-0.2,Negative,train,53_46,True,True,True,12,True
video_0053,47,你们可以仗着是为了皇上的御膳，眼睛里就没有其他主子了吗,-1.0,-1.0,-0.6,-0.4,Negative,test,53_47,True,True,True,27,True
video_0053,48,可贪凉伤胃，这冰还是少吃为好,-0.6,-0.4,-1.0,0.8,Negative,train,53_48,True,True,True,14,True
video_0053,49,还没入伏，这宫里热的就跟蒸笼一样，本宫的身子实在是燥得很,0.4,-0.6,0.0,0.8,Positive,test,53_49,True,True,True,28,True
video_0053,50,你这孩子呀，什么都好就是少了点人情味,0.6,-0.6,1.0,0.8,Positive,test,53_50,True,True,True,18,True
video_0053,51,那明早我亲自去御膳房，为皇额娘做一道消暑佳品坐早膳怎么样,0.8,0.0,0.6,0.6,Positive,valid,53_51,True,True,True,28,True
video_0053,52,明日期待你的早膳,1.0,1.0,1.0,1.0,Positive,test,53_52,True,True,True,8,True
video_0053,53,格格也不必鞋奴婢，奴婢不过是想救他们罢了,0.4,0.0,0.6,0.6,Positive,valid,53_53,True,True,True,20,True
video_0053,54,香浓可口，舌头回甘，这是因为加了山里红蜜的缘故吧,1.0,0.8,1.0,0.8,Positive,train,53_54,True,True,True,24,True
video_0053,55,老规矩，吃完药给意见的,0.0,-0.2,-0.2,0.6,Neutral,train,53_55,True,True,True,11,True
video_0053,56,这碗冰镇莲子百合粥可以代替消暑早膳，赶紧给皇后送过去吧,0.0,0.0,0.2,0.0,Neutral,test,53_56,True,True,True,27,True
video_0053,57,额娘把你们拴在一块，也是为了帮皇上笼络人才,-0.6,0.0,-1.0,-0.6,Negative,test,53_57,True,True,True,21,True
video_0053,58,多谢公子救命之恩，待我见到我阿玛，定让他给你重赏,1.0,1.0,0.6,-0.2,Positive,train,53_58,True,True,True,24,True
video_0053,59,嫁给你我还不如不活呢,-1.0,-1.0,0.2,-0.4,Negative,train,53_59,True,True,True,10,True
video_0053,60,你不是要推我吗，推呀,-0.8,-1.0,-0.8,-0.4,Negative,test,53_60,True,True,True,10,True
video_0053,61,我想了一下，救命之恩还是要还的，改天我就吃你做的菜吧,0.8,0.4,0.4,0.8,Positive,train,53_61,True,True,True,26,True
video_0054,1,好开心,1.0,1.0,1.0,1.0,Positive,train,54_1,True,True,True,3,True
video_0054,2,我让你看看什么叫关系户,1.0,-0.2,1.0,1.0,Positive,train,54_2,True,True,True,11,True
video_0054,3,我们是主演,1.0,0.0,1.0,1.0,Positive,train,54_3,True,True,True,5,True
video_0054,4,刘帅和刘志玲是本色出演的对吧，演俩太监,0.8,0.0,0.6,0.8,Positive,train,54_4,True,True,True,19,True
video_0054,5,就经常给他们找茬，可有意思了,1.0,0.6,0.6,0.8,Positive,train,54_5,True,True,True,14,True
video_0054,6,你们主演不要找我们茬好不好,-1.0,-0.8,-0.8,0.0,Negative,valid,54_6,True,True,True,13,True
video_0054,7,你没钱哈哈哈哈哈哈,1.0,1.0,1.0,1.0,Positive,valid,54_7,True,True,True,9,True
video_0054,8,我一定可以的,1.0,1.0,0.6,0.8,Positive,test,54_8,True,True,True,6,True
video_0054,9,这台词真的绝了,1.0,1.0,0.6,1.0,Positive,train,54_9,True,True,True,7,True
video_0054,10,得练，台词要练练，他可能阅读障碍症,-0.2,-0.8,0.6,0.0,Negative,train,54_10,True,True,True,17,True
video_0054,11,比如说动了一下或者怎么样，就完了,-0.2,-0.6,-0.4,0.4,Negative,test,54_11,True,True,True,16,True
video_0054,12,反正还是压力非常之大，有很多杂念,-1.0,-0.6,-0.6,-1.0,Negative,train,54_12,True,True,True,16,True
video_0054,13,自己有能力可以驾驭更好的角色更好的剧本,0.6,0.4,0.0,0.0,Positive,train,54_13,True,True,True,19,True
video_0054,14,那时候就觉得自己欠一个机会,-0.2,-0.4,-0.2,0.0,Negative,train,54_14,True,True,True,13,True
video_0054,15,艺术家不都是这样吗,1.0,0.0,1.0,1.0,Positive,train,54_15,True,True,True,9,True
video_0054,16,当时是这么认为的，年轻嘛，傲嘛,0.2,0.8,0.0,0.8,Positive,train,54_16,True,True,True,15,True
video_0054,17,不够强大吧，自己的经验还是不足,-0.8,-0.8,-0.4,-0.2,Negative,train,54_17,True,True,True,15,True
video_0054,18,希望在之后能够保住这个男一吧,0.8,0.0,0.0,1.0,Positive,train,54_18,True,True,True,14,True
video_0054,19,我会竭尽所能去把它呈现好,0.6,0.8,0.0,0.0,Positive,test,54_19,True,True,True,12,True
video_0054,20,虽然我以前也干过群演，我知道他们干群演的心态,0.2,0.0,0.6,1.0,Positive,train,54_20,True,True,True,22,True
video_0054,21,你一开始可能信心满满或者可能很有朝气,0.8,0.6,0.6,0.0,Positive,train,54_21,True,True,True,18,True
video_0054,22,就开始垮下来，就丧下来了,-0.6,-0.8,0.4,-0.4,Negative,train,54_22,True,True,True,12,True
video_0054,23,丧完之后慢慢你就麻木了,-0.6,-0.8,0.6,0.0,Negative,train,54_23,True,True,True,11,True
video_0054,24,麻木之后就是要怎么着都行，夹缝中求生存了后来,-0.6,-0.4,0.6,0.0,Negative,train,54_24,True,True,True,22,True
video_0054,25,建议大家谨慎选择这条道理，因为这条路不是那么好走的,-0.8,-0.6,0.0,0.0,Negative,valid,54_25,True,True,True,25,True
video_0054,26,啦哥今天背着那个背篓，跪了四十多条,0.0,-0.2,0.8,0.6,Neutral,test,54_26,True,True,True,17,True
video_0054,27,一共就四场戏,0.0,0.0,0.0,0.0,Neutral,train,54_27,True,True,True,6,True
video_0054,28,各种情绪一直积压着在心里,-0.6,-0.2,-0.2,0.2,Negative,test,54_28,True,True,True,12,True
video_0054,29,他们说收工的这一刻，就突然一下释放了,0.0,0.8,0.2,0.2,Neutral,train,54_29,True,True,True,18,True
video_0054,30,还挺难的，我说怎么感觉,-0.2,-1.0,1.0,1.0,Negative,train,54_30,True,True,True,11,True
video_0054,31,我久经沙场的到了这感觉特别像囚徒被困在这衣服里,-0.2,-0.8,1.0,1.0,Negative,valid,54_31,True,True,True,23,True
video_0054,32,特别尊贵的感觉，感觉很害怕，怎么和他对戏啊，也不熟两个人也没有演过戏,0.2,-0.8,0.8,1.0,Positive,test,54_32,True,True,True,34,True
video_0054,33,在跟我们演戏的时候拍我们这边他们一般不会搭戏的,0.0,0.0,0.0,0.0,Neutral,train,54_33,True,True,True,23,True
video_0054,34,我很感动，以后我也会一直跟别人搭戏,0.6,1.0,0.0,0.0,Positive,train,54_34,True,True,True,17,True
video_0054,35,女演员都在意，我也在意我在镜头里胖不胖,0.8,0.0,1.0,1.0,Positive,train,54_35,True,True,True,19,True
video_0054,36,她就跟我说，一个好演员一定要知道找自己好不好看，灯光怎么样,0.2,0.0,0.4,0.0,Positive,test,54_36,True,True,True,29,True
video_0054,37,我当时我就觉得，我学到了,0.8,0.6,0.6,0.8,Positive,test,54_37,True,True,True,12,True
video_0054,38,我当时有点乱，我不知道我该听谁的,-0.2,-0.2,0.4,-0.2,Negative,train,54_38,True,True,True,16,True
video_0054,39,选择这个职业，就意味着你没有那么多的选择了,-0.4,0.0,0.4,-0.2,Negative,test,54_39,True,True,True,21,True
video_0054,40,就是大概出工了二十六个小时吧,0.6,0.0,0.6,1.0,Positive,test,54_40,True,True,True,14,True
video_0054,41,拜托，多给一点点休息时间，我想多睡两个小时,0.0,-0.8,1.0,1.0,Neutral,test,54_41,True,True,True,21,True
video_0054,42,四个小时就可以了，我要求真的不高，四个小时就可以了,0.0,-0.6,0.8,1.0,Neutral,train,54_42,True,True,True,25,True
video_0054,43,好的话就鼓励鼓励大家喽，不好的话就得重拍,0.2,0.0,0.2,0.2,Positive,train,54_43,True,True,True,20,True
video_0054,44,女演员为什么都喜欢这种光呢,0.0,-0.2,0.8,0.8,Neutral,train,54_44,True,True,True,13,True
video_0054,45,那我觉得张静初的第一场戏确实要重拍了,0.2,-0.2,0.8,0.8,Positive,train,54_45,True,True,True,18,True
video_0054,46,无论是精神还是身体都被掏空了,-0.8,-1.0,0.2,0.0,Negative,valid,54_46,True,True,True,14,True
video_0054,47,打动人的东西是你情难自制然后你克制住了,0.0,0.6,0.0,0.0,Neutral,test,54_47,True,True,True,19,True
video_0054,48,我会心疼她的，我会比较心疼她,-0.8,-0.4,-0.2,-0.2,Negative,test,54_48,True,True,True,14,True
video_0054,49,一场都休息不了，第三场戏是火戏,-0.4,0.2,-0.6,0.0,Negative,train,54_49,True,True,True,15,True
video_0054,50,因为所有的火的点的地方都已经做好了所有的措施,0.0,0.0,0.0,0.0,Neutral,test,54_50,True,True,True,22,True
video_0054,51,他不是在这一节奏里，都是要再次重拍的,-0.4,0.0,0.0,-0.4,Negative,valid,54_51,True,True,True,18,True
video_0054,52,装死尸吧,0.6,-0.4,1.0,1.0,Positive,test,54_52,True,True,True,4,True
video_0054,53,在此声明，不是死尸，是一个被烟呛过去的宫女,-0.4,-0.2,-0.8,-0.2,Negative,train,54_53,True,True,True,21,True
video_0054,54,我一看楠楠他们那边披头散发，衣服全湿,0.8,0.0,1.0,1.0,Positive,train,54_54,True,True,True,18,True
video_0054,55,来，咱俩换，你躺这，我替你跑去,0.6,0.0,0.6,0.6,Positive,train,54_55,True,True,True,15,True
video_0054,56,一部部戏验证过来大家都说我们的光是最棒的,0.6,1.0,0.2,0.0,Positive,train,54_56,True,True,True,20,True
video_0054,57,老想着光，老想着美，你可能第一场戏就要重拍,-0.6,-0.4,-0.2,0.2,Negative,test,54_57,True,True,True,21,True
video_0054,58,然后呢对光其实很不习惯，就会很没有安全感,-1.0,0.0,0.0,-0.4,Negative,valid,54_58,True,True,True,20,True
video_0054,59,特别开心有机会能够重新拍一下，可能我能有机会演的更从容,0.4,1.0,0.4,0.4,Positive,test,54_59,True,True,True,27,True
video_0054,60,要在他们的背后画画,0.0,0.0,0.0,0.0,Neutral,valid,54_60,True,True,True,9,True
video_0054,61,大概三四点的时候，很累,-1.0,-1.0,-0.4,-0.4,Negative,train,54_61,True,True,True,11,True
video_0054,62,你们是变形记派来的吗,1.0,0.0,1.0,1.0,Positive,train,54_62,True,True,True,10,True
video_0054,63,群演有的挑吗，给你啥拿啥,0.0,-0.2,0.0,0.0,Neutral,test,54_63,True,True,True,12,True
video_0054,64,她是实打实拿那么大一个盆,0.0,0.0,0.0,-0.2,Neutral,valid,54_64,True,True,True,12,True
video_0054,65,现在是一个合格的群演,1.0,0.6,0.0,1.0,Positive,train,54_65,True,True,True,10,True
video_0054,66,毋庸置疑，绝对是谢彬彬,1.0,0.4,0.0,1.0,Positive,test,54_66,True,True,True,11,True
video_0054,67,你看看人家彬彬，就去了一趟，你呢跑了三躺了,0.8,-0.2,0.6,0.8,Positive,train,54_67,True,True,True,21,True
video_0054,68,群演生活他们全世界找我，我都不知道怎么了,-0.2,-0.2,-0.2,-0.2,Negative,test,54_68,True,True,True,20,True
video_0054,69,搞得我比主演还主演怎么回事呢,0.0,-0.4,0.6,0.4,Neutral,test,54_69,True,True,True,14,True
video_0054,70,最辛苦的应该是我们的主演，我们的男一，啦哥,0.0,0.0,0.0,0.0,Neutral,valid,54_70,True,True,True,21,True
video_0054,71,憨就全部都流到眼睛里了，我真的很心疼,-0.8,-0.6,-0.6,-0.4,Negative,train,54_71,True,True,True,18,True
video_0054,72,人生中第一次拍火戏,-0.2,0.0,-0.6,-0.2,Negative,train,54_72,True,True,True,9,True
video_0054,73,烟的浓度根本睁不开眼,-0.8,-0.4,-0.8,-0.2,Negative,train,54_73,True,True,True,10,True
video_0054,74,从而也引出了我故事中的下一个关键人物，敏慧,0.0,0.0,0.0,0.2,Neutral,train,54_74,True,True,True,21,True
video_0054,75,而且我觉得老师的要求越来越严格，压力还挺大的,-0.4,-1.0,0.2,0.2,Negative,valid,54_75,True,True,True,22,True
video_0054,76,那就等于是只选最好的,0.4,0.0,0.6,0.2,Positive,train,54_76,True,True,True,10,True
video_0054,77,这跟咱们演技派的选角态度还真挺像的,0.6,0.0,1.0,0.6,Positive,train,54_77,True,True,True,17,True
video_0054,78,把自己马上调成工作兴奋模式,0.6,0.2,0.0,0.4,Positive,train,54_78,True,True,True,13,True
video_0054,79,这个是跟我父母对我的教育有关,0.0,0.0,0.2,0.0,Neutral,valid,54_79,True,True,True,14,True
video_0054,80,总感觉达不到他的要求,-1.0,-0.6,-0.2,-0.8,Negative,test,54_80,True,True,True,10,True
video_0054,81,去年是等于本命年相对还不太顺利,-0.8,-1.0,0.0,-0.2,Negative,train,54_81,True,True,True,15,True
video_0054,82,因为我是签了三个戏然后三个戏黄了,-0.8,-1.0,0.2,-0.2,Negative,train,54_82,True,True,True,16,True
video_0054,83,因为各种原因，我在家等戏了一百一十五天,-1.0,-0.2,-0.2,-0.2,Negative,train,54_83,True,True,True,19,True
video_0054,84,但是这就是传说中的，我们业内有个行话，叫天地英雄，早上一场晚上一场,0.4,0.0,0.4,0.8,Positive,train,54_84,True,True,True,33,True
video_0054,85,我拍完那场戏之后我就一直在等,-0.4,0.0,0.0,0.0,Negative,valid,54_85,True,True,True,14,True
video_0054,86,你经常等的时候你就什么感觉都没了,-0.8,-0.8,0.0,0.0,Negative,train,54_86,True,True,True,16,True
video_0054,87,其实第一集才只拍摄了百分之五十吧,-0.4,0.0,0.0,0.0,Negative,test,54_87,True,True,True,16,True
video_0054,88,后面还有很多重场戏没有拍,-0.2,0.0,0.0,0.0,Negative,test,54_88,True,True,True,12,True
video_0054,89,所以说怎么说呢，保佑我们吧,0.0,0.0,0.0,-0.2,Neutral,valid,54_89,True,True,True,13,True
video_0054,90,保佑我们能把这七天熬完,0.0,-0.4,0.2,0.0,Neutral,train,54_90,True,True,True,11,True
video_0054,91,能把这第一集完整的演完,0.0,0.2,-0.2,0.0,Neutral,train,54_91,True,True,True,11,True
video_0054,92,不可能不知道我们在房间睡觉吧，他们就声音很大,-0.4,-0.6,0.0,-0.2,Negative,test,54_92,True,True,True,22,True
video_0054,93,我就也不敢去休息室那边，我就一直在现场呆着,-0.4,-0.2,0.0,0.0,Negative,test,54_93,True,True,True,21,True
video_0054,94,拍完之后导演说好，过,0.0,0.0,0.0,0.0,Neutral,train,54_94,True,True,True,10,True
video_0054,95,我当时说，啊，为什么,0.0,-0.2,-0.2,0.2,Neutral,valid,54_95,True,True,True,10,True
video_0054,96,导演说挺好的，就是应该这样,0.8,0.4,0.2,0.2,Positive,train,54_96,True,True,True,13,True
video_0054,97,然后我就觉得有点小小的自信,1.0,1.0,0.0,0.4,Positive,train,54_97,True,True,True,13,True
video_0054,98,院线上映的电影叫遇见你真好,0.0,0.0,0.0,0.0,Neutral,test,54_98,True,True,True,13,True
video_0054,99,自己就打扮了一下,1.0,0.0,0.4,1.0,Positive,train,54_99,True,True,True,8,True
video_0054,100,然后我就说，妈你想不想上台讲个话,0.0,0.0,0.4,0.0,Neutral,test,54_100,True,True,True,16,True
video_0054,101,她说不要不要，你就让我坐在下面,0.0,0.0,-0.2,0.4,Neutral,train,54_101,True,True,True,15,True
video_0054,102,我就看就好了,0.0,0.0,0.0,0.0,Neutral,train,54_102,True,True,True,6,True
video_0054,103,怎么说呢，为什么突然觉得这么难受,-1.0,-1.0,-1.0,-0.4,Negative,test,54_103,True,True,True,16,True
video_0054,104,然后我就有一种我想成为她的骄傲,-0.6,1.0,-1.0,-0.6,Negative,train,54_104,True,True,True,15,True
video_0054,105,我很害怕,-1.0,-1.0,-1.0,-1.0,Negative,train,54_105,True,True,True,4,True
video_0054,106,我怕我还没有成功他们就不在了,-1.0,-1.0,-1.0,-1.0,Negative,test,54_106,True,True,True,14,True
video_0054,107,演技派是一个真人秀，所以我父母也能看到我平时的一个生活状态,-0.2,0.0,-1.0,-0.6,Negative,train,54_107,True,True,True,29,True
video_0054,108,我都有一个信念，我要把它做好,-0.2,1.0,-1.0,-1.0,Negative,train,54_108,True,True,True,14,True
video_0054,109,所以说我一定要挺着,-0.2,1.0,-1.0,-0.8,Negative,test,54_109,True,True,True,9,True
video_0054,110,看着很心疼,-0.8,-1.0,-0.8,0.4,Negative,valid,54_110,True,True,True,5,True
video_0054,111,拍摄有闲暇之余的时候我会亲手为她做顿饭,0.2,0.0,-0.6,1.0,Positive,train,54_111,True,True,True,19,True
video_0054,112,因为我也是特别希望能够在生活中建立角色中的情感,0.0,0.0,-0.2,0.0,Neutral,train,54_112,True,True,True,23,True
video_0054,113,对呈现来说，情感的流露也会非常的真实,0.0,0.0,0.0,0.0,Neutral,train,54_113,True,True,True,18,True
video_0054,114,导演，只拍背影怎么样,0.2,0.0,0.6,-0.2,Positive,train,54_114,True,True,True,10,True
video_0054,115,没人能解决问题吗,-1.0,-0.6,-1.0,-1.0,Negative,train,54_115,True,True,True,8,True
video_0054,116,我就是想要为难为难他们,0.8,-0.4,0.2,1.0,Positive,test,54_116,True,True,True,11,True
video_0054,117,上一次安排了一场火戏，这次我就安排了一场水戏,0.4,0.0,0.6,1.0,Positive,train,54_117,True,True,True,22,True
video_0054,118,让演员们体会拍摄过程中的日夜交替，水火交融,0.4,0.0,0.8,1.0,Positive,train,54_118,True,True,True,21,True
video_0054,119,当然这场水戏剧情上也是非常重要的情节点,0.4,0.0,0.2,0.8,Positive,train,54_119,True,True,True,19,True
video_0054,120,他是五花大绑，把你全部都绑起来,0.0,0.0,0.6,0.4,Neutral,valid,54_120,True,True,True,15,True
video_0054,121,有台词，有人物关系有背景的,0.0,0.0,0.0,0.0,Neutral,train,54_121,True,True,True,13,True
video_0054,122,我跟致灵我们两个人主动晃那个船,0.0,0.0,0.0,0.0,Neutral,train,54_122,True,True,True,15,True
video_0054,123,有点担心我们三个人自己的安全,0.0,-0.2,0.4,1.0,Neutral,test,54_123,True,True,True,14,True
video_0054,124,其实一方面很兴奋，但是又很紧张,0.6,0.8,0.4,1.0,Positive,test,54_124,True,True,True,15,True
video_0054,125,没有办法，意外总是会发生嘛,-0.6,-0.8,-0.2,0.0,Negative,train,54_125,True,True,True,13,True
video_0054,126,大部分演员身上都会有腰伤腿伤各种伤,-0.6,-0.6,0.0,0.0,Negative,train,54_126,True,True,True,17,True
video_0054,127,这都是没有办法避免的吧,-0.6,-0.6,-0.2,-0.2,Negative,train,54_127,True,True,True,11,True
video_0054,128,我当时心肝颤一下,-0.2,-1.0,0.2,1.0,Negative,valid,54_128,True,True,True,8,True
video_0054,129,一脸心高气傲不可一世的样子,0.0,-0.8,0.4,0.4,Neutral,train,54_129,True,True,True,13,True
video_0054,130,他其实是个很细腻的暖男,1.0,1.0,1.0,1.0,Positive,train,54_130,True,True,True,11,True
video_0054,131,就很奇怪，我重新认识到他了,1.0,0.2,1.0,1.0,Positive,train,54_131,True,True,True,13,True
video_0054,132,演员自己本身的身体并不是自己的，是角色的,0.2,0.0,0.4,1.0,Positive,train,54_132,True,True,True,20,True
video_0054,133,他是没有办法控制自己的动作的,-0.2,-0.2,0.0,0.0,Negative,train,54_133,True,True,True,14,True
video_0054,134,确实是，很不舒服,-0.6,-0.8,0.2,0.6,Negative,valid,54_134,True,True,True,8,True
video_0054,135,而且每一次下去，都要给自己鼓特别大的勇气,-0.4,-0.2,0.6,0.4,Negative,test,54_135,True,True,True,20,True
video_0054,136,我都感觉我的大腿肌肉在抖,-0.2,-0.6,0.6,0.8,Negative,train,54_136,True,True,True,12,True
video_0054,137,下一条接着那边就喊，来，给玉雯老师绑上,0.2,0.0,0.6,0.4,Positive,test,54_137,True,True,True,19,True
video_0054,138,大家可能觉得演员在荧幕前很光鲜靓丽,0.0,0.4,0.0,0.0,Neutral,train,54_138,True,True,True,17,True
video_0054,139,只有演员自己心里知道没有那么容易的,-0.6,-0.6,0.0,0.0,Negative,train,54_139,True,True,True,17,True
video_0054,140,会给自己想一些有趣的人设,1.0,0.0,0.4,1.0,Positive,train,54_140,True,True,True,12,True
video_0054,141,就是非常有表演欲，非常非常热爱表演的,0.8,0.8,0.4,0.8,Positive,valid,54_141,True,True,True,18,True
video_0054,142,但是我们敬业，我们有态度,0.2,1.0,0.0,0.0,Positive,train,54_142,True,True,True,12,True
video_0054,143,但这几只却瘦骨嶙峋，定不是宫中的,0.0,-0.2,0.0,0.0,Neutral,train,54_143,True,True,True,16,True
video_0054,144,看来张御厨不满意我的结论，总想要揪个人出来呀,-0.6,0.0,0.0,0.8,Negative,train,54_144,True,True,True,22,True
video_0054,145,宫女徐敏慧，在秀坊当差,0.0,0.0,-0.2,0.0,Neutral,valid,54_145,True,True,True,11,True
video_0054,146,你叫敏慧是吧,0.0,0.0,0.0,0.0,Neutral,train,54_146,True,True,True,6,True
video_0054,147,奴婢徐敏慧，在秀坊当差,0.0,0.0,0.0,0.0,Neutral,train,54_147,True,True,True,11,True
video_0054,148,敏慧，按手印不过是我设下的计谋,-0.2,0.0,-0.4,0.0,Negative,train,54_148,True,True,True,15,True
video_0054,149,奴婢斗胆问一句，静娴哥哥金枝玉叶，原本与此事毫无瓜葛，为何要管此事,-0.2,-0.2,-0.2,0.0,Negative,train,54_149,True,True,True,33,True
video_0054,150,只想求得一份平安，并不想与人为敌,0.0,0.0,-0.2,0.0,Neutral,train,54_150,True,True,True,16,True
video_0054,151,但若遇无妄之灾，我也不是好惹的,-1.0,-1.0,-0.6,-0.2,Negative,train,54_151,True,True,True,15,True
video_0054,152,若是你没有做错事，我自然不会冤枉你,-0.8,0.0,0.0,-0.4,Negative,train,54_152,True,True,True,17,True
video_0054,153,静娴格格身份金贵，原不是多管闲事的性子,0.2,0.4,0.2,0.6,Positive,train,54_153,True,True,True,19,True
video_0054,154,奴婢不知，所为何来,0.0,0.0,0.0,0.0,Neutral,train,54_154,True,True,True,9,True
video_0054,155,天下没有不透风的墙，我已经打探到你偷偷捉老鼠的事情,-0.4,-0.4,0.0,-0.2,Negative,train,54_155,True,True,True,25,True
video_0054,156,我不过是在御膳房后厨偷偷炸熟鱼片，不小心惹了祸,-1.0,-0.8,-1.0,-0.4,Negative,train,54_156,True,True,True,23,True
video_0054,157,爹，敏慧是敏慧姐姐是姐姐，敏慧不学任何人,0.6,0.0,0.6,0.6,Positive,test,54_157,True,True,True,20,True
video_0054,158,爹，我也想要新衣服穿,1.0,0.6,1.0,1.0,Positive,train,54_158,True,True,True,10,True
video_0054,159,我不想总穿姐姐的旧衣服,-1.0,-1.0,-1.0,-1.0,Negative,train,54_159,True,True,True,11,True
video_0054,160,敏慧，这衣服送给你了,1.0,0.4,0.6,1.0,Positive,train,54_160,True,True,True,10,True
video_0054,161,我不要,-1.0,-0.8,-1.0,-0.8,Negative,train,54_161,True,True,True,3,True
video_0054,162,你还真的好好学学你姐姐,-0.4,0.2,0.0,-0.8,Negative,train,54_162,True,True,True,11,True
video_0054,163,爹，你这是不是要给敏慧许婚了,1.0,0.0,1.0,1.0,Positive,train,54_163,True,True,True,14,True
video_0054,164,敏慧啊，你年纪还小，爹想让你进宫,0.6,0.0,0.6,0.6,Positive,valid,54_164,True,True,True,16,True
video_0054,165,进宫，进宫当奴才啊,-1.0,-1.0,-1.0,-1.0,Negative,train,54_165,True,True,True,9,True
video_0054,166,那为什么姐姐不去啊,-1.0,-0.6,-1.0,-1.0,Negative,test,54_166,True,True,True,9,True
video_0054,167,我们包衣出身，徐家必得有个女儿进宫的,-0.2,-0.2,0.0,0.0,Negative,valid,54_167,True,True,True,18,True
video_0054,168,我就知道这好事根本轮不到我头上,-1.0,-1.0,-1.0,-1.0,Negative,valid,54_168,True,True,True,15,True
video_0054,169,这衣服我不要了,-0.6,-1.0,-1.0,-1.0,Negative,test,54_169,True,True,True,7,True
video_0054,170,好香啊,0.4,1.0,1.0,1.0,Positive,train,54_170,True,True,True,3,True
video_0054,171,快坐，马上就好了,1.0,0.2,0.6,1.0,Positive,train,54_171,True,True,True,8,True
video_0054,172,以后出门在外不要与人起争端,-0.2,-0.2,0.4,0.2,Negative,valid,54_172,True,True,True,13,True
video_0054,173,敏慧，不是这样的,-1.0,-0.4,-1.0,-1.0,Negative,train,54_173,True,True,True,8,True
video_0054,174,我再也见不到她了,-1.0,-0.6,-1.0,-1.0,Negative,valid,54_174,True,True,True,8,True
video_0054,175,我真的很想她,-1.0,0.0,-1.0,-1.0,Negative,train,54_175,True,True,True,6,True
video_0054,176,每到她的生辰，我都想再给他做那道菜,-0.8,0.0,-1.0,-1.0,Negative,test,54_176,True,True,True,17,True
video_0054,177,是我炸熟鱼片时无意烧毁了后厨,-0.4,-0.2,0.0,-0.6,Negative,train,54_177,True,True,True,14,True
video_0054,178,敏慧甘愿接受所有惩罚,-0.6,-0.4,0.0,-0.4,Negative,test,54_178,True,True,True,10,True
video_0054,179,恐怕不宜久留,-0.6,-1.0,-0.2,0.0,Negative,train,54_179,True,True,True,6,True
video_0054,180,该回去了,-0.6,-0.2,-1.0,-0.2,Negative,train,54_180,True,True,True,4,True
video_0054,181,格格的好意卑职心领了,0.0,0.2,0.0,0.0,Neutral,train,54_181,True,True,True,10,True
video_0054,182,但照管御膳房是卑职的职责所在,0.0,0.0,0.0,0.0,Neutral,train,54_182,True,True,True,14,True
video_0054,183,况且，能够帮助别人一把，何乐而不为呢,0.6,1.0,0.0,0.0,Positive,valid,54_183,True,True,True,18,True
video_0054,184,徐家已经在宫中死去了一个女儿，不能再出事了,-0.6,-0.6,-0.4,0.0,Negative,valid,54_184,True,True,True,21,True
video_0054,185,你就说是不想让我帮你对不对,-1.0,-0.6,-0.8,-0.8,Negative,train,54_185,True,True,True,13,True
video_0054,186,我想和你谈谈,-0.6,0.0,-0.6,-0.8,Negative,train,54_186,True,True,True,6,True
video_0054,187,静娴格格，主子和奴才尊卑有别,-0.6,-0.4,0.0,0.0,Negative,train,54_187,True,True,True,14,True
video_0054,188,卑职不敢耽误,-0.4,-0.6,0.0,0.0,Negative,test,54_188,True,True,True,6,True
video_0055,1,就谈一场轰轰烈烈的恋爱,0.4,0.6,0.6,-0.6,Positive,train,55_1,True,True,True,11,True
video_0055,2,我穿不习惯，谢谢,0.0,-0.8,0.0,0.8,Neutral,valid,55_2,True,True,True,8,True
video_0055,3,不然过几天我们三个去看一下他吧,0.6,0.0,0.6,0.4,Positive,train,55_3,True,True,True,15,True
video_0055,4,你还没告诉我你怎么知道我藏着手机呢,-0.4,0.0,0.6,0.2,Negative,train,55_4,True,True,True,17,True
video_0055,5,我就是随口一说，谁知道真的就在啊,0.8,-0.4,0.0,0.6,Positive,test,55_5,True,True,True,16,True
video_0055,6,连个囫囵午觉都睡不好，变态啊,-1.0,-1.0,-1.0,-1.0,Negative,test,55_6,True,True,True,14,True
video_0055,7,我们要加强国防教育,0.0,0.0,0.2,-0.8,Neutral,valid,55_7,True,True,True,9,True
video_0055,8,现在能平平安安的洗碗，那是一种福气,0.6,0.8,0.6,0.4,Positive,valid,55_8,True,True,True,17,True
video_0055,9,说的也是，这恐怖分子也太残暴了,-0.6,-1.0,-0.8,-1.0,Negative,train,55_9,True,True,True,15,True
video_0055,10,我这叫大智若愚,1.0,0.6,0.8,1.0,Positive,valid,55_10,True,True,True,7,True
video_0055,11,这也太意想不到了吧,-0.8,0.8,0.2,-1.0,Negative,train,55_11,True,True,True,9,True
video_0055,12,您能帮帮忙吗，我们就见一会儿，不用耽误您很长时间的,-1.0,-0.8,-1.0,-1.0,Negative,train,55_12,True,True,True,25,True
video_0055,13,我的富贵竹你不可以随便动的，你是不是故意的,-1.0,-1.0,-1.0,-1.0,Negative,train,55_13,True,True,True,21,True
video_0055,14,那怎么办啊,-0.8,-0.4,-1.0,-1.0,Negative,valid,55_14,True,True,True,5,True
video_0055,15,没想到心眼那么小，破别人财,-1.0,-0.8,-1.0,-1.0,Negative,valid,55_15,True,True,True,13,True
video_0055,16,别生气了,0.6,-0.4,0.6,0.8,Positive,train,55_16,True,True,True,4,True
video_0055,17,没老干妈没法吃饭,-0.6,-0.6,-0.6,0.0,Negative,train,55_17,True,True,True,8,True
video_0055,18,可以呀朋友,1.0,1.0,0.8,1.0,Positive,test,55_18,True,True,True,5,True
video_0055,19,那必须的，我们学校是去年耐克杯亚军呢,1.0,1.0,1.0,1.0,Positive,valid,55_19,True,True,True,18,True
video_0055,20,早晚有一天诺基亚得统治全世界,0.6,0.6,0.6,0.6,Positive,test,55_20,True,True,True,14,True
video_0055,21,喜欢什么就两天就变了,0.2,-0.6,0.0,1.0,Positive,valid,55_21,True,True,True,10,True
video_0055,22,我是我们宿舍最靠谱的你知道吗,0.2,0.8,0.4,-0.8,Positive,train,55_22,True,True,True,14,True
video_0055,23,人呢，就是应该愿赌服输，对吧,1.0,0.2,0.6,1.0,Positive,train,55_23,True,True,True,14,True
video_0055,24,你们给我等着，你们一定给我等着,-1.0,-1.0,-1.0,-1.0,Negative,train,55_24,True,True,True,15,True
video_0055,25,你不起吃包子吗，我以后天天给你送包子,1.0,0.4,1.0,1.0,Positive,valid,55_25,True,True,True,18,True
video_0055,26,你在搞笑吗,-1.0,-0.2,0.6,-0.4,Negative,test,55_26,True,True,True,5,True
video_0055,27,你不跟我结婚啊,-0.8,-1.0,-0.8,-1.0,Negative,train,55_27,True,True,True,7,True
video_0055,28,是因为失去的东西太美好了,-1.0,-0.8,-1.0,-0.6,Negative,test,55_28,True,True,True,12,True
video_0055,29,一切都会慢慢变好的,0.6,1.0,-0.4,-0.6,Positive,train,55_29,True,True,True,9,True
video_0055,30,你不也忙吗，你不也得过你的日子吗,-0.8,-0.8,-0.8,-0.8,Negative,test,55_30,True,True,True,16,True
video_0055,31,您是大学生，我是进去过的人,-0.8,-0.8,-0.8,-0.8,Negative,test,55_31,True,True,True,13,True
video_0055,32,你俩就别打了,-1.0,-0.8,-1.0,-1.0,Negative,test,55_32,True,True,True,6,True
video_0055,33,他都不理我，我现在都快急死了,-1.0,-1.0,-1.0,-0.8,Negative,train,55_33,True,True,True,14,True
video_0055,34,你出来也应该跟我们说一声,-1.0,-0.2,-1.0,-1.0,Negative,test,55_34,True,True,True,12,True
video_0055,35,同学我来给你介绍一下啊,0.8,0.0,0.8,1.0,Positive,train,55_35,True,True,True,11,True
video_0056,1,牛吧，成功了,1.0,1.0,0.6,0.6,Positive,train,56_1,True,True,True,6,True
video_0056,2,我跟春都风投公司已经全部都谈好了，星期三就可以签约,-0.2,0.8,0.2,0.0,Negative,test,56_2,True,True,True,25,True
video_0056,3,我们俩在一起十二年了，在我跟你提出离婚的时候你第一反应竟然是不要影响你的生意,-1.0,-1.0,-0.8,-0.8,Negative,train,56_3,True,True,True,38,True
video_0056,4,这场婚姻对你来说毫无意义是吗,-0.8,-1.0,-0.6,-0.6,Negative,train,56_4,True,True,True,14,True
video_0056,5,他为了证明他去过海洋馆，昨天跟蛋蛋打了一架，蛋蛋推了他一下,-0.6,-0.4,-0.4,-0.2,Negative,train,56_5,True,True,True,29,True
video_0056,6,我说过我会带她去的，你为什么不看好他,-1.0,-1.0,-1.0,-1.0,Negative,test,56_6,True,True,True,18,True
video_0056,7,你已经推了七次了，他一直都在等你你知道吗,-0.8,-1.0,-1.0,-0.8,Negative,train,56_7,True,True,True,20,True
video_0056,8,你要我跪下来求你吗,-1.0,-1.0,-0.8,-0.6,Negative,train,56_8,True,True,True,9,True
video_0056,9,上次你下跪是向我求婚,-0.4,-0.4,0.4,1.0,Negative,train,56_9,True,True,True,10,True
video_0056,10,呦，徐总这是干嘛呢,1.0,-0.2,1.0,1.0,Positive,test,56_10,True,True,True,9,True
video_0056,11,放开,-1.0,-0.8,-1.0,-1.0,Negative,valid,56_11,True,True,True,2,True
video_0056,12,你刚才不是说你要去泰国吗,-0.6,0.0,-0.6,-0.6,Negative,train,56_12,True,True,True,12,True
video_0056,13,我再说一遍，我只要小迪,-0.6,-0.2,-0.6,-0.6,Negative,valid,56_13,True,True,True,11,True
video_0056,14,老夫老妻了下跪很正常，我看你这落枕是好不了了,-0.8,0.0,-0.4,-0.6,Negative,valid,56_14,True,True,True,22,True
video_0056,15,你让我去泰国去找一个秘书,-1.0,0.0,-0.4,-1.0,Negative,valid,56_15,True,True,True,12,True
video_0056,16,你今天不把他在哪座山哪座庙拜哪个菩萨敲哪个木鱼给我查清楚，我就把你拉黑了,-1.0,-1.0,-0.6,-1.0,Negative,train,56_16,True,True,True,36,True
video_0056,17,小迪，等爸爸从泰国回来一定会带你去海洋馆的,0.4,0.6,-0.2,-0.6,Positive,test,56_17,True,True,True,21,True
video_0056,18,地图我还没有收到，你打算什么时候发过来,-0.6,0.0,-0.2,-0.8,Negative,train,56_18,True,True,True,19,True
video_0056,19,收集信号，干扰无线电波的 ,0.0,0.0,0.0,0.0,Neutral,train,56_19,True,True,True,13,True
video_0056,20,哈哈哈人家不吃这一套,1.0,1.0,1.0,1.0,Positive,test,56_20,True,True,True,10,True
video_0056,21,没事没事，我第一次做飞机也是这样,0.0,0.0,-0.2,0.0,Neutral,train,56_21,True,True,True,16,True
video_0056,22,诶，大哥你搞什么的，我是做葱油饼的,1.0,-0.2,1.0,1.0,Positive,train,56_22,True,True,True,17,True
video_0056,23,不是不是，我这是从报纸上剪下来的,1.0,0.0,1.0,1.0,Positive,valid,56_23,True,True,True,16,True
video_0056,24,毛毛，我现在有点急事，萍水相逢,0.2,0.0,0.0,0.6,Positive,train,56_24,True,True,True,15,True
video_0056,25,我记性好，我记得住，你说吧,0.0,0.0,-0.2,0.0,Neutral,valid,56_25,True,True,True,13,True
video_0056,26,来你背一下,-0.2,0.0,-0.2,-0.2,Negative,train,56_26,True,True,True,5,True
video_0056,27,找不到了吧,1.0,-0.6,1.0,1.0,Positive,train,56_27,True,True,True,5,True
video_0056,28,刘能说你在这我就来了,0.4,0.0,1.0,1.0,Positive,train,56_28,True,True,True,10,True
video_0056,29,你妈没教你恭敬不如从命吗,-1.0,-0.4,-1.0,-0.8,Negative,train,56_29,True,True,True,12,True
video_0056,30,我妈说了，得饶人处且饶人,1.0,-0.2,1.0,1.0,Positive,train,56_30,True,True,True,12,True
video_0056,31,我发现你是朵奇葩啊,0.2,0.2,0.2,0.8,Positive,train,56_31,True,True,True,9,True
video_0056,32,我在表扬你,0.6,0.8,0.2,1.0,Positive,train,56_32,True,True,True,5,True
video_0056,33,你咋知道呢,1.0,0.0,1.0,1.0,Positive,train,56_33,True,True,True,5,True
video_0056,34,一群大老爷们有什么好看的,-0.4,-0.4,0.0,-0.2,Negative,train,56_34,True,True,True,12,True
video_0056,35,搜到wifi可以上网,-0.2,0.0,0.0,-0.6,Negative,test,56_35,True,True,True,10,True
video_0056,36,spa，大哥你看，spa,1.0,0.2,1.0,1.0,Positive,train,56_36,True,True,True,12,True
video_0056,37,我会还你钱的,-1.0,0.2,-1.0,-1.0,Negative,valid,56_37,True,True,True,6,True
video_0056,38,我不会英语点不了菜,-0.8,0.0,-1.0,-0.4,Negative,train,56_38,True,True,True,9,True
video_0056,39,行了行了，你卖多少钱一张,-0.4,-0.2,0.0,-0.4,Negative,train,56_39,True,True,True,12,True
video_0056,40,这都算少的,1.0,0.0,1.0,1.0,Positive,valid,56_40,True,True,True,5,True
video_0056,41,如果全国有五千家连锁店的话，每年就可以赚三个亿,0.2,0.2,0.2,0.0,Positive,train,56_41,True,True,True,23,True
video_0056,42,这是啥,0.2,0.0,0.2,0.0,Positive,train,56_42,True,True,True,3,True
video_0056,43,滴两滴这个东西，有帮助,0.2,0.2,0.6,0.0,Positive,test,56_43,True,True,True,11,True
video_0056,44,提高燃油效率，高科技懂吗,0.0,0.4,0.0,0.0,Neutral,train,56_44,True,True,True,12,True
video_0056,45,现在知道我是干什么的了吧,0.2,0.0,0.0,0.0,Positive,train,56_45,True,True,True,12,True
video_0056,46,知道了，你是搞电视购物的,1.0,0.0,0.8,1.0,Positive,train,56_46,True,True,True,12,True
video_0056,47,哎，你说那人妖是人生下来的吗,1.0,-0.2,1.0,1.0,Positive,train,56_47,True,True,True,14,True
video_0056,48,我知道，他住哪个房间,-0.2,0.0,0.0,-1.0,Negative,train,56_48,True,True,True,10,True
video_0056,49,再去看,-1.0,-0.2,-0.8,-1.0,Negative,test,56_49,True,True,True,3,True
video_0056,50,你能不能到刚才那个人屋子里面去把他护照拿出来,-0.2,0.0,0.0,-0.4,Negative,valid,56_50,True,True,True,22,True
video_0056,51,拿他护照干嘛你又用不了,0.0,-0.2,0.2,1.0,Neutral,test,56_51,True,True,True,11,True
video_0056,52,因为我给他戴了绿帽子,-0.4,-0.4,-0.8,-0.8,Negative,train,56_52,True,True,True,10,True
video_0056,53,忘了吗，我们是一个组合,0.8,0.0,0.0,0.8,Positive,train,56_53,True,True,True,11,True
video_0056,54,你不懂，现在是仙人掌，种到寺庙里他就是一棵健康树,-0.2,0.2,0.2,-0.2,Negative,train,56_54,True,True,True,24,True
video_0056,55,那你咋不说清楚呢,-0.6,-0.4,-0.4,-0.6,Negative,test,56_55,True,True,True,8,True
video_0056,56,你可以买个泰国电话卡,-0.2,0.0,-0.2,-0.2,Negative,test,56_56,True,True,True,10,True
video_0056,57,帮我看着包，不许走开，我现在去买卡,-0.4,-0.2,-0.2,-0.6,Negative,train,56_57,True,True,True,17,True
video_0056,58,那你告诉我，昨晚上是不是让人家给打了,-0.2,-0.2,0.0,0.0,Negative,test,56_58,True,True,True,18,True
video_0056,59,那小孩谁啊,0.8,-0.2,0.2,0.2,Positive,train,56_59,True,True,True,5,True
video_0056,60,你都有孩子了,0.0,-0.2,-0.2,-0.6,Neutral,test,56_60,True,True,True,6,True
video_0056,61,你老婆知道你跟别人老婆的事吗,0.0,-0.4,0.0,0.0,Neutral,train,56_61,True,True,True,14,True
video_0056,62,你到底是什么星座的，人格太分裂了,0.0,-0.6,-0.4,-0.8,Neutral,train,56_62,True,True,True,16,True
video_0056,63,你看你身上没有钱，又不会说英文，一个人怎么完成清单,-0.2,-0.2,0.0,-0.2,Negative,test,56_63,True,True,True,25,True
video_0056,64,我以后再不给别人戴绿帽子了,0.0,-0.4,0.0,0.0,Neutral,train,56_64,True,True,True,13,True
video_0056,65,你说什么，我听不见,-0.4,0.0,-0.2,-1.0,Negative,train,56_65,True,True,True,9,True
video_0056,66,这种事吧也不能只怪他一个人，我妈说了一个巴掌拍不响,-0.8,-0.6,-0.2,-1.0,Negative,train,56_66,True,True,True,25,True
video_0056,67,你已经习惯了，那就是你老婆也有问题,-0.2,-0.6,0.0,0.2,Negative,train,56_67,True,True,True,17,True
video_0056,68,是你老婆先勾引他的,-0.2,-0.6,-0.2,-0.2,Negative,test,56_68,True,True,True,9,True
video_0056,69,不过你放心，我已经让他发过誓了,0.0,0.2,0.2,-0.6,Neutral,valid,56_69,True,True,True,15,True
video_0056,70,你知不知道他会被打死的,-1.0,-0.8,-1.0,-1.0,Negative,train,56_70,True,True,True,11,True
video_0056,71,我会去救他,-1.0,0.4,-1.0,-1.0,Negative,train,56_71,True,True,True,5,True
video_0056,72,我宝宝啊，你忘了，咱俩是组合,1.0,0.0,0.8,1.0,Positive,train,56_72,True,True,True,14,True
video_0056,73,我一直在利用你，你这个傻瓜,-1.0,-0.8,-1.0,-1.0,Negative,valid,56_73,True,True,True,13,True
video_0056,74,奥，我连问一下都不可以是不是,-1.0,-1.0,-1.0,-0.8,Negative,test,56_74,True,True,True,14,True
video_0056,75,西游记吗，我要个授权书比西天取经还难,-1.0,-1.0,-1.0,-1.0,Negative,train,56_75,True,True,True,18,True
video_0056,76,你打我,-1.0,-0.8,-1.0,-1.0,Negative,train,56_76,True,True,True,3,True
video_0056,77,你敢打我,-1.0,-1.0,-1.0,-1.0,Negative,train,56_77,True,True,True,4,True
video_0056,78,你可以跟你老婆和好啊,0.0,0.4,0.0,0.2,Neutral,train,56_78,True,True,True,10,True
video_0056,79,给你老婆打个电话,0.8,0.0,0.6,1.0,Positive,train,56_79,True,True,True,8,True
video_0056,80,是不是泡水泡多了,-0.8,-0.2,-0.2,-1.0,Negative,test,56_80,True,True,True,8,True
video_0056,81,你千辛万苦这么跟着我就是为了旅游,-1.0,-0.4,-0.4,-1.0,Negative,valid,56_81,True,True,True,16,True
video_0056,82,你到泰国到底是来干嘛的,-0.8,-0.4,-0.2,-0.4,Negative,valid,56_82,True,True,True,11,True
video_0056,83,那就是你们全集都有病,-1.0,-1.0,-1.0,-0.8,Negative,train,56_83,True,True,True,10,True
video_0056,84,你欺人太甚,-1.0,-1.0,-1.0,-1.0,Negative,train,56_84,True,True,True,5,True
video_0056,85,高博，也许这是一个新的开始,0.0,0.2,0.0,-0.4,Neutral,train,56_85,True,True,True,13,True
video_0056,86,那天我问小迪，如果我们俩真的离婚了他愿意跟谁,-0.8,0.0,-0.8,-0.4,Negative,train,56_86,True,True,True,22,True
video_0056,87,嗯，我觉得可以,1.0,0.8,1.0,1.0,Positive,train,56_87,True,True,True,7,True
video_0056,88,放弃油坝，后悔吗,0.2,0.0,0.2,0.8,Positive,valid,56_88,True,True,True,8,True
video_0056,89,就像那颗坏牙，被王宝踢掉以后发现再也不疼了,0.2,0.0,0.4,0.6,Positive,test,56_89,True,True,True,21,True
video_0056,90,此时此刻现在我就要去泰国，,-0.2,0.0,0.0,-0.8,Negative,test,56_90,True,True,True,13,True
video_0056,91,只要老周肯把授权给我，一切一切就都好了,0.4,0.8,0.4,-0.8,Positive,valid,56_91,True,True,True,19,True
video_0057,1,在开锁公司干了半个月就离职了，工资都没要。是不是太亏了,-1.0,-0.8,-0.6,-1.0,Negative,train,57_1,True,True,True,27,True
video_0057,2,我都观察了好多天了，白天都没人,-0.2,0.0,-0.2,-0.2,Negative,test,57_2,True,True,True,15,True
video_0057,3,还没进门，就给了一百块,-0.4,0.0,-0.4,-0.2,Negative,valid,57_3,True,True,True,11,True
video_0057,4,你什么事，我们住这的,-1.0,0.0,-0.8,-1.0,Negative,train,57_4,True,True,True,10,True
video_0057,5,那您是赵先生的室友吧,-0.2,0.0,0.4,0.8,Negative,train,57_5,True,True,True,10,True
video_0057,6,诶，那不行，都预约好了，要不我跟她确认一下,0.0,0.0,0.6,1.0,Neutral,valid,57_6,True,True,True,21,True
video_0057,7,打扫好了，一共两百,1.0,0.0,0.8,1.0,Positive,valid,57_7,True,True,True,9,True
video_0057,8,你们这房子一百平，一平八毛，一个月八十块钱,-0.2,0.0,0.0,-0.2,Negative,test,57_8,True,True,True,21,True
video_0057,9,不是，我们就租一间卧室,-0.2,0.0,-0.2,-0.2,Negative,train,57_9,True,True,True,11,True
video_0057,10,我管不着，怎么分是你们自己的事情,-0.6,-1.0,-0.6,-0.2,Negative,train,57_10,True,True,True,16,True
video_0057,11,你就不走了，那就给钱吧,-0.6,-0.4,0.0,-0.8,Negative,train,57_11,True,True,True,11,True
video_0057,12,今天不买东西，我想跟你商量点事,0.6,0.0,0.8,1.0,Positive,train,57_12,True,True,True,15,True
video_0057,13,那多不好意思啊,1.0,0.2,0.2,1.0,Positive,test,57_13,True,True,True,7,True
video_0057,14,哎呦，没什么不好意思的，你是一个值得托付的人,1.0,1.0,0.6,0.6,Positive,test,57_14,True,True,True,22,True
video_0057,15,放心吧王阿姨，我很有耐心的,1.0,0.6,-0.2,1.0,Positive,test,57_15,True,True,True,13,True
video_0057,16,那老公，现在怎么办呢,-1.0,-0.4,-1.0,-1.0,Negative,train,57_16,True,True,True,10,True
video_0057,17,老公，你那两百万真的处理好了,-0.2,0.0,0.0,-0.2,Negative,train,57_17,True,True,True,14,True
video_0057,18,憨包，天底下怎么会有那么蠢的人,-1.0,-1.0,-1.0,-1.0,Negative,train,57_18,True,True,True,15,True
video_0057,19,这个车位是我先看见的，你上别的地方停一下啊,-0.2,-0.4,-0.4,-0.2,Negative,valid,57_19,True,True,True,21,True
video_0057,20,这车位你家的啊，先来后到，我就要停这儿，怎么啦,-1.0,-1.0,-1.0,-1.0,Negative,train,57_20,True,True,True,23,True
video_0057,21,你这人真的很奇怪啊，你的车停到这里了吗，凭什么说这个车位是你的,-1.0,-1.0,-1.0,-1.0,Negative,train,57_21,True,True,True,31,True
video_0057,22,就你钱多啊,-1.0,-1.0,-1.0,-0.8,Negative,train,57_22,True,True,True,5,True
video_0057,23,昨天赵先生跟我预约了一下让我进来打扫,0.4,0.0,0.6,0.4,Positive,train,57_23,True,True,True,18,True
video_0057,24,他说钥匙放在门垫底下了,-0.2,0.0,0.0,0.2,Negative,valid,57_24,True,True,True,11,True
video_0057,25,我告诉你们，我今天要是拿不到这个钱，我就不走了,-0.8,-1.0,-0.6,-0.2,Negative,train,57_25,True,True,True,23,True
video_0058,1,英雄首先得是个帅哥,1.0,0.6,1.0,1.0,Positive,test,58_1,True,True,True,9,True
video_0058,2,你确实还差点意思,-0.8,-0.8,-0.4,-0.2,Negative,test,58_2,True,True,True,8,True
video_0058,3,爱怎么着怎么着，不管你,-1.0,-1.0,-1.0,-1.0,Negative,train,58_3,True,True,True,11,True
video_0058,4,那么大声音，那么吵那么闹,-0.6,-1.0,-0.4,-0.4,Negative,test,58_4,True,True,True,12,True
video_0058,5,借你漫画书和CD绝对不是问题,-0.2,0.4,0.6,-0.2,Negative,valid,58_5,True,True,True,14,True
video_0058,6,问题是，你行吗,-1.0,-0.4,-0.6,-1.0,Negative,train,58_6,True,True,True,7,True
video_0058,7,他能出什么毛病啊，这么大孩子都这样,-0.2,-0.2,0.2,1.0,Negative,test,58_7,True,True,True,17,True
video_0058,8,今天好像是我救了您吧,0.2,-0.2,-0.2,-0.8,Positive,valid,58_8,True,True,True,10,True
video_0058,9,活该，大半夜的没事在那爬来爬去的，不困才怪呢,-0.8,-1.0,0.6,0.6,Negative,valid,58_9,True,True,True,22,True
video_0058,10,看来你们俩现在的口令已经完全失效了,0.8,-0.6,0.6,1.0,Positive,train,58_10,True,True,True,17,True
video_0058,11,说说吧，这书包里装的都是什么啊,0.0,-0.2,0.8,1.0,Neutral,train,58_11,True,True,True,15,True
video_0058,12,对嘛，洗洗更健康嘛,0.8,0.2,0.6,1.0,Positive,valid,58_12,True,True,True,9,True
video_0058,13,去去去，别跟我在这捣乱,-1.0,-1.0,-1.0,-1.0,Negative,valid,58_13,True,True,True,11,True
video_0058,14,他保护什么小雪啊他一小孩,-1.0,-0.8,-1.0,-1.0,Negative,train,58_14,True,True,True,12,True
video_0058,15,回屋去听见没有,-1.0,-0.6,-1.0,-1.0,Negative,train,58_15,True,True,True,7,True
video_0058,16,能让我少操点心不能,-1.0,-1.0,-0.8,-1.0,Negative,valid,58_16,True,True,True,9,True
video_0059,1,说了你俩还不相信，女孩子开车就是没男孩子厉害,-0.8,-0.6,-0.8,-1.0,Negative,train,59_1,True,True,True,22,True
video_0059,2,这是谁干的,-1.0,-0.4,-1.0,-1.0,Negative,valid,59_2,True,True,True,5,True
video_0059,3,当然漂亮啊，又漂亮又年轻,0.4,1.0,0.2,-0.4,Positive,valid,59_3,True,True,True,12,True
video_0059,4,我们都在一起这么多年了，我会因为这种事生气吗，实话都听不了,0.6,0.2,0.2,0.0,Positive,train,59_4,True,True,True,29,True
video_0059,5,你现在确实长得一般，不如我刚认识你那会长得好看,-0.4,-0.8,-0.4,0.6,Negative,train,59_5,True,True,True,23,True
video_0059,6,你看你那皱纹确实有点多,-0.2,-0.8,0.8,1.0,Negative,train,59_6,True,True,True,11,True
video_0059,7,老公，对不起,-1.0,-1.0,-0.8,-1.0,Negative,train,59_7,True,True,True,6,True
video_0059,8,这十多年的同学聚会你都能迟到，不走心啊,-1.0,-1.0,-0.8,-0.8,Negative,train,59_8,True,True,True,19,True
video_0059,9,这哪是人吃的啊，反正我是不会吃的,-1.0,-1.0,-0.8,-0.6,Negative,train,59_9,True,True,True,16,True
video_0059,10,我今天说的这番话完全是对你好,0.0,0.6,-0.2,-0.2,Neutral,train,59_10,True,True,True,14,True
video_0059,11,不是我说你，为什么找工作非要往大城市跑呢,-0.8,-1.0,-0.6,-0.4,Negative,valid,59_11,True,True,True,20,True
video_0059,12,你们干嘛呀，我就是关心关心嘛，人跟动物之间应该有爱心啊,-1.0,-0.4,-1.0,-0.6,Negative,train,59_12,True,True,True,27,True
video_0059,13,别想再从我这拿走一分钱,-1.0,-0.8,-0.8,-1.0,Negative,train,59_13,True,True,True,11,True
video_0059,14,钱我可以给你，但是你要照顾好我儿子,-0.8,0.0,-0.8,-0.8,Negative,train,59_14,True,True,True,17,True
video_0059,15,这种女的要不得，莫名其妙的,-1.0,-1.0,-1.0,-0.8,Negative,test,59_15,True,True,True,13,True
video_0060,1,加油哦,1.0,1.0,1.0,1.0,Positive,train,60_1,True,True,True,3,True
video_0060,2,学校没一个正经的,0.2,-1.0,-0.6,0.2,Positive,train,60_2,True,True,True,8,True
video_0060,3,这美女谁啊，老张你去调查一下,1.0,0.0,0.4,1.0,Positive,train,60_3,True,True,True,14,True
video_0060,4,这厮谁啊，眼疾手快的呀,-1.0,-0.8,-1.0,-1.0,Negative,train,60_4,True,True,True,11,True
video_0060,5,那边那个是她恩爱的小男友,0.4,0.4,0.2,-0.6,Positive,train,60_5,True,True,True,12,True
video_0060,6,是彼此的初恋，现在天各一方,0.0,0.0,0.0,-0.4,Neutral,train,60_6,True,True,True,13,True
video_0060,7,咱们宿舍美女如云呀,1.0,1.0,0.8,1.0,Positive,train,60_7,True,True,True,9,True
video_0060,8,每次走过走廊都像经过野兽出没的丛林,-1.0,-0.4,-1.0,-1.0,Negative,test,60_8,True,True,True,17,True
video_0060,9,可你每次都活下来了,0.4,0.0,0.6,1.0,Positive,train,60_9,True,True,True,9,True
video_0060,10,大学生活太令我失望了,-1.0,-1.0,-1.0,-1.0,Negative,train,60_10,True,True,True,10,True
video_0060,11,能不能麻烦老师您来给看看,0.8,0.4,0.6,1.0,Positive,train,60_11,True,True,True,12,True
video_0060,12,新生学前教育白给你们讲了,-1.0,-1.0,-1.0,-0.8,Negative,valid,60_12,True,True,True,12,True
video_0060,13,老师，我们错了，下次不敢了,0.8,-1.0,0.8,1.0,Positive,train,60_13,True,True,True,13,True
video_0060,14,怎么样了，宿管科老师派人修了吗,0.2,0.0,0.2,1.0,Positive,train,60_14,True,True,True,15,True
video_0060,15,我跟宿管科老师保证以后不会再用了,0.0,0.2,0.0,1.0,Neutral,train,60_15,True,True,True,16,True
video_0060,16,我跟你什么关系啊,-1.0,-0.8,-1.0,-1.0,Negative,train,60_16,True,True,True,8,True
video_0060,17,你别得谁跟谁撒气啊,-1.0,-1.0,-1.0,-1.0,Negative,train,60_17,True,True,True,9,True
video_0060,18,出国了，去美国了,0.0,0.0,0.2,0.8,Neutral,train,60_18,True,True,True,8,True
video_0060,19,他去美国怎么可能不告诉我,-1.0,-0.8,-1.0,-1.0,Negative,train,60_19,True,True,True,12,True
video_0060,20,天地良心，我能有什么居心啊,-1.0,-0.8,-0.6,-1.0,Negative,train,60_20,True,True,True,13,True
video_0060,21,这回咱俩真拉倒了,-1.0,-1.0,-0.4,-0.8,Negative,train,60_21,True,True,True,8,True
video_0060,22,我其实不是讨厌你，我是嫉妒你,-1.0,-1.0,-0.6,-1.0,Negative,train,60_22,True,True,True,14,True
video_0060,23,说真的，这种时候我也不知道该怎么办,-0.2,-0.6,0.0,1.0,Negative,test,60_23,True,True,True,17,True
video_0060,24,他都没正眼看过我,0.4,-0.8,0.6,1.0,Positive,train,60_24,True,True,True,8,True
video_0060,25,让天上的雷劈死我吧,-1.0,-1.0,-0.2,-1.0,Negative,test,60_25,True,True,True,9,True
video_0060,26,那怎么行啊，既然都来了,0.0,-0.2,-0.2,0.0,Neutral,train,60_26,True,True,True,11,True
video_0060,27,我觉得我特别对不起阮莞,-1.0,-1.0,-1.0,-1.0,Negative,test,60_27,True,True,True,11,True
video_0060,28,一定要注意身体啊，不要乱吃零食,0.2,0.2,0.4,0.2,Positive,train,60_28,True,True,True,15,True
video_0060,29,你们换个创意好不好，第一个用这种方法的是天才,-1.0,-0.4,-1.0,-1.0,Negative,valid,60_29,True,True,True,22,True
video_0060,30,蜜罐里长大的吧，嘴这么甜,1.0,1.0,1.0,1.0,Positive,train,60_30,True,True,True,12,True
video_0060,31,你敢推我,-1.0,-1.0,-1.0,-1.0,Negative,train,60_31,True,True,True,4,True
video_0060,32,是因为你不但差点弄坏了我的东西，而且还挡住了我抢救它,-0.6,-1.0,0.0,-0.2,Negative,train,60_32,True,True,True,26,True
video_0060,33,还有你顺便告诉她，不是什么东西都可以随便乱动的,-0.8,-1.0,-0.2,0.0,Negative,train,60_33,True,True,True,23,True
video_0060,34,我要他先道歉,-1.0,-1.0,-1.0,-1.0,Negative,test,60_34,True,True,True,6,True
video_0060,35,我告诉你，昨天的事还没完呢,-1.0,-1.0,-1.0,-1.0,Negative,train,60_35,True,True,True,13,True
video_0060,36,我跟你没什么好说的，麻烦你把手放开,0.0,-1.0,-0.2,0.0,Neutral,train,60_36,True,True,True,17,True
video_0060,37,但是别来烦我,-1.0,-1.0,-1.0,-0.6,Negative,train,60_37,True,True,True,6,True
video_0060,38,可是我已经投喜欢的人了,0.4,0.2,0.2,-0.8,Positive,valid,60_38,True,True,True,11,True
video_0060,39,看你平常对女生视而不见，没想到不鸣则已一鸣惊人啊,0.2,0.8,0.2,0.4,Positive,valid,60_39,True,True,True,24,True
video_0060,40,连考了三年都没考上,-0.2,-0.6,-0.2,-0.2,Negative,train,60_40,True,True,True,9,True
video_0060,41,你怎么来了,0.0,0.0,-0.2,-0.2,Neutral,train,60_41,True,True,True,5,True
video_0060,42,姐是不是给你丢人了,0.0,-0.8,-0.2,0.6,Neutral,train,60_42,True,True,True,9,True
video_0060,43,怎么能弥补对你的伤害,-0.6,-0.6,-0.6,-0.4,Negative,train,60_43,True,True,True,10,True
